FID,osm_id,code,fclass,name,ref,oneway,maxspeed,layer,bridge,tunnel,level,Type,integration,choice,integration_norm,choice_norm
19623,41130037,5114,secondary,民康路, ,F,0,0,F,F,2,二级道路,30.079736808654296,0.02878926675159275,0.8283714789855482,0.8047612268431672
19674,41258502,5113,primary,解放大路, ,F,0,0,F,F,1,一级道路,25.313248122775164,0.026009573159520474,0.5288042547408257,0.7256236216686868
20077,41916512,5113,primary,人民大街, ,F,70,0,F,F,1,一级道路,31.266058917091716,0.03349421179888209,0.9029301834124732,0.9387105529782218
20189,42195302,5115,tertiary,锦水路, ,B,0,0,F,F,2,二级道路,27.642621987589923,0.01659027048461698,0.6752021817888904,0.457456994155715
40541,59383879,5115,tertiary,同志街, ,F,0,0,F,F,2,二级道路,22.71527633345531,0.007931042238426556,0.36552531947380534,0.2109296114193129
40579,59462292,5115,tertiary,树勋街 Shuxun Jie, ,F,0,0,F,F,2,二级道路,27.148779121743647,0.01316106626477827,0.644164840407403,0.359827884822861
40580,59462297,5114,secondary,民康路, ,F,0,0,F,F,2,二级道路,30.311467983697394,0.04266449944551119,0.842935462969038,1.0
40581,59462298,5115,tertiary,西三道街, ,B,0,0,F,F,2,二级道路,31.041679361744354,0.01711591929726155,0.8888282385632583,0.47242216453065855
40583,59462300,5115,tertiary,西四道街, ,B,0,0,F,F,2,二级道路,31.86004882410423,0.023760629832538252,0.9402616278781386,0.661596424722199
40584,59462639,5114,secondary,长春大街, ,F,0,0,F,F,2,二级道路,32.51373690885434,0.05402020789877894,0.9813450202819795,1.0
40585,59462640,5114,secondary,长春大街, ,F,0,0,F,F,2,二级道路,32.54033334171495,0.035878029675310265,0.9830165693177438,1.0
40586,59462642,5114,secondary,惠工路, ,B,0,1,T,F,2,二级道路,26.295415770118666,0.017913739252751453,0.5905321335312052,0.49513602076932844
40592,59464823,5114,secondary,胜利大街, ,F,0,0,F,F,2,二级道路,31.947662314359206,0.04372888339513802,0.9457680146151576,1.0
40593,59464824,5113,primary,站前广场, ,B,0,0,F,F,1,一级道路,27.52894057532481,0.008935162380611603,0.6680574621923938,0.2395168138313395
40594,59464825,5114,secondary,胜利大街, ,F,0,0,F,F,2,二级道路,30.612300052023176,0.010889399022897166,0.8618423425634729,0.29515374023782237
40595,59464826,5114,secondary,胜利大街, ,F,0,0,F,F,2,二级道路,29.04516332721682,0.01601481105421155,0.7633499659733419,0.4410737203563156
40596,59464827,5114,secondary,南广场, ,F,0,0,F,F,2,二级道路,31.39665284435239,0.04874560009417858,0.9111378311949165,1.0
40597,59464830,5114,secondary,新发路, ,F,0,0,F,F,2,二级道路,30.883616006426244,0.028020234407267752,0.8788941752038443,0.7828669510837207
40598,59464832,5114,secondary,胜利大街, ,F,0,0,F,F,2,二级道路,32.05541780768032,0.0312540046921117,0.9525402983985971,0.8749320753682155
40599,59464833,5114,secondary,上海路, ,F,0,0,F,F,2,二级道路,32.70821468573312,0.037522279318646275,0.9935676796936035,1.0
40600,59464834,5114,secondary,西广场, ,B,0,0,F,F,2,二级道路,26.139280144321457,0.001858354478081632,0.5807192253070969,0.03804078378137055
40601,59464835,5114,secondary,北京大街, ,F,0,0,F,F,2,二级道路,31.894389428710333,0.035758628131928503,0.9424198874018028,1.0
40603,59466017,5115,tertiary,东朝阳路, ,B,0,0,F,F,2,二级道路,25.757337751594587,0.005951824714769051,0.5567146739589438,0.15458148175914713
40609,59466638,5122,residential,北安路北三胡同, ,B,0,0,F,F,3,三级道路,32.30247638826971,0.025938989934663606,0.9680675886305582,0.7236141241483143
40610,59466639,5115,tertiary,西四马路, ,B,0,0,F,F,2,二级道路,33.162392031898094,0.015164341632821238,1.0,0.41686093896382415
40611,59466640,5153,footway, , ,B,0,0,F,F,4,其他道路,32.479062213357295,0.004619165342280299,0.9791657636076997,0.11664079953688028
40612,59466641,5115,tertiary,东五马路, ,B,0,0,F,F,2,二级道路,33.08973584375814,0.036114047301772347,1.0,1.0
40613,59466642,5115,tertiary,清明街, ,B,0,0,F,F,2,二级道路,32.37403987693149,0.03795773204420487,0.9725652549565456,1.0
40614,59466644,5141,service, , ,B,0,0,F,F,3,三级道路,32.3532169574466,0.001426020758530029,0.9712565632545721,0.025732284996084397
40615,59466646,5115,tertiary,东四马路, ,B,0,0,F,F,2,二级道路,33.14560414807839,0.021542468656189296,1.0,0.5984455925988645
40616,59466647,5115,tertiary,北安路, ,B,0,0,F,F,2,二级道路,30.908695719803042,0.022867211765168757,0.8804704005169135,0.6361608995719161
40617,59467250,5153,footway, , ,B,0,0,F,F,4,其他道路,21.476867129195124,0.002887554692251849,0.2876930130847439,0.06734201339415427
40618,59467251,5153,footway, , ,B,0,0,F,F,4,其他道路,22.149830183064353,0.014559727095173905,0.329987810650108,0.3996476221077692
40619,59467252,5122,residential,呼伦路, ,B,0,0,F,F,3,三级道路,31.44378975831602,0.04970851727588439,0.9141003210708245,1.0
40621,59467257,5153,footway, , ,B,0,0,F,F,4,其他道路,20.424986577358315,0.0010400847607275293,0.22158377462493598,0.014744724819013181
54882,89981154,5115,tertiary,惠工路, ,F,0,0,F,F,2,二级道路,25.7183673101747,0.014025875137822255,0.5542654355922751,0.3844489090039186
54883,89981158,5122,residential,百汇街, ,B,0,0,F,F,3,三级道路,27.423623020417487,0.003447171699334863,0.6614383994678152,0.08327425494831925
54884,89981159,5115,tertiary,河东路, ,F,0,0,F,F,2,二级道路,18.7144991352124,0.006546174651395597,0.11408200363214509,0.17150256642631145
54885,89981160,5115,tertiary, , ,F,0,0,F,F,2,二级道路,23.848852850985473,0.022468361881217258,0.4367690364329021,0.6248056823170136
54887,89981163,5115,tertiary,健康胡同, ,B,0,0,F,F,2,二级道路,32.63146329677244,0.014700728791460772,0.9887439610060939,0.4036619266345366
54888,89981165,5115,tertiary,文化胡同, ,B,0,0,F,F,2,二级道路,28.474335632820004,0.017048678556713166,0.7274742345488522,0.4705078272122095
54889,89981167,5115,tertiary,南京大街, ,F,0,0,F,F,2,二级道路,30.952953907348142,0.07958697212848877,0.8832519664172515,1.0
54890,89981168,5115,tertiary,天津路, ,F,0,0,F,F,2,二级道路,30.56886583316781,0.023440603215419145,0.8591125619561493,0.6524852981782061
54891,89981169,5115,tertiary, , ,F,0,1,T,F,2,二级道路,26.29052993493606,0.0011581023014891989,0.5902250655446375,0.018104672682006752
54892,89981170,5122,residential,立信街 Lixin St, ,B,0,0,F,F,3,三级道路,26.410751460714145,0.010017892011966824,0.5977808222337282,0.2703420207251043
54893,89981171,5115,tertiary,东二条, ,F,0,0,F,F,2,二级道路,30.832128103958837,0.008296980098164753,0.8756582317157083,0.221347826558186
54894,89981172,5115,tertiary,东莱北街, ,F,0,0,F,F,2,二级道路,24.253455016484157,0.0035641549574094164,0.462197723172665,0.08660475688419147
54895,89981176,5115,tertiary,东三条, ,F,0,0,F,F,2,二级道路,30.240000498145466,0.005147546451625562,0.8384438303057807,0.13168375813212824
54896,89981177,5115,tertiary, , ,F,0,1,T,F,2,二级道路,23.021097927095234,0.009702454529401376,0.38474578383622354,0.2613615463937999
54897,89981178,5114,secondary,嫩江路, ,F,0,0,F,F,2,二级道路,27.632495579481628,0.006908587909824004,0.6745657510390266,0.1818204365100147
54898,89981179,5115,tertiary, , ,F,0,0,F,F,2,二级道路,23.851998562209445,0.020502972511625167,0.4369667400343881,0.568851238852996
54899,89981180,5115,tertiary,民安街, ,B,0,0,F,F,2,二级道路,31.80980763132339,0.029130025310495022,0.9371040383702295,0.8144625897455902
54900,89981181,5115,tertiary,浙江路, ,F,0,0,F,F,2,二级道路,27.916969516629408,0.00911589852257343,0.6924445447040136,0.2446623541470514
54901,89981182,5121,unclassified, , ,B,0,0,F,F,3,三级道路,25.722265016972166,0.015967684972629348,0.5545104010759226,0.43973204541476485
54902,89981183,5115,tertiary,黑水路, ,B,0,0,F,F,2,二级道路,29.549627171974016,0.017989949379009947,0.7950548211958948,0.4973057156232299
54903,89981185,5115,tertiary,黑水路, ,F,0,0,F,F,2,二级道路,29.554272212834846,0.023026318193728305,0.7953467555922366,0.6406906440588545
54904,89981187,5122,residential,东一条, ,F,0,0,F,F,3,三级道路,30.819936893947943,0.022784985996250572,0.8748920310208516,0.6338199399588229
54905,89981188,5115,tertiary,东中华路, ,B,0,0,F,F,2,二级道路,25.422703302756656,0.0056721461480423166,0.5356833614810559,0.14661906027049498
54907,89981190,5115,tertiary,南京大街, ,F,0,0,F,F,2,二级道路,31.268686719970916,0.07297879435354579,0.9030953371904977,1.0
54908,89981191,5115,tertiary, , ,F,0,1,T,F,2,二级道路,23.024860214450534,0.005771675790217199,0.38498223839514806,0.14945265946576503
79181,104632960,5153,footway, , ,B,0,0,F,F,4,其他道路,22.15548971235467,0.0033869680472282462,0.33034350424171444,0.08156026285075019
79189,104632983,5153,footway, , ,B,0,0,F,F,4,其他道路,20.13956965838324,0.00455403326235348,0.20364571585577437,0.11478649558045079
79191,104632987,5153,footway, , ,B,0,0,F,F,4,其他道路,21.97654843324567,0.010202562442364668,0.31909729223573846,0.2755995698484704
79198,104633007,5153,footway, , ,B,0,0,F,F,4,其他道路,20.742856946596003,0.0036373535817293546,0.24156148787626122,0.08868871457192636
89242,111654602,5115,tertiary,大马路, ,F,0,0,F,F,2,二级道路,32.61378456314361,0.029632537687096533,0.9876328770383423,0.828769068045284
89244,111654608,5115,tertiary,东三条, ,F,0,0,F,F,2,二级道路,31.744936536864888,0.013136676640331177,0.9330269797676941,0.359133514596102
89246,111654616,5122,residential, , ,B,0,0,F,F,3,三级道路,31.964290783825987,0.00891930072399788,0.946813090932313,0.23906523401617932
90007,111952541,5115,tertiary,亚泰大街（Yà Tài Dàjiē）, ,F,0,-1,F,T,2,二级道路,28.871682665086396,0.040687797986932714,0.7524469461951754,1.0
90378,112004946,5122,residential,东六条, ,B,0,0,F,F,3,三级道路,30.759711661617946,0.018769923022086184,0.8711069584301959,0.5195114890898845
90380,112004949,5115,tertiary,珠江路, ,F,0,0,F,F,2,二级道路,31.556032456342365,0.026712284419330153,0.9211546194664346,0.7456297426271561
90381,112004954,5141,service, , ,B,0,0,F,F,3,三级道路,31.03085650759925,0.0031605966363047033,0.8881480371428166,0.07511549088323917
90382,112004959,5115,tertiary,东四条, ,F,0,0,F,F,2,二级道路,31.012053495216225,0.011536131484645485,0.8869662938096773,0.31356615028090296
90383,112004961,5124,pedestrian,长江路, ,B,0,0,F,F,4,其他道路,29.656656949933755,0.004754666161126095,0.8017814947721721,0.12049849461997149
90455,112016501,5114,secondary,临河街, ,F,0,0,F,F,2,二级道路,20.41895167973063,0.009310832961832794,0.221204489652272,0.2502121186005916
91010,112478344,5115,tertiary,滨河东路, ,B,0,0,F,F,2,二级道路,22.332715770535057,0.008486672360135542,0.3414819169836174,0.22674834673613373
91082,112494386,5115,tertiary,和顺街 Heshun St, ,B,0,0,F,F,2,二级道路,21.820073763129145,0.01899243628230031,0.30926307554488924,0.525846419883384
91083,112494387,5115,tertiary,和顺四条 Heshun 4th Tiao, ,B,0,0,F,F,2,二级道路,21.084141807148146,0.007905126886155531,0.2630107695362041,0.210191803870369
91085,112494392,5122,residential,和顺三条 Heshun 3rd Tiao, ,B,0,0,F,F,3,三级道路,17.902820488750923,0.005381154557808505,0.0630691228464371,0.13833455810712894
91088,112494398,5122,residential, , ,B,0,0,F,F,3,三级道路,21.72209034074558,0.0004952223988070712,0.3031049529100028,0.0
91104,112499493,5122,residential, , ,B,0,0,F,F,3,三级道路,22.733812749458103,0.012592854199776325,0.3666903075930162,0.3436509428089115
91111,112517190,5115,tertiary,荣光路, ,B,0,0,F,F,2,二级道路,16.922535193960947,0.0026056271705221026,0.0014595473116973952,0.059315564376140245
91112,112517193,5122,residential, , ,B,0,0,F,F,3,三级道路,27.536586890541077,0.005050250316077693,0.6685380225327179,0.12891374665246377
91113,112517194,5114,secondary, , ,F,0,0,F,F,2,二级道路,24.940592137095575,0.004238841851228813,0.5053833412371517,0.10581302687904053
91114,112517196,5122,residential, , ,B,0,0,F,F,3,三级道路,26.821040837607782,0.0006176055094472894,0.6235669423471035,0.0027167817832843685
91116,112517200,5114,secondary, , ,F,0,0,F,F,2,二级道路,25.743551661885885,0.007410285086428472,0.5558482372799983,0.19610370614538378
91117,112517201,5114,secondary, , ,F,0,0,F,F,2,二级道路,29.50440755539621,0.053452528106421794,0.7922128308100252,1.0
91118,112517202,5114,secondary,四通路, ,F,0,0,F,F,2,二级道路,27.660175373200225,0.017074410616779466,0.676305387806971,0.47124041644998044
91119,112517205,5122,residential, , ,B,0,0,F,F,3,三级道路,26.198471935289074,0.0045093884278062275,0.5844393475368578,0.11351546149973164
91120,112517207,5122,residential,滨河街 Binhe St, ,B,0,0,F,F,3,三级道路,25.59103782079088,0.018017540761669316,0.5462629532173121,0.4980912395936929
91122,112517211,5122,residential,东华路, ,B,0,0,F,F,3,三级道路,26.10916750036361,0.009135995560152366,0.5788266872650271,0.24523451484477524
91123,112517216,5114,secondary, , ,F,0,1,T,F,2,二级道路,25.311182893931125,0.001949791041261993,0.5286744579631533,0.040643973807823905
91125,112517220,5113,primary,吉林大路 (Jílín Dàlù), ,F,0,0,T,F,1,一级道路,28.757600661525295,0.06372770616281123,0.7452770499895427,1.0
91126,112517224,5114,secondary, , ,F,0,0,T,F,2,二级道路,28.78862125357226,0.04024604155630113,0.7472266513137769,1.0
91127,112517225,5115,tertiary,吉林街 JilinSt, ,B,0,0,F,F,2,二级道路,26.282396900220903,0.017317381835305196,0.589713915556697,0.4781577833192248
91128,112517226,5115,tertiary,荣光路, ,F,0,0,F,F,2,二级道路,28.08404858476314,0.014905056212843604,0.7029452331496813,0.4094791083720602
91129,112517229,5113,primary,吉林大路 (Jílín Dàlù), ,F,0,0,T,F,1,一级道路,28.29676030004373,0.03619400788745659,0.7163138703814693,1.0
91130,112517230,5115,tertiary,荣光路, ,F,0,0,F,F,2,二级道路,24.65688603864871,0.019297055236016377,0.48755280517298155,0.5345188917545998
91131,112517231,5114,secondary,四通路, ,F,0,0,F,F,2,二级道路,27.231997026476307,0.032816822649949964,0.649394970671234,0.9194253500441447
91132,112517232,5114,secondary, , ,F,0,0,T,F,2,二级道路,28.76446747133491,0.01469450821119548,0.7457086194927237,0.4034848273217221
91133,112517233,5114,secondary,东大桥广场 (Dōng Dàqiáo Guǎngchǎng), ,B,0,0,F,F,2,二级道路,29.94928623312979,0.03301578632386034,0.8201728406615394,0.9250898264148101
91134,112517234,5115,tertiary,东头道街, ,F,0,0,F,F,2,二级道路,29.273108841425934,0.010499788633286778,0.7776760264070857,0.28406157048472513
91135,112517235,5114,secondary, , ,F,0,0,F,F,2,二级道路,29.49081267113504,0.03426364117958679,0.7913584111291159,0.9606161323246343
91136,112517236,5122,residential, , ,B,0,0,F,F,3,三级道路,26.425199943013148,0.0003274387628970006,0.5986888893712174,0.0
91137,112517237,5115,tertiary, , ,F,0,0,T,F,2,二级道路,27.53786504687141,0.026860027076343516,0.6686183528910303,0.7498359616476618
91138,112517238,5121,unclassified,Binhe Lu, ,B,0,0,F,F,3,三级道路,27.14900198716702,0.004386436248349258,0.6441788471911508,0.11001502495487
91139,112517239,5115,tertiary, , ,F,0,0,T,F,2,二级道路,27.507179415530615,0.0207619636235211,0.6666898033840963,0.5762246905224084
91140,112517241,5122,residential,公园路, ,B,0,0,F,F,3,三级道路,21.850952722546374,0.0036717370338588155,0.31120377545415145,0.08966760809706788
91141,112517242,5134,secondary_link, , ,F,0,0,F,F,2,二级道路,24.981469278099784,0.0026675103498342064,0.5079524130366859,0.06107737244927103
91143,112517244,5122,residential, , ,B,0,0,F,F,3,三级道路,29.04365226441504,0.003413237977514862,0.763254997765292,0.0823081652011792
91144,112517246,5134,secondary_link, , ,F,0,0,F,F,2,二级道路,24.632152750478063,0.008968744481723467,0.4859983522051866,0.24047289297124894
91145,112517247,5114,secondary, , ,F,0,1,T,F,2,二级道路,25.37630177557113,0.014288657366531284,0.5327670896474807,0.39193029339885893
91146,112517248,5121,unclassified,通伊路, ,B,0,0,F,F,3,三级道路,27.471946476371425,0.0055201601035964444,0.6644754618674217,0.14229203242408345
91147,112517249,5115,tertiary,荣光路, ,F,0,0,F,F,2,二级道路,24.136325640307398,0.014480646916442968,0.4548363038111259,0.3973962171401912
91148,112519113,5115,tertiary,东新路 Dongxin Rd, ,F,0,0,F,F,2,二级道路,20.504187765697765,0.0072114309258932245,0.2265614598165576,0.19044234760981613
91149,112519114,5122,residential,西绿安街 Lv‘an West St, ,B,0,0,F,F,3,三级道路,23.410229822874282,0.006593099489321342,0.4092021855117298,0.17283851198061106
91151,112519119,5115,tertiary,阜丰路, ,B,0,0,F,F,2,二级道路,22.03856262884449,0.00789354289381161,0.3229947986946005,0.20986200873932578
91152,112519120,5121,unclassified, , ,B,0,0,F,F,3,三级道路,25.102250033670952,0.015508858673259166,0.5155433165451376,0.42666930546861276
91153,112519121,5115,tertiary,东新路, ,B,0,0,F,F,2,二级道路,25.02427000158915,0.017775030902348575,0.5106423793360628,0.49118700757597034
91154,112519122,5122,residential,和顺五条 Heshun 5th Tiao, ,B,0,0,F,F,3,三级道路,19.266794523945997,0.002211649442261577,0.1487930052665837,0.04809905691807308
91155,112519123,5122,residential,怀德街 Huaide St, ,B,0,0,F,F,3,三级道路,22.827510088453458,0.005020601565718995,0.3725790558124569,0.12806964962446932
91157,112519125,5115,tertiary,和顺街 Heshun St, ,B,0,0,F,F,2,二级道路,22.53043421892869,0.009900523868385424,0.35390824811972704,0.26700056113643
91158,112519128,5122,residential, , ,B,0,0,F,F,3,三级道路,27.73709945519978,0.003993024898463712,0.681139960013226,0.09881464223384086
91159,112519130,5122,residential, , ,B,0,0,F,F,3,三级道路,22.94738819408433,0.006273471069515567,0.380113229020073,0.16373872207525128
91160,112519131,5122,residential, , ,B,0,0,F,F,3,三级道路,25.076940593812736,0.01968597327682618,0.5139526532403078,0.5455913504049409
91161,112519133,5122,residential, , ,B,0,0,F,F,3,三级道路,27.601871237558516,0.0072346812643475185,0.6726410534872614,0.19110428247559288
91162,112519134,5115,tertiary,沿河街, ,B,0,0,F,F,2,二级道路,26.495845113505435,0.029332074815917295,0.6031288406698255,0.8202149194381181
91163,112519135,5122,residential, , ,B,0,0,F,F,3,三级道路,24.777923286147228,0.01753487550768144,0.49515982884446746,0.4843498069370608
91164,112519138,5122,residential, , ,B,0,0,F,F,3,三级道路,22.362524993501555,0.0066735338552396635,0.3433553854358601,0.17512847052519956
91165,112519139,5122,residential, , ,B,0,0,F,F,3,三级道路,25.632701610200357,0.0028346057346637405,0.5488814647815773,0.06583456174122437
91166,112519142,5115,tertiary,四通路, ,B,0,0,F,F,2,二级道路,17.266721619927498,0.004466157470527207,0.023091188346526462,0.11228468036679695
91167,112519143,5115,tertiary,东新路, ,F,0,0,F,F,2,二级道路,23.138804161872606,0.006496409441403261,0.39214345796330513,0.17008575575659207
91252,112648057,5115,tertiary,珠江路, ,F,0,0,F,F,2,二级道路,30.45222575946166,0.009989404909058803,0.8517818945784281,0.2695309956866147
91254,112648062,5122,residential,青岛路, ,F,0,0,F,F,3,三级道路,30.960678716964036,0.018761787038672078,0.8837374600220738,0.5192798584364312
91466,112931165,5124,pedestrian,东一条, ,B,0,0,F,T,4,其他道路,29.905609244780862,0.0075010300782859494,0.8174278023271739,0.19868720720379535
91468,112931167,5153,footway, , ,B,0,0,F,F,4,其他道路,31.050543131213733,0.016005503561127787,0.889385314220262,0.44080873693694606
91470,112931172,5153,footway, , ,B,0,0,F,F,4,其他道路,30.564736859960675,0.04056605254380285,0.8588530616983796,1.0
91472,112931175,5153,footway, , ,B,0,0,F,F,4,其他道路,31.140499266536967,0.022295074956035884,0.8950389329611179,0.6198722204757465
91473,112931178,5115,tertiary,长江路, ,F,0,0,F,F,2,二级道路,30.789101420743467,0.012832260446599133,0.8729540641599413,0.35046681528183515
91474,112931179,5153,footway, , ,B,0,0,F,F,4,其他道路,30.28606652742216,0.03391881021052837,0.8413390165596111,0.9507988283026705
91476,112931184,5153,footway, , ,B,0,0,F,F,4,其他道路,31.254694976743885,0.024900013012551306,0.9022159754722409,0.6940345526149558
91477,112931187,5124,pedestrian, , ,B,0,0,F,F,4,其他道路,30.55495871510319,0.006807049342187504,0.8582385188123559,0.1789296434029913
91478,112931189,5153,footway, , ,B,0,0,F,F,4,其他道路,31.4423719464361,0.021594561186650187,0.9140112135542943,0.5999286618550987
91479,112931192,5153,footway, , ,B,0,0,F,F,4,其他道路,30.784202074641975,0.012556448264890075,0.8726461470308005,0.34261446939714674
91480,112931193,5153,footway, , ,B,0,0,F,F,4,其他道路,31.2009691829889,0.015064012007769733,0.8988393836105617,0.414004564334162
91481,112931194,5153,footway, , ,B,0,0,F,F,4,其他道路,31.37957932026282,0.02497036101069529,0.9100647838100062,0.6960373532537785
91482,112931195,5153,footway, , ,B,0,0,F,F,4,其他道路,30.545213471709353,0.023852021896521275,0.8576260437378362,0.6641983478608487
91483,112931197,5153,footway, , ,B,0,0,F,F,4,其他道路,30.405699797017252,0.015329183589381363,0.8488578021608638,0.42155397337295797
91485,112931200,5153,footway, , ,B,0,0,F,F,4,其他道路,30.31856919997973,0.021869641140345713,0.843381764594963,0.6077601612797321
92028,113548048,5115,tertiary,九台南路, ,B,0,0,F,F,2,二级道路,21.87055219633342,0.021305256342339162,0.312435575285427,0.5916921811834711
92032,113548055,5134,secondary_link,铁北二路, ,F,0,0,F,F,2,二级道路,21.40514573628448,0.0017400965330507973,0.2831854226950179,0.03467399163230541
92036,113548068,5115,tertiary,铁北二路, ,B,0,0,F,F,2,二级道路,25.850444034140516,0.024101916920076752,0.5625662750976728,0.6713128347832932
92037,113548076,5134,secondary_link,铁北二路, ,F,0,0,F,F,2,二级道路,18.937237901905213,0.001957653271444548,0.12808082718280925,0.04086781073350249
92039,113548080,5114,secondary,铁北二路, ,B,0,0,F,F,2,二级道路,18.125773654931358,0.0042131673435752545,0.07708142110849134,0.10508207615284132
92954,114215998,5112,trunk, , ,F,80,1,T,F,1,一级道路,19.32898909293189,0.020900582730001765,0.1527018479434577,0.5801711629500144
92960,114216005,5115,tertiary,亚泰大街（Yà Tài Dàjiē）, ,F,0,-1,F,T,2,二级道路,28.88980366800147,0.10555535935016774,0.7535858261761309,1.0
92962,114216011,5122,residential, , ,B,0,0,T,F,3,三级道路,27.733561773346075,0.029050267820354345,0.68091762159956,0.8121919017883054
92966,114216015,5112,trunk, , ,F,80,1,T,F,1,一级道路,16.841917645320947,0.0029569132968391308,0.0,0.06931664609501582
92972,114216022,5112,trunk,北部快速路, ,F,80,0,F,F,1,一级道路,18.417627582257424,0.003565575110692539,0.09542403695335934,0.08664518850950714
92975,114216026,5115,tertiary,东莱南街, ,F,0,0,F,F,2,二级道路,27.24134301741753,0.006074197742924566,0.6499823532810728,0.15806542992300104
92976,114216027,5115,tertiary,亚泰大街, ,F,0,0,F,F,2,二级道路,23.565301764157212,0.018116748957867333,0.4189482426346578,0.5009156872533854
92979,114216034,5112,trunk,北部快速路, ,F,80,0,F,F,1,一级道路,18.721357431289533,0.020701238055997013,0.11451303805900988,0.5744958395438605
92980,114216035,5122,residential, , ,B,0,0,F,F,3,三级道路,27.29251791738913,0.029130908234740124,0.6531986249950726,0.8144877265126451
93865,114899874,5122,residential,解放大路辅路, ,F,0,0,F,F,3,三级道路,23.615191105712867,0.010606472937141502,0.42208371877949796,0.287098862199484
95425,116530909,5115,tertiary,平阳街 Pingyang St, ,F,0,0,F,F,2,二级道路,27.086518918049023,0.007760608643072231,0.6402518726798252,0.2060773835996407
95439,116535032,5141,service, , ,B,0,0,F,F,3,三级道路,162.29651046846078,4.905134694998724e-06,1.0,0.0
95442,116535035,5115,tertiary,东丰路, ,B,0,0,F,F,2,二级道路,20.277108121303495,0.008487648870837992,0.21228981810361325,0.22677614790049214
95443,116535036,5115,tertiary,裕民路, ,B,0,0,F,F,2,二级道路,19.813266659735017,0.005418884488282334,0.1831380235040933,0.1394087255440055
95444,116535038,5141,service, , ,B,0,0,F,F,3,三级道路,237.97548284962673,1.157611788019699e-05,1.0,0.0
95445,116535039,5141,service, , ,B,0,0,F,F,3,三级道路,294.45674711799757,2.6120908584497556e-05,1.0,0.0
95446,116535041,5141,service, , ,B,0,0,F,F,3,三级道路,167.28002534673226,2.9430808169992347e-06,1.0,0.0
95447,116535042,5141,service, , ,B,0,0,F,F,3,三级道路,210.23679525843957,8.240626287597857e-06,1.0,0.0
95448,116535043,5141,service, , ,B,0,0,F,F,3,三级道路,245.73825656234138,1.2164734043596837e-05,1.0,0.0
95449,116535044,5141,service, , ,B,0,0,F,F,3,三级道路,179.59888344378456,4.708929307198775e-06,1.0,0.0
95450,116535045,5141,service, , ,B,0,0,F,F,3,三级道路,229.6759555770984,1.0595090941197245e-05,1.0,0.0
95451,116535046,5141,service, , ,B,0,0,F,F,3,三级道路,240.83546711998278,1.9816744167794848e-05,1.0,0.0
95452,116535047,5141,service, , ,B,0,0,F,F,3,三级道路,193.90584774808258,6.474777797398316e-06,1.0,0.0
95455,116535050,5115,tertiary,河东路, ,F,0,0,F,F,2,二级道路,18.56475973342273,0.005163439088037357,0.1046710892441414,0.13213621993911487
112741,122948862,5113,primary,解放大路,(Jiĕfàng Dàlù),F,0,0,F,F,1,一级道路,25.583261223244982,0.015937671554583338,0.5457742048126857,0.4388775663333165
112797,122958977,5115,tertiary,重庆路 Chongqing Rd, ,B,0,0,F,F,2,二级道路,28.19769667270066,0.023045500029430805,0.7100878583582594,0.6412367490485107
112940,123148461,5115,tertiary,一匡街 Yikuang St, ,B,0,0,F,F,2,二级道路,18.432260927170276,0.005566092625246569,0.09634372245055677,0.14359972683089967
113121,123398331,5122,residential,燕春胡同, ,B,0,0,F,F,3,三级道路,32.865437645064276,0.003702999751645039,1.0,0.09055765462014632
113122,123398333,5122,residential,通顺胡同, ,B,0,0,F,F,3,三级道路,32.78490312537424,0.01930111640865658,0.9983874421034062,0.534634512943159
113123,123398338,5122,residential,汪清街, ,B,0,0,F,F,3,三级道路,32.71047056108683,0.014935545545799749,0.9937094583408402,0.41034713670453477
113124,123398340,5115,tertiary,东三马路, ,B,0,0,F,F,2,二级道路,33.206927595341355,0.01345823768320678,1.0,0.3682883260915706
113125,123406628,5122,residential,友爱胡同, ,B,0,0,F,F,3,三级道路,33.03258614366643,0.008756430565964611,1.0,0.23442833651859105
113126,123406630,5141,service,北安路南胡同, ,B,0,0,F,F,3,三级道路,32.50564999060962,0.015711931249632115,0.9808367686504499,0.4324507618912202
113127,123406631,5122,residential,北安路南二胡同, ,B,0,0,F,F,3,三级道路,32.56737271088021,0.009555398591245315,0.9847159562878969,0.25717487819211465
113128,123406632,5122,residential,重庆胡同, ,B,0,0,F,F,3,三级道路,29.382836365139383,0.0021113322194904393,0.7845722495743547,0.04524303538012211
113129,123406634,5141,service,清明街东二胡同, ,B,0,0,F,F,3,三级道路,32.61521289219887,0.0034519815342700737,0.9877226455448027,0.08341119047932263
113130,123406636,5115,tertiary,近埠街 Jinbu St, ,B,0,0,F,F,2,二级道路,32.31466322667036,0.00580705162163753,0.9688335145757551,0.15045980593242794
113131,123413711,5114,secondary,远达大街 Yuanda St, ,B,0,0,F,F,2,二级道路,20.403014085888035,0.005272234975572429,0.22020283391296228,0.13523362823509152
113136,123413719,5122,residential, , ,B,0,0,F,F,3,三级道路,27.61542010681692,0.012620519159456117,0.6734925811888626,0.3444385615099624
113137,123413721,5115,tertiary,文化胡同, ,B,0,0,F,F,2,二级道路,28.575220518691292,0.00918976985108011,0.7338147101526736,0.2467654636573042
113138,123413724,5115,tertiary,文化街, ,F,0,0,F,F,2,二级道路,29.539708876033757,0.023107893342751193,0.7944314700080773,0.6430130805870511
113139,123413727,5115,tertiary,重庆路, ,F,0,0,F,F,2,二级道路,32.332074024109176,0.02175688788737641,0.9699277591243857,0.6045500871762152
113515,123861052,5115,tertiary,崇智路, ,F,0,0,F,F,2,二级道路,22.85608373080018,0.0074023754747071235,0.37437486973093476,0.19587852027192182
113516,123861053,5115,tertiary,建和街 Jianhe St, ,F,0,0,F,F,2,二级道路,26.35185246702548,0.0103351704353591,0.5940791019081577,0.2793749064620107
113517,123861054,5115,tertiary,吴淞路, ,F,0,0,F,F,2,二级道路,31.17296484393895,0.04648392004978236,0.8970793496172251,1.0
113518,123861056,5122,residential, , ,B,0,0,F,F,3,三级道路,29.042002410669845,0.001974807228206486,0.7631513067383265,0.04135618220771031
113520,123861058,5122,residential, , ,B,0,0,F,F,3,三级道路,30.321474272320458,0.0038398375419389018,0.8435643443753199,0.09445341314983051
113521,123861059,5122,residential, , ,B,0,0,F,F,3,三级道路,29.11843456590111,0.005258304393038632,0.7679549620272825,0.13483702591044885
113522,123861060,5115,tertiary,建政路, ,B,0,0,F,F,2,二级道路,29.36234215903169,0.010697485124083408,0.7832842170536924,0.28968997027586196
113523,123861061,5122,residential,新伦胡同, ,B,0,0,F,F,3,三级道路,31.71274517510448,0.006107245864971452,0.9310037971855573,0.1590063067310649
113524,123861062,5115,tertiary,崇智路, ,F,0,0,F,F,2,二级道路,29.14491937836677,0.014566091784880412,0.7696194958755394,0.39982882420230514
113525,123861063,5122,residential,新发路北胡同, ,B,0,0,F,F,3,三级道路,32.41404493866657,0.01838856514999902,0.9750795177796632,0.5086542677049495
113526,123861064,5122,residential,厦门路, ,F,0,0,F,F,3,三级道路,31.213113327694856,0.0044816329117936034,0.899602626316071,0.11272526466872644
113529,123861067,5115,tertiary,吴淞路, ,F,0,0,F,F,2,二级道路,31.336517336578698,0.014603335307855111,0.9073583976685808,0.40088914366517125
113530,123861068,5115,tertiary,咸阳路, ,B,0,0,F,F,2,二级道路,30.329728350880966,0.04473064880068965,0.8440831018015978,1.0
113537,123861075,5115,tertiary,西安胡同, ,F,0,0,F,F,2,二级道路,24.873324699645252,0.0032090617458355405,0.5011556757905208,0.07649528781975333
113538,123861076,5122,residential,柳条路, ,B,0,0,F,F,3,三级道路,23.41121647164295,0.005132069342312798,0.4092641950228002,0.13124312634108157
113539,123861077,5113,primary,人民大街, ,F,0,0,F,F,1,一级道路,28.59894810180352,0.016420497544053194,0.7353059559479324,0.45262357511342727
113540,123861078,5113,primary,人民广场, ,B,0,0,F,F,1,一级道路,30.901504975054046,0.04713718619882966,0.8800184721506319,1.0
113544,123861084,5115,tertiary,杭州路, ,F,0,0,F,F,2,二级道路,25.868905521200503,0.003064954630292943,0.5637265540364174,0.0723925723099689
113545,123862118,5115,tertiary,珠江路, ,B,0,0,F,F,2,二级道路,31.499786889213485,0.04465006769085879,0.9176196633317888,1.0
113547,123862120,5115,tertiary,东七条, ,B,0,0,F,F,2,二级道路,29.33961577829819,0.021504633717241876,0.7818558954437759,0.5973684355809972
113548,123862121,5115,tertiary,东八条, ,B,0,0,F,F,2,二级道路,27.541524302093777,0.005115708354274485,0.6688483320228418,0.1307773306090149
113719,123951742,5114,secondary,惠工路, ,F,0,0,F,F,2,二级道路,17.135519091338328,0.0020394725703883547,0.014845290811977404,0.0431971981861104
113741,124095549,5122,residential,田家大院胡同, ,B,0,0,F,F,3,三级道路,32.79094761675486,0.010829948790393784,0.9987673300301788,0.2934611979227983
113743,124095551,5141,service, , ,B,0,0,F,F,3,三级道路,26.63142397542665,0.005038979221813639,0.6116497847040199,0.128592859699205
113746,124095564,5115,tertiary,园东路, ,B,0,0,F,F,2,二级道路,27.794740708456526,0.005251458024070481,0.6847626330914746,0.13464211045436206
113749,124095575,5114,secondary,北京大街, ,F,0,0,F,F,2,二级道路,31.79612345475819,0.029703413835944603,0.9362440067914584,0.8307869050830868
113750,124095579,5114,secondary,大经路, ,F,0,0,F,F,2,二级道路,31.29731049773471,0.024686080369532834,0.9048943020506265,0.687943911155259
113751,124095580,5114,secondary,大经路, ,F,0,0,F,F,2,二级道路,31.256124020605963,0.031981094719042806,0.9023057889033217,0.8956322574464421
113765,124114655,5114,secondary, , ,B,0,1,T,F,2,二级道路,19.61433651516559,0.0020118900465006767,0.170635538938503,0.04241192642401253
113774,124123995,5122,residential,龙春胡同, ,B,0,0,F,F,3,三级道路,32.01877071961157,0.01249543822473365,0.950237079578015,0.3408775195105303
113775,124123996,5122,residential,南街胡同, ,B,0,0,F,F,3,三级道路,31.992120073556965,0.015489630545254771,0.9485621233179576,0.42612188254164124
113776,124123997,5141,service, , ,B,0,0,F,F,3,三级道路,30.793725058510564,0.009228230700526073,0.8732446534014316,0.24786044028595508
113777,124123999,5122,residential,塘东胡同, ,B,0,0,F,F,3,三级道路,30.82460814761482,0.005797162870092412,0.8751856128558143,0.15017827414141396
113778,124124000,5122,residential,自强南街, ,B,0,0,F,F,3,三级道路,31.10817325169766,0.005683875716551591,0.89300728761913,0.14695299994075267
113779,124124001,5122,residential,三义胡同, ,B,0,0,F,F,3,三级道路,29.92078289384826,0.005136460847214864,0.8183814451935149,0.13136815205688443
125151,130923336,5115,tertiary,西一条 W.1st Tiao, ,F,0,0,F,F,2,二级道路,27.248178016638608,0.007353569614794712,0.6504119235327424,0.19448902220531294
125365,131164873,5122,residential,龙江路, ,B,0,0,F,F,3,三级道路,28.01878910727973,0.006496164184668511,0.6988437652109695,0.17007877332129903
125492,131278009,5122,residential, , ,B,0,-1,F,T,3,三级道路,28.223297212022587,8.564365177467773e-05,0.7116968168619391,0.0
125498,131278018,5122,residential, , ,B,0,0,F,F,3,三级道路,29.80289993516169,0.023577484230894237,0.8109726642130609,0.6563822873245797
126082,131708018,5115,tertiary,岳阳街, ,B,0,0,F,F,2,二级道路,26.84487291281374,0.00432478368355995,0.6250647553259931,0.10825978245468747
188950,160083493,5115,tertiary,光明路, ,B,0,0,F,F,2,二级道路,28.774975246825047,0.011649891106009771,0.7463690186552965,0.3168048755943695
188951,160083494,5115,tertiary,建和胡同 Jianhe Hutong, ,F,0,0,F,F,2,二级道路,27.712375604954527,0.004271785765540036,0.6795861002059943,0.10675093690304423
188952,160083497,5141,service, , ,B,0,0,F,F,3,三级道路,28.279992594414722,0.003661085443640396,0.7152600432640117,0.08936435836350382
188953,160083498,5122,residential,光明小胡同, ,B,0,0,F,F,3,三级道路,27.85603555019678,0.0032035434693036668,0.6886149291548314,0.07633818302566073
188954,160083499,5141,service,文化东胡同, ,B,0,0,F,F,3,三级道路,30.297570266691995,0.005405228269875983,0.8420620106688196,0.13901993433928403
188955,160083501,5122,residential,光明胡同, ,B,0,0,F,F,3,三级道路,28.13580413493417,0.0016019188886926834,0.7061979979259674,0.03074008758822692
189174,160097233,5115,tertiary,崇智路 Chongzhi Rd, ,F,0,-1,F,T,2,二级道路,28.149709958771254,0.02101317870248918,0.7070719597293496,0.5833767592935677
189175,160097241,5141,service, , ,B,0,-1,F,F,3,三级道路,29.41345839079777,0.015548001648125257,0.7864968015520841,0.4277837021413763
189176,160097243,5115,tertiary,重庆路 Chongqing Rd, ,F,0,0,F,F,2,二级道路,29.937664554019715,0.025812922857583468,0.8194424341964235,0.7200250067722401
189905,160342427,5115,tertiary,重庆胡同, ,F,0,0,F,F,2,二级道路,28.76024491520842,0.0031988345399964683,0.7454432376778508,0.07620412026803507
204731,165831640,5122,residential,东朝阳胡同 East Chaoyang Alley, ,B,0,0,F,F,3,三级道路,25.66502362863565,0.0035334108246184346,0.5509128589550981,0.08572947442529619
366877,219800139,5113,primary,人民大街, ,F,0,0,F,F,1,一级道路,21.983120351295504,0.008894751123036568,0.31951032819950453,0.23836630927367955
392214,227339331,5153,footway, , ,B,0,0,F,F,4,其他道路,0.0,0.0,0.0,0.0
392215,227339332,5153,footway, , ,B,0,0,F,F,4,其他道路,0.0,0.0,0.0,0.0
392262,227349456,5153,footway, , ,B,0,0,F,F,4,其他道路,0.0,0.0,0.0,0.0
392263,227349457,5153,footway, , ,B,0,0,F,F,4,其他道路,0.0,0.0,0.0,0.0
392264,227349458,5153,footway, , ,B,0,0,F,F,4,其他道路,0.0,0.0,0.0,0.0
392265,227349459,5153,footway, , ,B,0,0,F,F,4,其他道路,0.0,0.0,0.0,0.0
392337,227381464,5122,residential, , ,B,0,0,F,F,3,三级道路,30.136792799198343,0.022090568407008456,0.8319573691114283,0.6140499389916702
392424,227431911,5115,tertiary,光复路, ,B,0,0,F,F,2,二级道路,30.376523788287173,0.02301652703383235,0.8470241303479625,0.6404118906925639
392425,227431914,5115,tertiary,向阳街, ,B,0,0,F,F,2,二级道路,30.329055484271326,0.010323107456310014,0.8440408130654189,0.2790314746262367
392426,227431915,5115,tertiary,东四马路, ,B,0,0,F,F,2,二级道路,31.895218904049297,0.02480258817873694,0.9424720187801084,0.6912608771082094
424359,234793968,5124,pedestrian,长春站北广场, ,B,0,0,F,F,4,其他道路,370.29323853812815,1.9089668683907406e-05,1.0,0.0
425207,235062619,5115,tertiary,东莱南街, ,F,0,0,F,F,2,二级道路,27.37841887069704,0.028822188506393377,0.6585973811525478,0.8056985059880678
425208,235062620,5115,tertiary,东莱北街, ,F,0,0,F,F,2,二级道路,24.30798468314444,0.009589293071987757,0.46562483733508914,0.2581398507496079
425209,235062623,5115,tertiary, , ,F,0,1,T,F,2,二级道路,26.354619130492964,0.02425756307789951,0.5942529828821813,0.6757440657001942
425210,235062628,5115,tertiary,荣光路 Rongguang Rd, ,F,0,0,F,F,2,二级道路,28.196149693509938,0.04010604901210587,0.7099906328548188,1.0
425211,235062629,5115,tertiary,东天街, ,F,0,0,F,F,2,二级道路,28.91051286873732,0.023197373457860097,0.7548873708119432,0.6455605707279254
428403,236138940,5122,residential,东大桥路, ,B,0,0,F,F,3,三级道路,28.762587231623762,0.04439413738301253,0.7455904490263064,1.0
428874,236455671,5112,trunk,北部快速路, ,F,80,2,T,F,1,一级道路,14.725357138822499,0.0012202748837483075,0.0,0.01987472002878328
428875,236455672,5112,trunk, , ,F,0,-1,F,T,1,一级道路,19.939065069054596,0.004220083583495203,0.19104427961373452,0.10527898082810404
428876,236455673,5112,trunk, , ,F,0,-1,F,T,1,一级道路,21.58752640628009,0.001246100417917476,0.2946477956632652,0.02060997046513661
428877,236455676,5112,trunk,北部快速路, ,F,80,0,F,F,1,一级道路,20.527929786477564,0.008365252382557697,0.22805361299926324,0.22329153182917622
428878,236455678,5114,secondary,铁北二路, ,F,0,0,F,F,2,二级道路,20.328221760711866,0.0070674226049131685,0.2155022396759068,0.18634244477158157
428879,236455681,5115,tertiary,北七条 N.7th Tiao, ,B,0,0,F,F,2,二级道路,25.1312505084082,0.008832185531814703,0.517365956289265,0.23658507300010426
428881,236455684,5115,tertiary,北十条, ,B,0,0,F,F,2,二级道路,23.532818389577415,0.0452155405737707,0.41690670745052955,1.0
443084,239875278,5114,secondary,铁北二路, ,F,0,0,F,F,2,二级道路,19.932257619588878,0.006838404088458622,0.19061644082610185,0.17982230996804963
443087,239875282,5141,service, , ,F,0,0,F,F,3,三级道路,21.503688629914254,0.003630192085074656,0.2893787073242605,0.08848482746137062
443089,239875284,5141,service, , ,F,0,0,F,F,3,三级道路,19.860199495040284,0.0011032336288422707,0.1860876873184616,0.016542566928781158
443090,239875285,5141,service, , ,F,0,0,F,F,3,三级道路,19.813297719767586,0.0024786626640767554,0.18313997558419984,0.05570089727365789
443091,239875286,5141,service, , ,B,0,0,F,F,3,三级道路,19.44372750111059,0.0008047560186002709,0.15991299827182803,0.008044938506669923
443092,239875287,5141,service, , ,B,0,0,F,F,3,三级道路,18.53245066867213,0.0003907234092648184,0.1026405091917952,0.0
443093,239875289,5122,residential, , ,F,0,0,F,F,3,三级道路,23.29484557619742,0.0007065601271410912,0.40195044512662065,0.005249311064056946
443164,239887960,5113,primary,北人民大街, ,F,70,0,F,F,1,一级道路,17.156165867596965,0.004022104800843985,0.016142912155698474,0.09964254421542829
443538,239904237,5115,tertiary,北亚泰大街, ,F,0,0,F,F,2,二级道路,27.66733964942815,0.08591097485664045,0.6767556526632961,1.0
443539,239904238,5115,tertiary,北亚泰大街（Yàtài Dàjiē), ,F,0,1,T,F,2,二级道路,25.910678309042375,0.017238683854258637,0.5663519160014684,0.47591725948240565
443540,239904239,5115,tertiary,西河堤路, ,B,0,0,F,F,2,二级道路,15.63126303853177,0.0020234661643808737,0.0,0.04274149736984233
443543,239904243,5141,service, , ,B,0,0,F,F,3,三级道路,17.319110393524493,0.0005709576784978515,0.02638375033970413,0.0013887225905549936
443545,239904245,5122,residential,天光路 Tianguang Rd, ,B,0,0,F,F,3,三级道路,19.453099004010358,0.007475517472024163,0.1605019842729911,0.19796086579441285
443546,239904247,5122,residential,二酉街 Eryou St, ,B,0,0,F,F,3,三级道路,17.868371136915677,0.0015614515274589439,0.060904028709764246,0.02958798576488125
443549,239904253,5122,residential,四达街 Sida St, ,B,0,0,F,F,3,三级道路,17.182558250029953,0.0008709557164439736,0.017801636904186388,0.00992963744095758
443644,239911222,5141,service, , ,B,0,0,F,F,3,三级道路,258.701706715924,1.977750309023485e-05,1.0,0.0
443645,239911226,5115,tertiary,远达大街 Yuanda St, ,F,0,0,F,F,2,二级道路,19.2285874690292,0.02013062751010835,0.14639174468625374,0.5582506130132388
443646,239911227,5115,tertiary,东荣大路 Donrong Rd, ,F,0,0,F,F,2,二级道路,16.945256489751866,0.006145070064025295,0.0028875493400025683,0.16008315798521067
443647,239911229,5115,tertiary,东荣大路 Donrong Rd, ,F,0,0,F,F,2,二级道路,19.0308268501448,0.006284119671017075,0.13396276319309994,0.16404188672033668
443705,239914149,5122,residential, , ,B,0,0,F,F,3,三级道路,17.035031688818123,0.002360350815233386,0.008529796487251492,0.052332570488312725
443736,239916313,5122,residential, , ,B,0,0,F,F,3,三级道路,16.743971381364993,0.010502037372186086,0.0,0.2841255918616357
443740,239916317,5115,tertiary,乾安路, ,B,0,0,F,F,2,二级道路,15.348889919955653,0.0010357121835137021,0.0,0.014620237972646487
625804,297155722,5122,residential,丰顺街, ,B,0,0,F,F,3,三级道路,27.30661957044281,0.01348532243552551,0.6540848943939842,0.36905942634569977
625897,297182967,5122,residential,珲春街 Hunchun Jie, ,B,0,0,F,F,3,三级道路,27.23852042423767,0.007746188710341985,0.649804957201949,0.2056668495226822
625899,297182969,5122,residential, , ,F,0,0,F,F,3,三级道路,30.92478017992673,0.005404084996173995,0.8814812865989476,0.1389873854486105
625901,297182971,5122,residential, , ,F,0,0,F,F,3,三级道路,31.429590531504545,0.011466635273804619,0.9132079192961311,0.3115875999434369
625902,297182972,5122,residential, , ,F,0,0,F,F,3,三级道路,30.306518985711424,0.011278642482951153,0.8426244252876013,0.3062354635422736
625905,297182975,5122,residential, , ,F,0,0,F,F,3,三级道路,30.663563595182595,0.007151244923185591,0.8650641853792781,0.18872885798891292
625906,297182976,5122,residential, , ,F,0,0,F,F,3,三级道路,24.173204922214115,0.004762166369088495,0.4571541156934164,0.12071202480838782
625907,297182977,5122,residential, , ,F,0,0,F,F,3,三级道路,31.2916354135536,0.007220386300379237,0.9045376308556382,0.1906973062470864
625909,297182979,5122,residential, , ,F,0,0,F,F,3,三级道路,27.429390538067423,0.008270337389178994,0.66180087997853,0.2205893112345881
625910,297182980,5122,residential, , ,F,0,0,F,F,3,三级道路,31.388510515306304,0.010203881923597622,0.9106260970711266,0.2756371353503468
625911,297182981,5122,residential, , ,F,0,0,F,F,3,三级道路,30.879998499145806,0.008131437989287185,0.8786668198724666,0.216634858880933
625912,297182982,5141,service, , ,F,0,0,F,F,3,三级道路,29.55023483185957,0.01034747974179371,0.795093011779613,0.2797253512144007
625913,297182983,5141,service, , ,F,0,0,F,F,3,三级道路,29.600185572896443,0.029833323588684468,0.7982323467969631,0.8344854230600187
625916,297182988,5141,service, , ,F,0,0,F,F,3,三级道路,29.506834990557024,0.00706939784566484,0.7923653917539574,0.18639867968293158
625917,297182989,5141,service, , ,F,0,0,F,F,3,三级道路,29.27294692902562,0.016199329384421018,0.7776658504365696,0.4463269392021687
625918,297182990,5122,residential, , ,F,0,0,F,F,3,三级道路,21.074164856266716,0.008205571191727727,0.26238373196642445,0.21874542391651516
625919,297182991,5115,tertiary, , ,F,0,0,F,F,2,二级道路,29.830550717819147,0.03156022524378519,0.8127104776759204,0.8836501445769089
625921,297182996,5122,residential, , ,F,70,0,F,F,3,三级道路,31.372187159258175,0.039440529091848774,0.9096001967105146,1.0
625925,297183000,5122,residential, , ,F,0,0,F,F,3,三级道路,30.176260306218193,0.005315890674357918,0.8344378473638623,0.13647650171724623
625927,297183002,5122,residential, , ,F,70,0,F,F,3,三级道路,31.162871879754736,0.02515620834242226,0.8964450207717537,0.7013284086430795
625930,297183005,5122,residential, , ,F,0,0,F,F,3,三级道路,31.01027971574259,0.004847371828830419,0.8868548142220065,0.12313781592831469
625932,297183007,5122,residential, , ,F,0,0,F,F,3,三级道路,31.512440961795857,0.027429807522514563,0.9184149542993563,0.7660575553203687
625933,297183008,5122,residential, , ,F,0,0,F,F,3,三级道路,28.647556249856837,0.02148944126476301,0.7383609108523985,0.5969359079422195
625937,297183012,5122,residential, , ,F,0,0,F,F,3,三级道路,24.706230999737738,0.005915291337674619,0.4906540677580992,0.15354138008015805
625994,297190434,5115,tertiary,同志街 Tongzhi St, ,F,0,0,F,F,2,二级道路,22.875200453094966,0.010128406611040721,0.3755763292983249,0.2734883605707871
626117,297198903,5152,cycleway, , ,B,0,0,F,F,4,其他道路,30.782623222588125,0.019127652716262152,0.8725469183619763,0.5296960185565946
626118,297198904,5152,cycleway, , ,B,0,0,F,F,4,其他道路,22.033163958402742,0.013051141554524099,0.32265549972098984,0.35669833905428283
626119,297198905,5152,cycleway, , ,B,0,0,F,F,4,其他道路,22.148751733974866,0.01099415009605299,0.32992003161578787,0.29813599306333205
626504,297307599,5113,primary,人民大街, ,F,0,0,F,F,1,一级道路,28.744067491865728,0.009469883227608814,0.7444265089860238,0.2547402641385663
626505,297307600,5113,primary,人民大街, ,F,70,0,F,F,1,一级道路,31.140840754936765,0.02756832852630133,0.8950603950349381,0.7700012347738574
626506,297307601,5122,residential,东一条, ,B,0,0,F,F,3,三级道路,29.206354960875995,0.009008966586222456,0.7734806373016523,0.24161801235930158
626600,297323059,5112,trunk,北亚泰大街, ,F,80,1,T,F,1,一级道路,22.083572583526816,0.005132262051915946,0.32582361212019645,0.13124861276466823
626601,297323060,5112,trunk,亚泰大街, ,F,80,1,T,F,1,一级道路,28.116808425970184,0.0034968004507118047,0.7050041438791174,0.08468718065458132
626602,297323061,5132,trunk_link, , ,F,0,1,T,F,1,一级道路,31.557677090941237,0.014063364529989991,0.9212579824772691,0.38551622833870536
626603,297323062,5132,trunk_link, , ,F,0,1,T,F,1,一级道路,31.54178104043927,0.015043616457707928,0.9202589376794841,0.41342390501519577
626604,297323063,5132,trunk_link, , ,F,0,1,T,F,1,一级道路,28.632820152373228,0.0027680165597347302,0.7374347674981843,0.0639387744323441
626605,297323066,5122,residential, , ,F,0,0,F,F,3,三级道路,29.950272125033838,0.014995143916651951,0.8202348026047148,0.4120438965038865
626606,297323067,5115,tertiary,北亚泰大街, ,F,0,0,F,F,2,二级道路,27.62158636242995,0.04590038652461396,0.6738801218293033,1.0
626607,297323068,5115,tertiary,北亚泰大街, ,F,0,1,T,F,2,二级道路,25.673094619415377,0.019744902810415788,0.5514201095674723,0.5472690684727277
626608,297323069,5122,residential, , ,B,0,0,F,F,3,三级道路,23.91632755819829,0.010865560068279476,0.4410097284975557,0.2944750475273425
626609,297323070,5115,tertiary,东天光路 Tianguang East Rd, ,B,0,0,F,F,2,二级道路,21.418738905550796,0.009484267904217386,0.2840397345908716,0.2551497944771829
626610,297323071,5115,tertiary,亚泰大街（Yàtài Dàjiē), ,F,0,0,F,F,2,二级道路,24.42066635226642,0.01449486922910903,0.47270672445718304,0.39780112499321674
626611,297323073,5115,tertiary,北亚泰大街, ,F,70,0,F,F,2,二级道路,18.249513437024873,0.004343938234543921,0.08485829534302325,0.1088051106510711
626612,297323074,5115,tertiary,北亚泰大街, ,F,70,0,F,F,2,二级道路,17.730937745330948,0.004712537243305233,0.052266530050102226,0.1192990884428144
626613,297323075,5122,residential, , ,F,0,0,F,T,3,三级道路,28.185370513156194,8.564365177467773e-05,0.7093131762717851,0.0
626617,297323080,5112,trunk,亚泰大街, ,F,80,0,F,F,1,一级道路,29.26575713713992,0.0035612749426099243,0.7772139819564289,0.0865227631440365
626618,297323081,5112,trunk,亚泰大街, ,F,0,0,F,F,1,一级道路,28.998282905547274,0.002737948084054388,0.760403596283517,0.0630827278654218
626619,297323082,5112,trunk,北亚泰大街, ,F,80,1,T,F,1,一级道路,23.395974595832573,0.003777140972282586,0.4083062641999864,0.09266844793301433
626620,297323083,5112,trunk,长泰大桥, ,F,80,1,T,F,1,一级道路,24.333759178682556,0.010282369082283091,0.46724472874646195,0.27787165709512907
626621,297323084,5112,trunk,长泰大桥, ,F,80,1,T,F,1,一级道路,26.058372329413533,0.0045747372898445075,0.5756342809950551,0.11537593722170916
626622,297323085,5112,trunk,亚泰大街, ,F,80,1,T,F,1,一级道路,27.440561180339053,0.005956832977309142,0.6625029394019074,0.15472406650468826
626623,297323086,5112,trunk,亚泰大街, ,F,80,1,T,F,1,一级道路,24.620147006921805,0.0007707928659720995,0.4852438078205965,0.0070780108672947135
626624,297323087,5112,trunk,亚泰大街, ,F,80,1,T,F,1,一级道路,24.50090652176181,0.0007707928659720995,0.4777497081780657,0.0070780108672947135
626633,297323096,5132,trunk_link, , ,F,0,0,F,F,1,一级道路,29.897305956530865,0.007963682382718228,0.816905952139944,0.2118588731405182
626634,297323097,5132,trunk_link, , ,F,0,0,F,F,1,一级道路,29.61340150447629,0.00541865324621814,0.7990629498257528,0.13940214210501495
626635,297323098,5132,trunk_link, , ,F,0,0,F,F,1,一级道路,29.96431002460875,0.007819912884807816,0.821117065185625,0.2077657695717592
626636,297323099,5132,trunk_link, , ,F,0,0,F,F,1,一级道路,29.737806389477985,0.004280269586202837,0.8068816248585601,0.10699247044900723
626673,297323150,5122,residential, , ,F,0,0,F,F,3,三级道路,29.593625724774594,0.005812437459532639,0.7978200694114841,0.15061314021146227
626674,297323151,5122,residential, , ,F,0,0,F,F,3,三级道路,28.963491486076425,0.011792689387250574,0.7582170036688544,0.3208703287193682
626675,297323152,5122,residential, , ,F,0,0,F,F,3,三级道路,29.37376775345434,0.0162588176768324,0.7840022998672905,0.4480205650790577
626676,297323153,5122,residential, , ,F,0,0,F,F,3,三级道路,33.01067521432857,0.008946965683677673,1.0,0.23985285271723017
626677,297323154,5122,residential, , ,F,0,0,F,F,3,三级道路,32.977709136426945,0.01496536974905331,1.0,0.41119622885931584
626678,297323155,5122,residential, , ,F,0,0,F,F,3,三级道路,33.230069994451846,0.007857357764382003,1.0,0.20883182163735356
626679,297323156,5122,residential, , ,F,0,0,F,F,3,三级道路,33.032055850166955,0.009875549725452603,1.0,0.266289549725451
626722,297349735,5115,tertiary,汉口大街, ,F,0,0,F,F,2,二级道路,26.661682948000237,0.006522830868584003,0.61355151929729,0.17083797120880562
626754,297361574,5122,residential,红光胡同, ,F,0,0,F,F,3,三级道路,30.2217076332947,0.01146471246100418,0.8372941490397655,0.31153285765073974
626935,297390723,5114,secondary,北京大街, ,B,0,0,F,F,2,二级道路,28.783823044088667,0.018404261581023013,0.7469250904812498,0.5091011435637016
626936,297390724,5115,tertiary,松江路, ,F,0,0,F,F,2,二级道路,27.36768465095307,0.0073993448314940225,0.6579227502816806,0.19579223815553776
626937,297390725,5122,residential,丹东路, ,B,0,0,F,F,3,三级道路,26.122371246419057,0.002310082994879039,0.5796565244504546,0.05090145055065861
626938,297390728,5115,tertiary,汉口大街, ,B,0,0,F,F,2,二级道路,26.96071234726446,0.009137481115231424,0.632345103633393,0.24527680845283575
626939,297390729,5114,secondary,辽宁路, ,F,0,0,F,F,2,二级道路,26.309956680006017,0.0038457825651892403,0.5914460096148412,0.09462266738133293
626941,297390731,5134,secondary_link, , ,F,0,0,F,F,2,二级道路,23.398604906162408,0.0009298453621250725,0.40847157556781677,0.011606219903883472
626942,297390732,5114,secondary,辽宁路, ,F,0,0,F,F,2,二级道路,22.899548583024746,0.0008136146918594384,0.37710657560316196,0.008297144069453224
626943,297390733,5114,secondary,长白路, ,F,0,0,F,F,2,二级道路,28.75420470277398,0.014082197786448874,0.7450636186769299,0.3860524093113289
626944,297390736,5114,secondary,胜利大街, ,F,0,0,F,F,2,二级道路,28.56081191097369,0.013928928802670635,0.7329091490774988,0.38168885630738303
626945,297390737,5115,tertiary,黄河路, ,F,0,0,F,F,2,二级道路,29.96766302805682,0.012514139747976478,0.8213277968168143,0.3414099500513544
626946,297390739,5122,residential,东一条, ,F,0,0,F,F,3,三级道路,28.680123109100958,0.007929483783624697,0.7404076929322622,0.21088524236326173
626947,297390740,5122,residential,贵阳街, ,F,0,0,F,F,3,三级道路,31.70128471776667,0.017959376035368943,0.9302835232859392,0.4964352955147597
626948,297390741,5122,residential,南京大街, ,F,0,0,F,F,3,三级道路,31.401007429311722,0.07427231627941037,0.9114115108394041,1.0
626949,297390742,5114,secondary,胜利大街, ,F,0,0,F,F,2,二级道路,29.77567891601896,0.009944670080640414,0.8092618607929546,0.26825739948917077
626950,297390743,5122,residential,广州路, ,F,0,0,F,F,3,三级道路,31.97649059641912,0.008478371604211343,0.9475798322875705,0.22651202502540543
626951,297390744,5141,service, , ,B,0,0,F,F,3,三级道路,26.65977208630691,0.0021525693095532403,0.6134314242816274,0.046417051308079674
626952,297390745,5141,service, , ,F,0,0,F,F,3,三级道路,26.742864430851462,0.00438378856592432,0.6186536632612227,0.10993964569473509
626953,297390746,5141,service, , ,F,0,0,F,F,3,三级道路,26.770656417369896,0.0016667647693605666,0.6204003511915306,0.0325862434796972
626954,297390753,5124,pedestrian,东一条, ,B,0,0,F,F,4,其他道路,29.503651088928066,0.004348696215198069,0.7921652879383161,0.10894056989575537
626955,297390755,5142,track, , ,B,0,0,F,F,4,其他道路,27.661484572394627,0.0012276180672483139,0.6763876691663735,0.02008377974608616
626956,297390756,5141,service, , ,B,0,0,F,F,3,三级道路,28.084520227868047,0.0021911236682559303,0.7029748752667789,0.04751469013613992
626957,297390757,5141,service, , ,B,0,0,F,F,3,三级道路,29.153033287056,0.00715404084996174,0.7701294438191921,0.1888084577512532
626958,297390758,5141,service, , ,B,0,0,F,F,3,三级道路,29.698483380534384,0.004525869680381423,0.80441022811045,0.11398468115142152
626959,297390759,5142,track, , ,B,0,0,F,F,4,其他道路,29.675835795475294,0.0023744776031549824,0.8029868586997353,0.05273475876118976
626960,297390760,5142,track, , ,B,0,0,F,F,4,其他道路,30.239373949844026,0.005281418568891026,0.8384044526112372,0.13549508424024362
626961,297390761,5122,residential,芷江路, ,B,0,0,F,F,3,三级道路,30.956593856392182,0.037045146859732765,0.8834807321824457,1.0
626963,297390763,5141,service, , ,B,0,0,F,F,3,三级道路,25.694280710701186,0.0017779151215492378,0.552751626115049,0.03575068315448665
626964,297390764,5141,service, , ,B,0,0,F,F,3,三级道路,25.738573748465175,0.00013597033374536464,0.5555353823034638,0.0
626983,297398409,5114,secondary,辽宁路, ,F,0,0,F,F,2,二级道路,23.584424263992673,0.0013841309082347404,0.4201500653124919,0.024539685048039314
627004,297402714,5153,footway, , ,B,0,0,F,T,4,其他道路,316.79443157899743,4.414621225498852e-06,1.0,0.0
627005,297402715,5141,service, , ,F,0,0,F,F,3,三级道路,20.4125425701801,0.012932528051300555,0.22080168597760472,0.3533214241981857
627006,297402716,5122,residential, , ,F,0,0,F,F,3,三级道路,20.019208882772677,0.0014848823748700136,0.19608120750722507,0.02740806946640537
627007,297402717,5122,residential, , ,F,0,0,F,F,3,三级道路,20.292519920682928,0.003377087134812722,0.21325842838782322,0.08127895423899043
627008,297402718,5122,residential, , ,F,70,0,F,F,3,三级道路,16.106972698603794,0.00307663782447466,0.0,0.07272519170764871
627009,297402719,5113,primary,北人民大街, ,F,0,0,F,F,1,一级道路,17.877110765565536,0.004029367561909078,0.06145330228788567,0.09984931431386113
627057,297409390,5115,tertiary,铁北一路 Tiebei 1st Rd, ,B,0,0,F,F,2,二级道路,25.553037828216766,0.01790809499651794,0.5438747062189564,0.4949753293454301
627058,297409391,5115,tertiary,北八条 N.8th Tiao, ,B,0,0,F,F,2,二级道路,24.310423956092627,0.005323150273706515,0.4657781422675919,0.13668318180191913
627485,297522384,5141,service, , ,B,0,0,F,F,3,三级道路,29.38070365280931,0.008522488779381348,0.7844382115528808,0.22776803669517168
627486,297522385,5115,tertiary,嫩江胡同, ,B,0,0,F,F,2,二级道路,27.223668798288234,0.0014307296878372279,0.6488715530433754,0.02586634775371008
627488,297522387,5141,service, , ,B,0,0,F,F,3,三级道路,29.079311931313157,0.0036613887417348483,0.7654961585304076,0.08937299323064075
627489,297522389,5142,track, , ,B,0,0,F,F,4,其他道路,28.45454863827041,0.008571820982204171,0.7262306492968977,0.22917251969305116
627490,297522391,5141,service, , ,B,0,0,F,F,3,三级道路,31.268660025760447,0.03770119697754459,0.9030936594962745,1.0
627491,297522392,5122,residential,宁波路, ,B,0,0,F,F,3,三级道路,31.306630754094073,0.02548256715129397,0.9054800672775734,0.7106198120680336
627492,297522393,5141,service, , ,B,0,0,F,F,3,三级道路,31.099287255374527,0.004345548960785929,0.8924488150350963,0.10885096786991989
627493,297522395,5141,service, , ,B,0,0,F,F,3,三级道路,31.369401365657687,0.008750836415693727,0.9094251134340791,0.23426907160655666
627494,297522398,5141,service, , ,B,0,0,F,F,3,三级道路,31.141130358786693,0.003211293582121765,0.8950785962365293,0.07655882798091966
627495,297522400,5141,service,贵阳胡同, ,B,0,0,F,F,3,三级道路,31.008302911165714,0.002201655763487332,0.8867305747872789,0.04781453785909031
627496,297522402,5142,track, , ,B,0,0,F,F,4,其他道路,31.109483139641693,0.0007118331469382149,0.8930896122654944,0.005399433422856535
627497,297522403,5142,track, , ,B,0,0,F,F,4,其他道路,31.0697682729088,0.0012596536823978107,0.8905935877970702,0.020995830581636152
627498,297522405,5141,service, , ,B,0,0,F,F,3,三级道路,31.558874433154966,0.07776953715149017,0.9213332337800784,1.0
627499,297522407,5141,service, , ,B,0,0,F,F,3,三级道路,31.458500910419826,0.026441226676084523,0.9150248966424052,0.7379127551413279
627500,297522408,5141,service,北京胡同, ,B,0,0,F,F,3,三级道路,31.77960429074658,0.0061889065473737905,0.9352058001710456,0.16133117838622352
627501,297522409,5141,service,光耀胡同, ,B,0,0,F,F,3,三级道路,31.90507678186254,0.0006000941785861439,0.9430915727721708,0.0022182359033638775
627502,297522410,5141,service, , ,B,0,0,F,F,3,三级道路,31.92044975114254,0.0007757961033609983,0.9440577426383141,0.007220452547271998
627525,297526987,5122,residential,师范胡同, ,B,0,0,F,F,3,三级道路,32.07485557958312,0.006669609747483666,0.9537619354900004,0.17501675156051152
627526,297526988,5141,service, , ,B,0,0,F,F,3,三级道路,32.27261797488815,0.0011257284125022072,0.9661910286287345,0.01718299122333021
627527,297526989,5141,service, , ,B,0,0,F,F,3,三级道路,31.815217649329355,0.004330841524908274,0.9374440505225633,0.10843224860642468
627528,297526990,5141,service, , ,B,0,0,F,F,3,三级道路,31.592475895846253,0.0014344418412779781,0.9234450392562588,0.0259720323997369
627529,297526992,5141,service, , ,B,0,0,F,F,3,三级道路,32.14784252620238,0.007574848254162491,0.958349064180687,0.20078880346385758
627530,297526993,5141,service, , ,B,0,0,F,F,3,三级道路,31.056583356184372,0.02621147016697078,0.8897649340090656,0.7313716097588417
627531,297526994,5141,service, , ,B,0,0,F,F,3,三级道路,30.9615520539448,0.002603154982635823,0.8837923480439278,0.05924518142838675
627532,297526995,5141,service, , ,B,0,0,F,F,3,三级道路,31.11506008680297,0.035555653658249455,0.8934401156844605,0.9973996014481799
627533,297526996,5122,residential,天津路, ,B,0,0,F,F,3,三级道路,31.306173176522467,0.009475542998410736,0.9054513091597981,0.25490139726071254
627534,297526997,5142,track, , ,B,0,0,F,F,4,其他道路,31.258168263247754,0.0064462433656822865,0.9024342667271962,0.16865753247871634
627535,297526998,5141,service, , ,B,0,0,F,F,3,三级道路,31.462262706508483,0.00788578884376165,0.9152613203259004,0.20964125169146017
627536,297526999,5142,track, , ,B,0,0,F,F,4,其他道路,30.5285780041858,0.005646398650106931,0.8565805276024874,0.1458860315180985
627537,297527001,5142,track, , ,B,0,0,F,F,4,其他道路,31.06062313027553,0.0021612318758554047,0.8900188282257139,0.04666367372494375
627538,297527002,5142,track, , ,B,0,0,F,F,4,其他道路,30.83148289885969,0.00029048207663782445,0.875617681467222,0.0
627539,297527003,5141,service, , ,B,0,0,F,F,3,三级道路,30.512316116956214,0.04372446877391253,0.8555584904721404,1.0
627540,297527004,5142,track, , ,B,0,0,F,F,4,其他道路,30.76626318128269,0.018604096768497263,0.8715187123836599,0.5147904318404414
627541,297527005,5142,track, , ,B,0,0,F,F,4,其他道路,29.773935327642764,0.0020173837973590752,0.8091522786740187,0.04256833297457582
627542,297527006,5141,service, , ,B,0,0,F,F,3,三级道路,28.557300767718022,0.0006502246551690309,0.7326884785780299,0.003645445677253911
627543,297527007,5141,service, , ,B,0,0,F,F,3,三级道路,28.85167573152647,0.006671768006749466,0.7511895380804867,0.17507819699108998
627544,297527008,5141,service, , ,B,0,0,F,F,3,三级道路,29.461491955353477,0.0038383285978277107,0.7895156446780861,0.09441045365830873
627545,297527010,5142,track, , ,B,0,0,F,F,4,其他道路,31.08310359665801,0.00199988227676732,0.8914316944586448,0.04207006639206706
627546,297527011,5142,track, , ,B,0,0,F,F,4,其他道路,31.075491759482237,0.033883395138030487,0.8909533010154999,0.9497905646463608
627547,297527012,5142,track, , ,B,0,0,F,F,4,其他道路,31.13485423800574,0.022692330331390898,0.894684150722173,0.6311820422265849
627548,297527013,5142,track, , ,B,0,0,F,F,4,其他道路,31.124005625875448,0.001930661015951498,0.8940023304479726,0.040099343854969584
627549,297527022,5141,service, , ,B,0,0,F,F,3,三级道路,31.528346326213462,0.0023237365275307984,0.9194145844638626,0.051290165292209054
627550,297527023,5122,residential,宁波路 Ningbo Rd, ,B,0,0,F,F,3,三级道路,32.520409209226955,0.025191300253104947,0.9817643651359539,0.702327471914062
628124,297686859,5115,tertiary,宾委路, ,B,0,0,F,F,2,二级道路,30.464496789078417,0.03035022661722291,0.8525531118251631,0.8492016018153442
628125,297686861,5141,service, , ,B,0,0,F,F,3,三级道路,30.379161600220705,0.002184648890458532,0.8471899131812144,0.04733035384440461
628126,297686864,5122,residential,近埠街 Jinbu St, ,B,0,0,F,F,3,三级道路,31.714163360589815,0.01949967626111013,0.9310929281826714,0.5402874925563751
628127,297686865,5122,residential,重庆胡同, ,B,0,0,F,F,3,三级道路,32.11827656871452,0.0079466452148776,0.9564908846274626,0.21137382663549756
628128,297686866,5153,footway, , ,B,0,-1,F,T,4,其他道路,31.418949175643082,0.014417932191417977,0.9125391247918951,0.3956107350418014
628129,297686867,5153,footway, , ,B,0,-1,F,T,4,其他道路,31.390946009067505,0.010135013832479839,0.9107791644869521,0.2736764675200712
628130,297686868,5153,footway, , ,B,0,-1,F,T,4,其他道路,31.28417905045712,0.002085937959856378,0.9040690087434342,0.04452006328767633
628131,297686869,5153,footway, , ,B,0,-1,F,T,4,其他道路,31.501848674631333,0.001747012772970746,0.9177492436948855,0.03487089630756814
628164,297689064,5124,pedestrian, , ,B,0,0,F,F,4,其他道路,4493.863779888122,1.0167006458724628e-06,1.0,0.0
628256,297698445,5115,tertiary,团结路, ,B,0,0,F,F,2,二级道路,27.656747383636933,0.032879510271352046,0.676089943402108,0.9212100605050364
628905,297780073,5141,service, , ,B,0,0,F,F,3,三级道路,27.769423943754052,0.007406753389448074,0.6831715094303097,0.19600315907716456
628906,297780077,5141,service, , ,B,0,0,F,F,3,三级道路,27.750841477202083,0.0025822591088351284,0.682003627097748,0.05865027794142281
628907,297780079,5141,service, , ,B,0,0,F,F,3,三级道路,27.86420622276287,0.0035267918457040823,0.6891284446296688,0.08554103274184009
629567,297911953,5122,residential,百草路 Baicao Rd, ,B,0,0,F,F,3,三级道路,26.98751578529862,0.0053802460415563,0.6340296626581308,0.13830869273813048
629568,297911954,5141,service, , ,B,0,0,F,F,3,三级道路,25.305413761127905,0.0032309881408607694,0.5283118759422876,0.07711953014536616
629570,297911956,5141,service, , ,B,0,0,F,F,3,三级道路,25.058573828743153,0.002626253737663422,0.512798327447707,0.05990280072880519
629619,297946236,5153,footway, , ,B,0,0,F,F,4,其他道路,26.167244426959712,0.0033023906281282535,0.5824767418103364,0.07915235198658119
629620,297946237,5141,service,百汇胡同, ,B,0,0,F,F,3,三级道路,26.979669390375857,0.0015882041320854669,0.6335365275848633,0.03034962980664213
629621,297946238,5153,footway, , ,B,0,0,F,F,4,其他道路,26.415104451836022,0.005327564894932014,0.598054401707735,0.13680886563719322
629622,297946239,5153,footway, , ,B,0,0,F,F,4,其他道路,26.631271479878972,0.004698250128234236,0.6116402005696732,0.11889233567164723
629624,297946241,5153,footway, , ,B,0,0,F,F,4,其他道路,26.159972930796076,0.0004155630113602919,0.5820197383292833,0.0
629625,297946242,5141,service, , ,B,0,0,F,F,3,三级道路,25.767944262162604,0.0013140875534060892,0.5573812784846602,0.02254555757466069
629626,297946243,5153,footway, , ,B,0,0,F,F,4,其他道路,26.440341285882507,0.0043498734475248685,0.599640501837675,0.10897408558516178
629627,297946244,5141,service, , ,B,0,0,F,F,3,三级道路,27.202626541547055,0.0028965801400906467,0.6475490762980777,0.06759896701293683
629811,297983684,5115,tertiary,珲春街东胡同, ,B,0,0,F,F,2,二级道路,27.481191493881347,0.00726440638059921,0.6650564984366988,0.19195055363310498
629815,297983688,5115,tertiary,解放大路胡同, ,B,0,0,F,F,2,二级道路,28.646492291365774,0.014116585241430729,0.7382940425321561,0.38703141679728725
629817,297983691,5141,service,解放大路南胡同, ,B,0,0,F,F,3,三级道路,26.7610823092423,0.0023750901380019456,0.6197986317319,0.052752197568478744
632274,298626987,5115,tertiary,民康南胡同, ,B,0,0,F,F,2,二级道路,28.00236324462169,0.009288068750367884,0.6978114224516399,0.24956402372274022
632275,298626988,5115,tertiary,西二道街 West 2nd St, ,B,0,0,F,F,2,二级道路,29.86393695627094,0.014678814601854318,0.8148087566061958,0.40303803179600467
632276,298626989,5141,service, , ,B,0,0,F,F,3,三级道路,28.746330295431676,0.009059979987050444,0.7445687230618214,0.24307035890024645
632277,298626990,5141,service, , ,B,0,0,F,F,3,三级道路,27.70943740467079,0.0032976631938313023,0.6794014383802185,0.07901776239370398
632278,298626992,5141,service, , ,B,0,0,F,F,3,三级道路,28.75949490077433,0.005127141091294366,0.745396100307562,0.13110281951575029
632294,298629846,5115,tertiary,陕西路, ,F,0,0,F,F,2,二级道路,30.637557076275623,0.009719622500833873,0.8634297116199446,0.26185031686431026
632295,298629847,5122,residential,兴盛路, ,B,0,0,F,F,3,三级道路,28.8051934838547,0.01107834481134852,0.7482681930759472,0.3005330083875528
632296,298629848,5122,residential,来安街 Lai’an St, ,B,0,0,F,F,3,三级道路,30.83628268683028,0.05015156866207546,0.8759193415054746,1.0
632297,298629849,5141,service, , ,B,0,0,F,F,3,三级道路,28.612037585465085,0.006410128122118232,0.7361286118998721,0.1676293350205132
632298,298629851,5115,tertiary,永长路, ,B,0,0,F,F,2,二级道路,30.893679929315887,0.01565330507975749,0.8795266788441015,0.4307816805587805
632299,298629852,5115,tertiary,陕西路, ,F,0,0,F,F,2,二级道路,30.443447779467277,0.0074600548844496965,0.8512302106713242,0.1975206474358377
632300,298629854,5141,service, , ,B,0,0,F,F,3,三级道路,28.76003760678292,0.0008011065983871916,0.7454302086299116,0.007941039869510015
632792,298756118,5141,service, , ,B,0,0,F,F,3,三级道路,33.261356174006956,0.015001996668708122,1.0,0.41223899368586603
632793,298756123,5141,service, , ,B,0,0,F,F,3,三级道路,33.229167459920774,0.005623148311652638,1.0,0.14522409665232175
632794,298756125,5115,tertiary,永春路 Yongchun Rd, ,B,0,0,F,F,2,二级道路,33.11750148553804,0.011728681583882005,1.0,0.3190480328067848
632795,298756126,5122,residential,法制胡同, ,B,0,0,F,F,3,三级道路,31.403763520036286,0.007424568838660309,0.911584727331152,0.1965103631768484
632796,298756128,5141,service,健康胡同, ,B,0,0,F,F,3,三级道路,30.768031872011004,0.007896874448172346,0.8716298721507225,0.20995685776670392
632797,298756129,5114,secondary, , ,F,0,0,F,F,2,二级道路,30.26041594464574,0.0230690446759668,0.8397269128940016,0.6419070628366391
632798,298756130,5141,service,银行胡同, ,B,0,0,F,F,3,三级道路,32.76975520785565,0.006935958561422096,0.997435416429334,0.18259967628871393
632799,298756132,5114,secondary, , ,F,0,0,F,F,2,二级道路,30.220257238778114,0.01619131903932555,0.8372029937495662,0.4460988854593805
632800,298756133,5115,tertiary,平治街, ,B,0,0,F,F,2,二级道路,31.983658295704153,0.0216293631173112,0.9480303122783024,0.600919469423176
632801,298756135,5141,service,庆利胡同, ,B,0,0,F,F,3,三级道路,31.805558856883138,0.004482387810382651,0.9368370087705833,0.11274675655785306
632819,298756754,5122,residential,积善二胡同, ,B,0,0,F,F,3,三级道路,32.094319527585206,0.004253929012890694,0.9549852177130552,0.10624255689853859
632820,298756756,5141,service, , ,B,0,0,F,F,3,三级道路,30.863778765399008,0.0035564188592618756,0.8776474320302357,0.08638451092523501
632821,298756758,5141,service,塘子胡同, ,B,0,0,F,F,3,三级道路,30.757530314098005,0.007987030823866424,0.8709698637542771,0.21252360098041226
632822,298756760,5141,service, , ,B,0,0,F,F,3,三级道路,31.291841656146897,0.005995349932309141,0.904550592917497,0.15582064045298472
632823,298756761,5115,tertiary,天主教胡同, ,B,0,0,F,F,2,二级道路,31.513224731907258,0.0038681331617937656,0.9184642131672969,0.09525898668449195
632824,298756763,5122,residential,天乐路 Tianle Rd, ,B,0,0,F,F,3,三级道路,32.00496994541608,0.00438154099711578,0.9493697199993761,0.10987565763019445
632825,298756764,5115,tertiary,天乐路, ,B,0,0,F,F,2,二级道路,30.66995349062704,0.0037460373518999686,0.8654657814739416,0.0917829308974833
632840,298765680,5141,service,马营子北胡同, ,B,0,0,F,F,3,三级道路,30.920157739266827,0.009475592049757686,0.8811907725939893,0.25490279374777114
632845,298766512,5115,tertiary,东门路, ,B,0,0,F,F,2,二级道路,30.2531899633187,0.01588760641912681,0.8392727699575044,0.4374522168149145
632846,298766513,5141,service, , ,B,0,0,F,F,3,三级道路,28.062800144293657,0.004754645162556164,0.7016097980421084,0.1204978967927357
632847,298766514,5115,tertiary,新风街 Xinfeng St, ,B,0,0,F,F,2,二级道路,30.39842506880423,0.014332067808582023,0.8484005955499752,0.39316618444572066
632862,298772469,5141,service,新民胡同, ,B,0,0,F,F,3,三级道路,32.95428309308575,0.010980242117448543,1.0,0.2977400342703511
632863,298772470,5141,service, , ,B,0,0,F,F,3,三级道路,28.267479437903635,0.00942418699875571,0.7144736086767082,0.2534392969646111
632864,298772471,5141,service,松竹梅胡同, ,B,0,0,F,F,3,三级道路,32.325461613954204,0.005321207840367296,0.9695121782877919,0.13662788091439856
632865,298772474,5122,residential, , ,B,0,0,F,F,3,三级道路,32.929186542304194,0.006349696862675849,1.0,0.16590886296431703
632866,298772475,5115,tertiary,长江路, ,B,0,0,F,F,2,二级道路,30.743484592804123,0.030327859203013712,0.8700871095891431,0.8485648037166221
632867,298772476,5122,residential,长利路, ,B,0,0,F,F,3,三级道路,29.30859949318512,0.049029960562717044,0.7799065648043828,1.0
632868,298772477,5141,service,新民北胡同, ,B,0,0,F,F,3,三级道路,32.63787175767449,0.0038832970353365904,0.9891467239141011,0.09569070068375084
632869,298772478,5115,tertiary,东七马路 East 7th Rd, ,B,0,0,F,F,2,二级道路,32.83771773928992,0.021430631585143325,1.0,0.5952616021052547
632870,298772480,5141,service, , ,B,0,0,F,F,3,三级道路,28.567720679096237,0.01403319795161575,0.7333433556026403,0.38465738879766587
632871,298772481,5122,residential,太平街, ,B,0,0,F,F,3,三级道路,31.07790678829203,0.009047030431455648,0.891105082237422,0.24270168631677586
632872,298772482,5115,tertiary,六马路 6th Rd, ,B,0,0,F,F,2,二级道路,32.66058409498096,0.023321855318147032,0.9905741629140439,0.6491045571366677
632873,298772483,5115,tertiary,小六马路 Xiaoliumalu Rd, ,B,0,0,F,F,2,二级道路,32.73665488018802,0.02364785056997665,0.9953551065965719,0.6583856101281288
632874,298772484,5141,service, , ,B,0,0,F,F,3,三级道路,30.444490083847132,0.002896080767849457,0.851295718060614,0.06758474993398572
632875,298772485,5141,service, , ,B,0,0,F,F,3,三级道路,28.738689806719528,0.002913827971709414,0.7440885289092259,0.06809001109515322
632876,298772486,5141,service, , ,B,0,0,F,F,3,三级道路,29.588654396777756,0.01187974571781741,0.7975076283197357,0.32334881395097287
632877,298772487,5141,service, , ,B,0,0,F,F,3,三级道路,32.67541437490167,0.0013582317970451468,0.9915062255042228,0.023802339881098075
632878,298772488,5115,tertiary,长通路, ,B,0,0,F,F,2,二级道路,31.177320854442197,0.03771069411080821,0.8973531188551769,1.0
632879,298772489,5122,residential, , ,B,0,0,F,F,3,三级道路,30.774402996039072,0.004041808185544414,0.872030288487818,0.1002034976541348
632926,298774579,5122,residential,光复北路 Guangfu North Rd, ,B,0,0,F,F,3,三级道路,29.25831886159413,0.003328552221441994,0.7767464966217796,0.07989716999396979
632927,298774580,5115,tertiary,黄河路, ,B,0,0,F,F,2,二级道路,29.674127805133505,0.008055997017678104,0.8028795138680478,0.21448706178480495
632928,298774581,5141,service, , ,B,0,0,F,F,3,三级道路,29.549402683689593,0.024706869150626875,0.7950407124175735,0.6885357657233204
632929,298774582,5115,tertiary,长白路, ,B,0,0,F,F,2,二级道路,28.581532610736826,0.010001942433339218,0.7342114164112785,0.26988793777879305
634998,299125297,5115,tertiary,远达大街, ,F,0,0,F,F,2,二级道路,20.2913071682589,0.007729984453608389,0.21318220857460132,0.20520551591555855
636536,299273447,5122,residential,北安路北一胡同, ,B,0,0,F,F,3,三级道路,31.815289557172385,0.026531726411207247,0.9374485698310853,0.7404892737644464
636537,299273448,5122,residential,清明街东二胡同, ,B,0,0,F,F,3,三级道路,32.66111987419916,0.012985343457531343,0.9906078358971937,0.3548250736570118
636539,299273450,5122,residential,清明街西二胡同, ,B,0,0,F,F,3,三级道路,31.544217862389846,0.005032079580905291,0.9204120885701756,0.12839642759618192
636545,299273456,5141,service,清明街西胡同, ,B,0,0,F,F,3,三级道路,31.908135899696838,0.007719700982988993,0.9432838340988311,0.20491274651103777
636619,299276081,5115,tertiary,崇智胡同, ,B,0,0,F,F,2,二级道路,24.260278824544823,0.004716177094851787,0.46262659007537443,0.11940271466097253
636627,299277451,5141,service,产院胡同, ,B,0,0,F,F,3,三级道路,32.69965444715116,0.013410559773971393,0.9930296805332433,0.3669309406706106
636628,299277453,5122,residential,昆明街, ,B,0,0,F,F,3,三级道路,28.561076598679104,0.002945582435693684,0.7329257843338538,0.06899405758447905
636629,299277454,5122,residential,康宁街, ,B,0,0,F,F,3,三级道路,31.231515520521498,0.0066092345467235105,0.9007591786942241,0.1732978754895252
636630,299277456,5141,service, , ,B,0,0,F,F,3,三级道路,30.016374814417603,0.008411619283065512,0.824389265245625,0.22461159295966088
636631,299277457,5122,residential, , ,B,0,0,F,F,3,三级道路,30.21766811961976,0.0084560598034022,0.8370402711899166,0.2258768102347532
636632,299277458,5115,tertiary,永长路 Yongchang Rd, ,B,0,0,F,F,2,二级道路,32.134965556218496,0.008526693743010183,0.9575397644195897,0.2278877515991384
636633,299277459,5115,tertiary,乐亭街 Leting St, ,B,0,0,F,F,2,二级道路,31.387697313038462,0.007862185466850377,0.9105749884328436,0.20896926585528164
636634,299277461,5122,residential, , ,B,0,0,F,F,3,三级道路,30.727702400200293,0.013037481856743425,0.8690952206028478,0.35630944879211407
636635,299277462,5122,residential, , ,B,0,0,F,F,3,三级道路,31.064117301652537,0.007465707793218944,0.8902384320660726,0.1976815851965837
636636,299277464,5115,tertiary,富民街, ,B,0,0,F,F,2,二级道路,30.984977519402758,0.01008516910596773,0.885264606162293,0.2722573930227974
636637,299277466,5122,residential,老市场胡同, ,B,0,0,F,F,3,三级道路,33.00219593830419,0.002796368238271823,1.0,0.06474594395221538
636638,299277468,5115,tertiary,东三马路, ,B,0,0,F,F,2,二级道路,31.066410123583132,0.014199114132674082,0.8903825327545879,0.3893810062733831
636639,299277469,5122,residential,福禄街, ,B,0,0,F,F,3,三级道路,31.40620725934002,0.00857397924146997,0.9117383129679262,0.22923396512362956
636640,299278329,5141,service,通顺胡同, ,B,0,0,F,F,3,三级道路,32.872438029521156,0.006916043714560401,1.0,0.182032702542922
636641,299278330,5115,tertiary,福寿街, ,B,0,0,F,F,2,二级道路,33.19411216858034,0.010342339160633351,1.0,0.2795789993706593
636642,299278331,5141,service,重庆小胡同, ,B,0,0,F,F,3,三级道路,32.32969461855309,0.010129377832715286,0.96977821677471,0.273516011157038
636643,299278332,5141,service,礼乐胡同, ,B,0,0,F,F,3,三级道路,32.91313747058684,0.0072198187062216725,1.0,0.19068114689683688
636644,299278333,5141,service,大经路南胡同, ,B,0,0,F,F,3,三级道路,32.65587996752399,0.0035381717581964797,0.9902785150068215,0.08586501773943549
636645,299278335,5141,service,近埠胡同, ,B,0,0,F,F,3,三级道路,32.2740164011775,0.005409873055114094,0.966278917787698,0.1391521709215254
636646,299278336,5141,service,近埠胡同, ,B,0,0,F,F,3,三级道路,32.32992599936626,0.002791401584328977,0.9697927587389341,0.06460454379937543
636647,299278337,5141,service,交通胡同, ,B,0,0,F,F,3,三级道路,32.81051926876479,0.0077006690603723974,0.9999973813012262,0.20437090953230064
636648,299278338,5141,service,净月胡同, ,B,0,0,F,F,3,三级道路,32.43620925551335,0.007455633056683736,0.9764725144513514,0.19739475843106027
636649,299278726,5141,service,净月二胡同, ,B,0,0,F,F,3,三级道路,32.231154490024856,0.010162342240861077,0.9635851059282764,0.27445450463851095
636650,299278727,5141,service,清明街东二胡同, ,B,0,0,F,F,3,三级道路,32.40469084928006,0.0023058057174250002,0.9744916261937341,0.05077967687914862
636651,299280407,5122,residential,昆明街 Kunming St, ,B,0,0,F,F,3,三级道路,30.00964595312789,0.0009687073405029012,0.8239663656162063,0.01271261663406086
636652,299280408,5141,service, , ,B,0,0,F,F,3,三级道路,32.86786395037828,0.00724094736885622,1.0,0.19128267785917255
636653,299280409,5122,residential, , ,B,0,0,F,F,3,三级道路,31.50454223179445,0.01400506524879073,0.917918530038749,0.3838564534949379
636654,299280410,5141,service,和平西胡同, ,B,0,0,F,F,3,三级道路,32.81061186158289,0.0008935193360409677,1.0,0.010572021487913955
636661,299281175,5141,service, , ,B,0,0,F,F,3,三级道路,29.278440409833216,0.007564894932014832,0.7780111081105988,0.20050543335409354
636662,299281176,5141,service, , ,B,0,0,F,F,3,三级道路,32.11404436667773,0.001796456530696333,0.9562248965804627,0.036278555262637756
636663,299281177,5141,service, , ,B,0,0,F,F,3,三级道路,29.767834188940366,0.0032732944846665486,0.8087688305413873,0.07832398762299109
636664,299281178,5141,service, , ,B,0,0,F,F,3,三级道路,28.485529889549042,0.0103859359978025,0.7281777781082307,0.2808201970683437
638722,299666289,5115,tertiary,东四道街, ,B,0,0,F,F,2,二级道路,32.159700519760214,0.018235328742127258,0.9590943226821401,0.5042916421338804
638723,299666290,5115,tertiary,东二道街, ,B,0,0,F,F,2,二级道路,30.186758181451005,0.013023956677850373,0.8350976243089492,0.35592438826954237
638725,299666292,5141,service,西头道街 West 1st St, ,B,0,0,F,F,3,三级道路,29.693886004030755,0.01607049659583652,0.8041212893530624,0.4426590822895921
638726,299666293,5115,tertiary,东三道街, ,B,0,0,F,F,2,二级道路,31.356085818062546,0.01734645435537573,0.9085882496764471,0.47898547512717465
638872,299675245,5115,tertiary,自强街 Ziqiang St, ,B,0,0,F,F,2,二级道路,32.15520425053777,0.011952187549927263,0.9588117383775944,0.32541122583837506
638873,299675246,5114,secondary,上海路 Shanghai Rd, ,F,0,0,F,F,2,二级道路,32.88673638994863,0.06440427727370428,1.0,1.0
638874,299675247,5115,tertiary,桃源路 Taoyuan Rd, ,B,0,0,F,F,2,二级道路,30.05430293628177,0.022562414335326218,0.8267729952692217,0.627483346502805
638876,299675249,5115,tertiary,四平路, ,F,0,0,F,F,2,二级道路,26.29363475034623,0.003779534570634694,0.5904201989007644,0.09273659344440295
638877,299675251,5115,tertiary,文庙路 Wenmiao Rd, ,B,0,0,F,F,2,二级道路,28.50800374909339,0.004348401907116369,0.7295902291105191,0.10893219097340374
638880,299675255,5115,tertiary,东五马路 East 5th Rd, ,F,0,0,F,F,2,二级道路,32.73520821984798,0.037386936645280276,0.9952641859942062,1.0
638882,299675257,5115,tertiary,新华路, ,F,0,0,F,F,2,二级道路,23.359628199433388,0.0029410088881040674,0.4060219434351309,0.06886384913113512
638883,299675258,5114,secondary,新发路 Xinfa Rd, ,F,0,0,F,F,2,二级道路,30.329814902751618,0.022968914526392895,0.8440885414670104,0.6390563672543488
638884,299675260,5115,tertiary,西三马路 West 3rd Rd, ,B,0,0,F,F,2,二级道路,33.523950339711725,0.02475837306492436,1.0,0.6900020771348512
638885,299675261,5115,tertiary,原声街 Yuansheng St, ,B,0,0,F,F,2,二级道路,31.31953756117724,0.04490700323961999,0.9062912422591107,1.0
638886,299675262,5115,tertiary,东五马路 East 5th Rd, ,F,0,0,F,F,2,二级道路,32.54158363753242,0.03593678262405085,0.98309514868134,1.0
638887,299675263,5122,residential,同乐路, ,B,0,0,F,F,3,三级道路,29.200855103383276,0.012756636647242333,0.7731349788617788,0.3483138130975797
638890,299675266,5122,residential,来安南街, ,B,0,0,F,F,3,三级道路,29.396092056794384,0.04217481900052975,0.7854053514688994,1.0
638891,299675267,5115,tertiary,西五马路 West 5th Rd, ,B,0,0,F,F,2,二级道路,32.86202908900795,0.015920569431344945,1.0,0.4383906705544633
644877,300890304,5115,tertiary,东新路 Dongxin Rd, ,F,0,0,F,F,2,二级道路,22.88215447482851,0.014930837600800516,0.37601337995035455,0.4102131019700608
644878,300890305,5115,tertiary,东新路, ,F,0,0,F,F,2,二级道路,20.574997289430375,0.003127464830184237,0.23101174048910184,0.07417223159777088
644952,300891830,5112,trunk,东部快速路, ,F,80,2,T,F,1,一级道路,15.354879695175725,0.0019691172719602875,0.0,0.04119418970891261
644953,300891833,5115,tertiary,东盛大街 Dongsheng St, ,F,0,0,F,F,2,二级道路,14.858516211075454,0.002554914682013546,0.0,0.057871784779550385
645019,300901469,5115,tertiary, , ,B,0,0,F,F,2,二级道路,22.22861982962993,0.006131748721250369,0.33493963101019764,0.15970390065702073
645020,300901470,5141,service, , ,B,0,0,F,F,3,三级道路,20.879495503748714,0.0037973590754802125,0.2501490322907282,0.0932440553570822
645021,300901471,5122,residential, , ,B,0,0,F,F,3,三级道路,20.57393623022382,0.0007032001098750171,0.2309450543848824,0.005153651700542791
645022,300901472,5134,secondary_link, , ,F,0,0,F,F,2,二级道路,24.60761629737641,0.0030565155604887198,0.4844562700493538,0.07215231281658041
645023,300901474,5114,secondary, , ,F,0,0,F,F,2,二级道路,25.310249079721284,0.006426413628649347,0.5286157690310614,0.1680929818014395
645024,300901475,5134,secondary_link, , ,F,0,0,F,F,2,二级道路,25.437902619954077,0.0017573135558302427,0.5366386175538826,0.035164158589874296
645025,300901476,5134,secondary_link, , ,F,0,0,F,F,2,二级道路,24.977859207079803,0.007987434226080972,0.5077255250639974,0.21253508580207475
649456,301737138,5122,residential,铁北三路 Tiebei 3rd Rd, ,B,0,0,F,F,3,三级道路,25.125239008961643,0.015548716846293026,0.5169881418599369,0.4278040637633852
649457,301737140,5122,residential,铁北三路 Tiebei 3rd Rd, ,B,0,0,F,F,3,三级道路,25.943042004973805,0.02696568367767379,0.5683859295480023,0.752843994771888
649458,301737142,5122,residential,北六条 N.6th Tiao, ,B,0,0,F,F,3,三级道路,25.915872336552503,0.0037256420690074694,0.5666783534497455,0.09120227918480112
649461,301737996,5141,service,凯丰路, ,B,0,0,F,F,3,三级道路,16.43109999903507,0.0011990111248454882,0.0,0.01926934288887983
649466,301738488,5122,residential, , ,B,0,0,F,F,3,三级道路,18.112772737465818,0.004537814585646047,0.0762643314195292,0.11432475143807985
649467,301738489,5141,service, , ,B,0,0,F,F,3,三级道路,17.287712244136877,0.003937253516981576,0.024410420058582412,0.09722683644821173
649468,301738490,5122,residential, , ,B,0,0,F,F,3,三级道路,18.62904888265126,0.0018158072870681028,0.10871157339351141,0.036829469407255774
649469,301738491,5141,service, , ,B,0,0,F,F,3,三级道路,16.906017439979372,0.001968626758490788,0.00042142930972319904,0.04118022483832662
649472,301739536,5141,service, , ,B,0,0,F,F,3,三级道路,19.6881069295538,0.0021797217132306077,0.17527190749532529,0.04719007758978423
649473,301739537,5122,residential,广德街 Guangde St, ,B,0,0,F,F,3,三级道路,18.97291887071587,0.0004979692742362705,0.1303233267436782,0.0
649474,301739538,5122,residential, , ,B,0,0,F,F,3,三级道路,20.446658312970435,0.002555653658249455,0.22294581324701881,0.057892823360837724
649475,301739539,5122,residential, , ,B,0,0,F,F,3,三级道路,19.36028347272398,0.012142857142857141,0.15466865644896188,0.33083957053330765
649476,301739540,5141,service, , ,B,0,0,F,F,3,三级道路,19.56166353547244,0.0011400317852728234,0.1673251149850965,0.017590206849618206
649477,301739541,5122,residential,太和街 Taihe St, ,B,0,0,F,F,3,三级道路,20.07620101136831,0.005211828241803519,0.19966308399793628,0.13351385442242458
649478,301739542,5115,tertiary,广德街 Guangde St, ,B,0,0,F,F,2,二级道路,20.718990641313063,0.010143107304726586,0.24006152358435628,0.2739068878847403
649479,301739543,5115,tertiary,东河堤路, ,B,0,0,F,F,2,二级道路,21.078334179547173,0.006453477730953948,0.2626457681705186,0.16886349415168259
649480,301739777,5141,service, , ,B,0,0,F,F,3,三级道路,19.671133321980097,0.0015293140364350125,0.1742051397253026,0.02867303453313262
649481,301739826,5115,tertiary,东河堤路, ,B,0,0,F,F,2,二级道路,23.113348341021016,0.007588586732591676,0.3905435948154132,0.20117993660339778
649496,301754246,5141,service, , ,B,0,0,F,F,3,三级道路,20.068659766106897,0.002564600623933133,0.1991891271590158,0.05814754260032651
660008,303316730,5115,tertiary,和顺西街 Heshun West St, ,B,0,0,F,F,2,二级道路,23.370516718926734,0.012963436961932152,0.40670627183192737,0.35420139786611543
660014,303316737,5141,service, , ,B,0,0,F,F,3,三级道路,21.052148414101136,0.004068514921419742,0.2610000290140129,0.10096383581702752
660016,303316739,5122,residential,东绿安街 Lv‘anEast St, ,B,0,0,F,F,3,三级道路,22.118598183418577,0.006103508152333863,0.3280249226505592,0.15889989441719954
660017,303316740,5115,tertiary,福临路, ,B,0,0,F,F,2,二级道路,23.180806036200476,0.004585842252311861,0.3947832176972894,0.11569209441893595
660018,303316742,5122,residential, , ,B,0,1,T,F,3,三级道路,25.259903379304667,0.005593619400788745,0.5254516113627252,0.14438341144304406
660019,303316743,5122,residential, , ,B,0,0,F,F,3,三级道路,22.22202461903388,0.00041497439519689206,0.3345251311421037,0.0
660020,303316744,5122,residential, , ,B,0,0,F,F,3,三级道路,26.86616495938184,0.012879557911857584,0.6264029310165788,0.35181336949991593
660021,303316745,5122,residential, , ,B,0,0,F,F,3,三级道路,27.113622029479057,0.010052975454705985,0.6419552657631958,0.27134084291456134
660022,303316746,5122,residential,东站街 Dongzhan St, ,B,0,0,F,F,3,三级道路,21.693647712344386,0.004969410661354553,0.3013173730368748,0.12661224957517198
663652,303946807,5115,tertiary,东门里胡同, ,B,0,0,F,F,2,二级道路,30.047276996348273,0.008301548060509742,0.8263314246577519,0.22147787600016067
663653,303946808,5141,service, , ,B,0,0,F,F,3,三级道路,29.196420181468973,0.0017464241568073459,0.7728562501507372,0.03485413846286493
663654,303946809,5141,service, , ,B,0,0,F,F,3,三级道路,31.762711096885067,0.010906543699041146,0.9341440862916623,0.295641847493743
663655,303946810,5141,service,新建胡同, ,B,0,0,F,F,3,三级道路,32.64514299710457,0.0056474777797398314,0.9896037112598052,0.14591675423338776
663656,303946811,5115,tertiary,福寿胡同, ,B,0,0,F,F,2,二级道路,33.251419553225354,0.013860439107657895,1.0,0.3797389613772738
663657,303946812,5122,residential, , ,B,0,0,F,F,3,三级道路,32.95734255078935,0.0037324150921184294,1.0,0.09139510649149472
663658,303946813,5141,service, , ,B,0,0,F,F,3,三级道路,31.158647035348764,0.004503306060784429,0.8961794951416788,0.11334229710446513
663659,303946814,5141,service, , ,B,0,0,F,F,3,三级道路,31.108550355832076,0.005221025369356642,0.8930309880926321,0.13377569574591225
663660,303946815,5141,service, , ,B,0,0,F,F,3,三级道路,29.744776334234437,0.007813173229736889,0.8073196762505659,0.20757389224990752
663661,303946816,5141,service,辘轳把胡同, ,B,0,0,F,F,3,三级道路,29.48414673257632,0.01923526620576118,0.7909394661063496,0.532759764095927
663662,303946817,5141,service, , ,B,0,0,F,F,3,三级道路,32.20649602865186,0.0015323640787176015,0.9620353557212661,0.02875986893913097
663663,303946818,5141,service,法院西胡同, ,B,0,0,F,F,3,三级道路,31.71713682464078,0.005584194652018589,0.9312798062874653,0.14411508976573095
663664,303946819,5122,residential,同乐路, ,B,0,0,F,F,3,三级道路,29.882007707813038,0.007223497557242922,0.8159444783578323,0.19078588342623193
663665,303946820,5141,service, , ,B,0,0,F,F,3,三级道路,32.168764564528395,0.003949025840249572,0.9596639853647932,0.0975619933422759
663666,303946821,5115,tertiary,银行胡同, ,B,0,0,F,F,2,二级道路,31.32372723945325,0.003515951498028136,0.9065545577465348,0.08523240910188933
663667,303946822,5141,service, , ,B,0,0,F,F,3,三级道路,33.172828745152046,0.008306845605980339,1.0,0.22162869660248952
663668,303946823,5141,service, , ,B,0,0,F,F,3,三级道路,31.81034830528724,0.015456079423940979,0.9371380189813764,0.4251666853935583
663669,303946824,5141,service, , ,B,0,0,F,F,3,三级道路,31.547825508386993,0.009475542998410736,0.9206388241335316,0.25490139726071254
663670,303946825,5141,service,春园街 Chunyuan St, ,B,0,0,F,F,3,三级道路,30.29954018526489,0.011900935899699806,0.8421858173277167,0.3239520963602885
663673,303946828,5122,residential,魁星街 Kuixing St, ,B,0,0,F,F,3,三级道路,32.821204176205356,0.0003379980672128788,1.0,0.0
663674,303946829,5122,residential, , ,B,0,0,F,F,3,三级道路,30.325349851162485,0.00773127710086919,0.8438079191475599,0.20524231745686758
663675,303946830,5141,service,大安胡同, ,B,0,0,F,F,3,三级道路,32.715406047600716,0.0012168658151352834,0.994019646844936,0.019777664178210523
663677,303950613,5122,residential,双阳街 Shuangyang St, ,B,0,0,F,F,3,三级道路,20.595406072191857,0.007948378362469833,0.23229440427055234,0.21142316917823478
663678,303950614,5114,secondary,临河街, ,F,0,0,F,F,2,二级道路,20.96327469531656,0.010269850306725828,0.2554144386561726,0.27751524877726835
663679,303950618,5141,service,新立街 Xinli St, ,B,0,0,F,F,3,三级道路,32.305175217894366,0.005617458355406439,0.9682372063413403,0.14506210415352405
663682,303950621,5122,residential,双阳街 Shuangyang St, ,B,0,0,F,F,3,三级道路,21.556275640472933,0.00017893931367355347,0.2926837282364177,0.0
663683,303950622,5122,residential, , ,B,0,0,F,F,3,三级道路,21.41725027507162,0.00415327564894932,0.28394617622328455,0.10337696545428972
663685,303950624,5115,tertiary,永宁路, ,B,0,0,F,F,2,二级道路,26.38414318008035,0.04823373106968375,0.5961085285817985,1.0
663687,303950626,5122,residential, , ,B,0,0,F,F,3,三级道路,21.14639920386697,0.00814909647418918,0.26692356084923347,0.21713759422202933
664670,304182323,5141,service, , ,B,0,0,F,F,3,三级道路,31.961930514453407,0.006671375595973865,0.9466647512653149,0.17506702509462113
664675,304183755,5141,service, , ,F,0,0,F,F,3,三级道路,30.13078416721207,0.0008558479015833775,0.831579734898015,0.009499519426908529
664676,304183756,5141,service, , ,F,0,0,F,F,3,三级道路,28.419898399002214,0.0029436773076263584,0.7240529296627904,0.06893981877440702
664677,304183757,5141,service, , ,B,0,0,F,F,3,三级道路,27.6550886594876,0.0010296858751741322,0.6759856948825059,0.014448669562589814
664678,304183758,5141,service, , ,F,0,0,F,F,3,三级道路,29.891626605721026,0.0005128318323621167,0.8165490127932388,0.0
664679,304183759,5141,service, , ,B,0,0,F,F,3,三级道路,28.04176316958248,0.0020098298899287777,0.700287653265094,0.04235327396755131
664680,304183760,5141,service, , ,F,0,0,F,F,3,三级道路,29.680219422608523,0.0026420456934318835,0.8032623636047015,0.06035239616770595
664681,304183761,5141,service, , ,F,0,0,F,F,3,三级道路,27.352560070908524,0.00022058390723409265,0.6569721913355879,0.0
664682,304183762,5141,service, , ,F,0,0,F,F,3,三级道路,29.694593433827723,0.009701440717435523,0.8041657503377814,0.2613326832661143
664683,304183763,5141,service, , ,B,0,0,F,F,3,三级道路,31.145019868972263,0.030508858673259164,0.8953230465744508,0.8537178409628591
664684,304183764,5141,service, , ,F,0,0,F,F,3,三级道路,29.84174925682954,0.005446583083171463,0.8134142903707618,0.14019730183618223
664685,304183765,5141,service, , ,B,0,0,F,F,3,三级道路,27.538921683604283,0.0004560259432081864,0.6686847610488929,0.0
664686,304183766,5141,service, , ,F,0,0,F,F,3,三级道路,30.76118797244568,0.0026076525965645224,0.8711997425247217,0.05937322805781806
664687,304183767,5141,service, , ,B,0,0,F,F,3,三级道路,31.34862793130348,0.008999156316832459,0.9081195318041559,0.2413387149475814
664688,304183768,5141,service, , ,B,0,0,F,F,3,三级道路,30.736318320153373,0.031813526399434924,0.8696367192604038,0.8908616037475235
664689,304183769,5141,service, , ,F,0,0,F,F,3,三级道路,27.330548325460036,7.033963152628171e-05,0.6555887835653523,0.0
717169,314443229,5122,residential, , ,B,0,0,F,F,3,三级道路,14.556245509540513,0.003278956027222809,0.0,0.07848517118681038
717175,314443237,5115,tertiary,同康路, ,B,0,0,F,F,2,二级道路,15.377144361890668,0.004910456766142798,0.0,0.12493383793438119
717178,314444395,5115,tertiary,东河堤路, ,B,0,0,F,F,2,二级道路,15.488484496503089,0.0017839568466377917,0.0,0.03592269047788171
717179,314444399,5115,tertiary,新乡路, ,B,0,0,F,F,2,二级道路,15.942330015545101,0.0015879883061588871,0.0,0.030343485263584293
717189,314445890,5122,residential, , ,B,0,0,F,F,3,三级道路,15.30548358980777,0.0009952658442857983,0.0,0.0134687346437545
717194,314445895,5122,residential, , ,B,0,0,F,F,3,三级道路,16.875529691257974,0.0014805168049914648,0.0,0.027283782118189902
717656,314581824,5112,trunk,北部快速路, ,F,80,0,F,F,1,一级道路,20.69721302686893,0.0029884767312549866,0.23869283062405872,0.07021525399117982
717658,314581854,5112,trunk,北部快速路, ,F,80,0,F,F,1,一级道路,22.094957002713734,0.0015141415033256811,0.3265391071271534,0.028241073996860763
717659,314581859,5112,trunk,北部快速路, ,F,80,1,T,F,1,一级道路,17.98277614932699,0.0016224714030647278,0.06809422557507357,0.031325215665780656
717661,314581870,5112,trunk,北部快速路, ,F,80,1,T,F,1,一级道路,18.96286278942641,0.0021891672426004,0.12969131593715155,0.047458990888740074
717676,314587141,5115,tertiary,台北大街 Taibei St, ,F,0,0,F,F,2,二级道路,18.612643726848052,0.010348288163300178,0.10768053203138067,0.2797483668957606
717677,314587144,5115,tertiary,东荣大路 Donrong Rd, ,F,0,0,F,F,2,二级道路,20.324362269684116,0.007753756632442841,0.21525967600055268,0.2058823075260092
717678,314587145,5115,tertiary,团山街, ,B,0,0,F,F,2,二级道路,20.715260705033067,0.009207049939877062,0.23982710224578935,0.24725742609823412
717679,314587146,5115,tertiary, , ,F,0,1,T,F,2,二级道路,19.969290316142967,0.007251162516922715,0.1929438946068842,0.1915735021272828
717680,314587147,5115,tertiary,东荣大路 Donrong Rd, ,F,0,0,F,F,2,二级道路,20.830267340596453,0.01564400494437577,0.24705511029446334,0.4305169066124698
717681,314587148,5115,tertiary,铁北四路 Tiebei 4th Rd, ,F,0,0,F,F,2,二级道路,22.387348972140018,0.01897121666960975,0.3449155381741777,0.5252422995818333
717682,314587149,5115,tertiary, , ,F,0,1,T,F,2,二级道路,19.158461402133465,0.006709635646594854,0.1419844183310291,0.1761562850003298
717683,314587150,5112,trunk,北部快速路, ,F,80,0,F,F,1,一级道路,16.445329235707703,0.0027886671768006747,0.0,0.06452669548401503
717685,314587152,5115,tertiary, , ,F,0,0,F,F,2,二级道路,16.42115922744039,0.0007527223497557244,0.0,0.006563545034906179
717688,314587155,5112,trunk,北部快速路, ,F,80,2,T,F,1,一级道路,16.586820060765444,0.006964668090588442,0.0,0.18341703378106178
717690,314590075,5112,trunk,东部快速路, ,F,0,0,F,F,1,一级道路,14.170747748464837,8.564365177467773e-05,0.0,0.0
717692,314590078,5135,tertiary_link, , ,F,0,0,F,F,2,二级道路,19.835637662367866,0.007351080110659838,0.1845440100916934,0.19441814626565265
717693,314590079,5115,tertiary,远达大街 Yuanda St, ,F,0,0,F,F,2,二级道路,18.722542106357974,0.006879274824886691,0.11458749324925004,0.18098589584379488
717695,314591913,5115,tertiary,东盛大街 Dongsheng St, ,F,0,0,F,F,2,二级道路,15.172473882451333,0.007105313158053166,0.0,0.18742118512008177
717696,314591914,5115,tertiary,远达大街, ,F,0,0,F,F,2,二级道路,20.072086452178798,0.006351029905163548,0.1994044896412469,0.16594681455379193
717697,314591915,5112,trunk,东部快速路, ,F,0,0,F,F,1,一级道路,13.723122283877412,8.564365177467773e-05,0.0,0.0
717698,314591916,5135,tertiary_link, , ,F,0,0,F,F,2,二级道路,20.539558759997913,0.00461216080993584,0.22878447790798037,0.11644138118491204
719206,314750818,5115,tertiary,同兴路, ,B,0,0,F,F,2,二级道路,17.44502122040517,0.001857672611689917,0.034297071737643285,0.03802137111177157
719208,314752163,5122,residential, , ,B,0,0,F,F,3,三级道路,18.027208256603735,0.0005532991935958561,0.0708867220901016,0.0008859872494586993
719210,314752165,5122,residential, , ,B,0,0,F,F,3,三级道路,21.639569628863242,0.0034660662781799984,0.2979186402529465,0.08381218176329229
719215,314752170,5141,service, , ,B,0,0,F,F,3,三级道路,21.99958956244792,0.0030768648621376854,0.3205453953517765,0.07273165544774851
719221,314755806,5141,service, , ,B,0,0,F,F,3,三级道路,29.890474215763476,0.02206996684128946,0.816476586677584,0.6134634144270578
719222,314755807,5141,service, , ,B,0,0,F,F,3,三级道路,31.045659888558845,0.003232924077767416,0.8890784091704773,0.07717464608008566
719223,314755809,5141,service, , ,B,0,0,F,F,3,三级道路,32.13971063682333,0.00684482115878902,0.9578379861755374,0.18000500333383362
719224,314755810,5141,service, , ,B,0,0,F,F,3,三级道路,30.42736015052116,0.0073320972393901935,0.8502191254331813,0.19387770577397412
719225,314755811,5141,service, , ,B,0,0,F,F,3,三级道路,30.156566500115986,0.003496085702513391,0.8332001188769931,0.084666831843156
724989,315851498,5115,tertiary,北四条 N.4th Tiao, ,B,0,0,F,F,2,二级道路,25.536755091147388,0.015222202601683442,0.5428513587050032,0.41850823509814966
745137,318209562,5121,unclassified,天波路, ,B,0,0,F,F,3,三级道路,21.56567913956172,0.0008911648713873682,0.2932747251538259,0.010504990109101114
745138,318209563,5115,tertiary,九台路 Jiutai Rd, ,B,0,0,F,F,2,二级道路,18.692338190368062,0.001696023897816234,0.11268921888614834,0.033419248010152586
745139,318209564,5115,tertiary,天光路 Tianguang Rd, ,B,0,0,F,F,2,二级道路,22.43548206740152,0.0028868091117782097,0.34794063666743796,0.06732078679086356
745140,318209565,5115,tertiary,鞍山路, ,B,0,0,F,F,2,二级道路,22.903222546147312,0.0061383836600153036,0.3773374791061672,0.1598927967158647
754491,319812203,5122,residential,长岭街 Changling St, ,B,0,0,F,F,3,三级道路,16.36597380806802,0.0011405419192811034,0.0,0.01760473031502766
754492,319812204,5122,residential,长盛街 Changsheng St, ,B,0,0,F,F,3,三级道路,16.63093242483585,0.0011900170108102605,0.0,0.01901328134042568
754493,319812205,5122,residential, , ,B,0,0,F,F,3,三级道路,16.758301263957,0.0007654598854147411,0.0,0.006926181431505433
754494,319812206,5122,residential, , ,B,0,0,F,F,3,三级道路,16.70882239993158,0.0006162811230796398,0.0,0.0026790766327021483
754498,319812210,5122,residential,五福街 Wufu St, ,B,0,0,F,F,3,三级道路,18.6000943902047,0.003194616124158769,0.10689182357278323,0.07608402238099539
754500,319812212,5122,residential, , ,B,0,0,F,F,3,三级道路,17.396429969943043,0.0016404732473953734,0.031243178823422535,0.03183772641628717
754517,319814256,5115,tertiary,利国街, ,B,0,0,F,F,2,二级道路,20.4150571990866,0.0011716404732473955,0.22095972692790788,0.01849010311018058
754525,319816653,5115,tertiary,鞍山路 Anshan Rd, ,B,0,0,F,F,2,二级道路,23.11625028544371,0.004357329252261267,0.390725978010446,0.1091863516180691
754526,319816654,5122,residential, , ,B,0,0,F,F,3,三级道路,22.85664659915905,0.0035540643946082758,0.37441024522912514,0.08631747954642216
779424,324629036,5115,tertiary,东新路, ,F,0,0,F,F,2,二级道路,18.571231087123092,0.00036870916475366416,0.10507780487757333,0.0
779475,324637548,5122,residential, , ,B,0,0,F,F,3,三级道路,20.780236304276485,0.0006896619381168207,0.2439107288295789,0.004768221272368968
779476,324637550,5122,residential, , ,B,0,0,F,F,3,三级道路,21.05668398122876,0.0017754625542017385,0.2612850831375698,0.035680858801556616
779477,324637552,5141,service, , ,B,0,0,F,F,3,三级道路,21.7399582916671,0.006836776737889222,0.30422792892300754,0.1797759794562231
779478,324637553,5141,service, , ,B,0,0,F,F,3,三级道路,21.2929752567628,0.0062112249102360345,0.27613566313258403,0.16196657999788688
779479,324637554,5141,service, , ,B,0,0,F,F,3,三级道路,23.67041862034805,0.004447835994719272,0.425554691722371,0.11176306973933883
779480,324637555,5141,service, , ,B,0,0,F,F,3,三级道路,23.853415665449152,0.001468891635764318,0.43705580301386077,0.026952814685301515
779481,324637556,5141,service, , ,B,0,0,F,F,3,三级道路,22.723096549462003,0.0013391017717346518,0.3660168092383902,0.023257709928243758
779482,324637557,5141,service, , ,B,0,0,F,F,3,三级道路,22.81040562766563,0.00400268932622348,0.37150406409883097,0.09908978754858745
779483,324637558,5141,service, , ,B,0,0,F,F,3,三级道路,24.79866889174064,0.006550002943080816,0.49646366147524773,0.17161155751681928
779484,324637559,5141,service, , ,B,0,0,F,F,3,三级道路,24.835561313294384,0.01433739478486079,0.4987822991661883,0.39331784294028466
779485,324637560,5141,service, , ,B,0,0,F,F,3,三级道路,24.975063865018505,0.006707398905173935,0.5075498416800006,0.17609260519045755
779486,324639313,5141,service, , ,B,0,0,F,F,3,三级道路,20.994442572614492,0.0007544674235578039,0.2573732966548084,0.006613227115673341
779487,324639315,5141,service, , ,B,0,0,F,F,3,三级道路,20.984131337881237,0.0005326976278768615,0.25672524980708844,0.0002994626848463574
779488,324641801,5141,service, , ,B,0,0,F,F,3,三级道路,20.724753767906712,0.004955265171581611,0.24042372812325408,0.12620952886241302
779492,324647684,5141,service, , ,B,0,0,F,F,3,三级道路,24.330248244044338,0.008682206133380423,0.46702407135831137,0.23231517416972644
779493,324647685,5141,service, , ,B,0,0,F,F,3,三级道路,23.863893736059836,0.0015917992184988476,0.43771433526582687,0.03045198156582943
779494,324647980,5141,service, , ,B,0,0,T,F,3,三级道路,26.216099146181882,0.004007298840426158,0.5855471933718807,0.09922101996789369
779496,324650193,5122,residential, , ,B,0,0,F,F,3,三级道路,26.940227004794732,0.003542972368759899,0.6310576281801229,0.08600169065347459
779497,324650194,5141,service, , ,B,0,0,F,F,3,三级道路,28.262402110633616,0.0027380967145571866,0.7141545056771841,0.06308695936132512
779498,324650195,5141,service, , ,B,0,0,F,F,3,三级道路,27.71824603919363,0.002064865501206663,0.6799550488820562,0.04392013244730141
783461,325641289,5122,residential,川心院胡同, ,B,0,0,F,F,3,三级道路,31.150785345568732,0.008323102295723965,0.895685398807777,0.2220915229722895
783462,325641290,5122,residential,财神庙胡同, ,B,0,0,F,F,3,三级道路,32.10396594015687,0.013849844016716698,0.9555914814070346,0.379437320172616
783463,325641291,5141,service,积善一胡同, ,B,0,0,F,F,3,三级道路,32.10191491555865,0.004528657240539865,0.9554625773465749,0.11406404271697249
783464,325641292,5122,residential,积善二胡同, ,B,0,0,F,F,3,三级道路,32.52101029354993,0.006785959542449036,0.9818021424546547,0.17832921886351266
783465,325641293,5141,service, , ,B,0,0,F,F,3,三级道路,29.556430733730757,0.02065483548178233,0.795482415646393,0.5731747627864243
783466,325641294,5141,service,长源胡同, ,B,0,0,F,F,3,三级道路,29.771814388538164,0.013504032020719288,0.8090189805834894,0.36959208640948027
783467,325641295,5141,service,向福路, ,B,0,0,F,F,3,三级道路,30.851806477868166,0.0052766495967979275,0.87689499031059,0.13535931207036556
783468,325641296,5122,residential,东宁二胡同, ,B,0,0,F,F,3,三级道路,33.11585316715998,0.012495732532815352,1.0,0.340885898432882
783469,325641297,5141,service,东宁一胡同, ,B,0,0,F,F,3,三级道路,33.61230489019882,0.015166431220201306,1.0,0.4169204293125205
783470,325641298,5141,service, , ,B,0,0,F,F,3,三级道路,32.94058089426757,0.01585277193919103,1.0,0.43646048257216247
783471,325641299,5141,service, , ,B,0,0,F,F,3,三级道路,33.13605829772054,0.0169135911472129,1.0,0.46666190185282286
783472,325641300,5141,service,新民南胡同, ,B,0,0,F,F,3,三级道路,32.922804390244096,0.004750721054800165,1.0,0.12038617782804763
783478,325642719,5122,residential,Jianhe Hutong, ,F,0,0,F,F,3,三级道路,28.273677975040194,0.004361057154629466,0.7148631781662735,0.10929248463452278
783487,325649504,5122,residential,百草胡同, ,B,0,0,F,F,3,三级道路,26.297994297535404,0.006153393372182,0.5906941904145372,0.16032012175579652
783542,325657761,5122,residential, , ,B,0,0,F,F,3,三级道路,30.308005209708046,0.012308437100719575,0.8427178324110868,0.3355536157674644
783543,325657762,5122,residential, , ,B,0,0,F,F,3,三级道路,30.590572589277073,0.0011865030313732415,0.8604768015680618,0.018913238688936622
783544,325657763,5122,residential, , ,B,0,0,F,F,3,三级道路,30.485944661748917,0.017418329507328273,0.8539010809708553,0.48103175368582535
783545,325657764,5122,residential, , ,B,0,0,F,F,3,三级道路,29.918509123671715,0.0012244393431043615,0.8182385418814027,0.019993281780058488
783546,325657765,5141,service, , ,B,0,0,F,F,3,三级道路,29.404053218994655,0.006324386367649655,0.7859056995068928,0.165188275642079
783547,325657766,5141,service, , ,B,0,0,F,F,3,三级道路,28.88803237197146,0.007636117487786214,0.7534745026694586,0.20253313256318198
783548,325657767,5141,service, , ,B,0,0,F,F,3,三级道路,30.619659315245812,0.015598015757633104,0.8623048620828462,0.42920759895600125
783549,325657768,5141,service, , ,B,0,0,F,F,3,三级道路,30.34064486795638,0.007549958796868561,0.8447691898077208,0.20008020304474966
783550,325657769,5141,service, , ,B,0,0,F,F,3,三级道路,30.010890397986604,0.002827375696879493,0.8240445772551334,0.0656287232714023
783551,325657860,5141,service, , ,B,0,0,F,F,3,三级道路,27.70031804845838,0.0015899943914132123,0.6788282994497635,0.030400598314913374
783560,325661855,5115,tertiary,安宁路, ,B,0,0,F,F,2,二级道路,15.797123165213856,0.0011287695960131064,0.0,0.017269573420963462
783786,325724118,5115,tertiary,大马路, ,F,0,0,F,F,2,二级道路,29.78759003171372,0.019458174884358578,0.8100104579472723,0.5391059524121921
815407,332552701,5142,track, , ,B,0,0,F,F,4,其他道路,31.295456853313247,0.01799173141936618,0.9047778030613979,0.49735645013818464
815409,332552703,5113,primary,人民大街, ,F,0,0,F,F,1,一级道路,22.69026259515286,0.013823438054808155,0.3639532406029484,0.378685545015192
815414,332555235,5115,tertiary,西河堤路, ,B,0,1,T,F,2,二级道路,23.929976783002303,0.004283749607015044,0.44186756340645705,0.10709154630176339
815415,332555237,5115,tertiary,西河堤路, ,B,0,0,F,F,2,二级道路,25.553452770933195,0.017449864672184998,0.5439007847950262,0.48192955675040094
863747,342974497,5114,secondary,西安大路, ,F,70,0,F,F,2,二级道路,25.124177926657204,0.008079675415974751,0.5169214543040476,0.21516118347250043
863748,342974498,5114,secondary,西安大路, ,F,70,0,F,F,2,二级道路,24.808493412254567,0.005653287680942403,0.49708111900716456,0.14608216155338272
874797,346063294,5141,service, , ,B,0,0,F,F,3,三级道路,27.259067111005784,0.00035699570310200715,0.6510962880595642,0.0
874798,346063295,5141,service, , ,B,0,0,F,F,3,三级道路,27.077624238764177,0.0002560480310789334,0.6396928543836521,0.0
874799,346063296,5141,service, , ,B,0,0,F,F,3,三级道路,26.922312887286797,0.0014126787921596327,0.6299317506609872,0.02535244051614498
944795,366767274,5155,steps, , ,B,0,0,F,F,4,其他道路,407.63439954451576,1.564065357261466e-05,1.0,0.0
944796,366767275,5155,steps, , ,B,0,0,F,F,4,其他道路,196.30024644619698,1.4715404084996174e-06,1.0,0.0
989466,379066921,5115,tertiary,东八条 E.8th Tiao, ,B,0,1,T,F,2,二级道路,27.528652412205656,0.0008754684403633724,0.66803935153874,0.010058114250348856
989467,379066923,5115,tertiary,东八条 E.8th Tiao, ,B,0,0,F,F,2,二级道路,27.61477658566192,0.0035155100359055857,0.6734521367739379,0.08521984071836192
1000967,382661155,5153,footway, , ,B,0,0,F,F,4,其他道路,29.213261577347524,0.040167755606568954,0.773914708598502,1.0
1000968,382661156,5153,footway, , ,B,0,0,F,F,4,其他道路,28.494962138106892,0.0038237576185660236,0.7287705818900234,0.09399561930134737
1000969,382661157,5153,footway, , ,B,0,0,F,F,4,其他道路,28.914132087511344,0.0315577685751545,0.7551148337083265,0.8835802034608469
1000970,382661158,5153,footway, , ,B,0,0,F,F,4,其他道路,28.161663290518433,0.004355728629360794,0.7078232101041982,0.10914078204036741
1000971,382661159,5153,footway, , ,B,0,0,F,F,4,其他道路,28.624020597206293,0.014633273000390567,0.736881727621313,0.40174146684872747
1000972,382661160,5153,footway, , ,B,0,0,F,F,4,其他道路,28.70037459869301,0.009645485245125164,0.7416804710554715,0.25973963643257914
1000973,382661161,5153,footway, , ,B,0,0,F,F,4,其他道路,28.738441438567044,0.02822385072694096,0.7440729193142109,0.7886638878249989
1000974,382661162,5153,footway, , ,B,0,0,F,F,4,其他道路,28.502397194061,0.019864889951416526,0.7292378648777865,0.5506850906622281
1000975,382661163,5153,footway, , ,B,0,0,F,F,4,其他道路,29.09767429681765,0.013584133337203931,0.7666502078164249,0.37187256306920885
1000976,382661164,5153,footway, , ,B,0,0,F,F,4,其他道路,28.741892568659708,0.004280850909539038,0.7442898180693531,0.10700902066763211
1000977,382661165,5153,footway, , ,B,0,0,F,F,4,其他道路,28.892860149558544,0.01053997405420449,0.7537779218164123,0.2852056454948004
1000978,382661166,5153,footway, , ,B,0,0,F,F,4,其他道路,28.81565088174808,0.006912119606804403,0.7489254260762107,0.181920983578234
1000979,382661167,5153,footway, , ,B,0,0,F,F,4,其他道路,28.656486951162012,0.0038099162202994094,0.738922193082749,0.09360155604408402
1000980,382661168,5153,footway, , ,B,0,0,F,F,4,其他道路,28.515960279684776,0.004646535993878391,0.7300902860582972,0.11742003931557951
1000981,382661169,5153,footway, , ,B,0,0,F,F,4,其他道路,28.687847254834274,0.015248916719868512,0.7408931448129823,0.41926878343467994
1000982,382661170,5153,footway, , ,B,0,1,T,F,4,其他道路,28.773132837331307,0.028052857731473306,0.746253225765743,0.7837957339387164
1000983,382661171,5153,footway, , ,B,0,1,T,F,4,其他道路,28.539264016259537,0.0002569309553240332,0.7315548936846433,0.0
1000984,382661172,5153,footway, , ,B,0,0,F,F,4,其他道路,28.798577508472817,0.03655620303333529,0.7478523881697708,1.0
1000987,382661419,5153,footway, , ,B,0,0,F,F,4,其他道路,27.89673697199733,0.012538112896580139,0.6911729572453473,0.34209246325151305
1000988,382661420,5153,footway, , ,B,0,0,F,F,4,其他道路,26.458426844014088,0.0022837653121954727,0.6007771541629905,0.05015218869415065
1000989,382661421,5153,footway, , ,B,0,1,T,F,4,其他道路,26.029184444682613,0.0012475719583259755,0.5737998627919195,0.020651865076894635
1000990,382661422,5153,footway, , ,B,0,0,F,F,4,其他道路,25.899140877974844,0.0010224262758255342,0.5656268044093536,0.014241989477916897
1000991,382661423,5153,footway, , ,B,0,0,F,F,4,其他道路,26.535500905905337,0.003876519031030774,0.6056211523980916,0.095497731562926
1000992,382661424,5153,footway, , ,B,0,0,F,F,4,其他道路,26.997913569392082,0.01024073908929071,0.6346831490134855,0.27668645525912694
1002247,383057151,5122,residential, , ,B,0,0,F,F,3,三级道路,22.42230029867366,0.0012249102360350815,0.3471121807266657,0.02000668805582106
1002248,383057152,5122,residential, , ,B,0,0,F,F,3,三级道路,20.03158557599062,0.001461424019332333,0.19685906556521462,0.02674021237457405
1002249,383057153,5115,tertiary,美程街, ,B,0,0,F,F,2,二级道路,19.209002279545096,0.0021622814762493375,0.1451608426036701,0.04669355574568263
1017779,385944013,5115,tertiary, , ,F,0,0,F,F,2,二级道路,16.269394128378842,0.005457869798104655,0.0,0.14051863350836627
1017780,385944014,5115,tertiary, , ,F,0,0,F,F,2,二级道路,16.184588875889844,0.003454058508446642,0.0,0.08347032173134682
1152233,414589650,5115,tertiary,亚泰大街, ,F,0,0,F,F,2,二级道路,23.53589075893542,0.019775142284198962,0.41709980161713456,0.5481299833389425
1173029,421461287,5132,trunk_link, , ,F,0,1,T,F,1,一级道路,17.8534117894519,0.0059965860262522815,0.05996385440293922,0.1558558319268615
1173030,421461288,5112,trunk, , ,F,0,1,T,F,1,一级道路,15.858485495135525,0.0007565189240096534,0.0,0.00667163313324188
1173031,421461289,5132,trunk_link, , ,F,0,2,T,F,1,一级道路,18.7063340472119,0.009631330076323896,0.11356883913953446,0.25933664015882874
1173032,421461290,5112,trunk, , ,F,0,1,T,F,1,一级道路,17.421449250458885,0.0014137252208945657,0.03281560601472898,0.025382232240061794
1173033,421461291,5132,trunk_link, , ,F,0,2,T,F,1,一级道路,17.161493016044382,0.008892674537324402,0.01647771607084467,0.23830718908119894
1173410,421609144,5141,service, , ,B,0,0,F,F,3,三级道路,33.26198878766393,0.008149306131785843,1.0,0.21714356315333663
1173411,421609145,5141,service, , ,B,0,0,F,F,3,三级道路,32.435677401726885,0.007873624109718052,0.9764390881761592,0.2092949229009271
1173412,421609146,5141,service, , ,B,0,0,F,F,3,三级道路,31.806888925493638,0.010038624244568244,0.9369206017439355,0.27093226536310183
1173413,421609147,5141,service, , ,B,0,0,F,F,3,三级道路,31.587252511097688,0.00393781391631663,0.9231167567461322,0.09724279096256684
1173414,421609148,5141,service, , ,B,0,0,F,F,3,三级道路,33.53122147811814,0.024328094649479073,1.0,0.6777520926568049
1173415,421609149,5141,service, , ,B,0,0,F,F,3,三级道路,33.085095606471405,0.005724292189063512,1.0,0.14810365296715663
1173416,421609150,5141,service, , ,B,0,0,F,F,3,三级道路,31.877637905553883,0.004977534483096906,0.9413670773303732,0.1268435339870178
1173417,421609151,5141,service, , ,B,0,0,F,F,3,三级道路,32.051241068003186,0.0017193478132909528,0.9522777960842249,0.03408327760651727
1173418,421609152,5141,service, , ,B,0,0,F,F,3,三级道路,31.939941213266778,0.0017811525104479368,0.945282754085908,0.0358428513003543
1173419,421609153,5141,service, , ,B,0,0,F,F,3,三级道路,32.065931791896155,0.005756469872662703,0.9532010877709963,0.14901974847759875
1173420,421609154,5141,service, , ,B,0,0,F,F,3,三级道路,30.874521774609697,0.0027842888109185743,0.8783226153069349,0.06440204383482777
1173421,421609155,5141,service, , ,B,0,0,F,F,3,三级道路,29.950065960474834,0.0005556536582494555,0.8202218454472037,0.0009530186282715397
1173422,421609156,5141,service, , ,B,0,0,F,F,3,三级道路,30.048002422920323,0.0006860321384425216,0.8263770167149042,0.004664881230032506
1173423,421609157,5141,service, , ,B,0,0,F,F,3,三级道路,30.739748251057918,0.0031969215374654187,0.8698522856758806,0.07614965727274962
1173424,421609158,5122,residential, , ,B,0,0,F,F,3,三级道路,30.326553096455804,0.010854376361174877,0.8438835414507604,0.29415664847798145
1173425,421609159,5141,service, , ,B,0,0,F,F,3,三级道路,30.17800864287383,0.0027667902760609804,0.8345477279055965,0.06390386225587907
1173426,421609162,5141,service, , ,B,0,0,F,F,3,三级道路,29.070627961493965,0.0003540526222850079,0.7649503830328455,0.0
1173427,421609163,5154,path, , ,B,0,0,F,F,4,其他道路,29.616330862601774,0.0006551297898640296,0.7992470559341066,0.0037850943831139916
1173428,421609164,5154,path, , ,B,0,0,F,F,4,其他道路,29.360769370201247,0.016163694155041496,0.783185369450077,0.4453124077009336
1173452,421611711,5141,service, , ,B,0,0,F,F,3,三级道路,31.245875726500113,0.0008971981870622167,0.9016616977870189,0.010676758017309015
1173453,421611712,5141,service, , ,B,0,0,F,F,3,三级道路,30.667168463993065,0.00022504757980654146,0.8652907464002909,0.0
1173454,421611713,5141,service, , ,B,0,0,F,F,3,三级道路,30.748388797259196,0.0018733690427139126,0.8703953320590899,0.038468246970523826
1173455,421611715,5141,service, , ,B,0,0,F,F,3,三级道路,28.925918166435093,0.0009897580787568425,0.7558555724744493,0.013311929096888749
1173456,421611716,5141,service, , ,B,0,0,F,F,3,三级道路,29.36035157539324,0.0007181117193478132,0.7831591116239943,0.005578183766357437
1173457,421611717,5141,service, , ,B,0,0,F,F,3,三级道路,29.657209502307907,0.0024215668962269702,0.8018162219249848,0.05407538633744654
1173458,421611718,5141,service, , ,B,0,0,F,F,3,三级道路,29.025786154002912,0.004529891890831322,0.762132137425758,0.11409919309022677
1173459,421611719,5141,service, , ,B,0,0,F,F,3,三级道路,28.575637675172672,0.00012596385896756725,0.7338409278608102,0.0
1173460,421611720,5141,service, , ,B,0,0,F,F,3,三级道路,30.249596344352792,0.011451233150862323,0.8390469159736694,0.3111491030070362
1173461,421611721,5141,service, , ,B,0,0,F,F,3,三级道路,30.391976903536726,0.005286754174269625,0.8479953372774904,0.13564698840443734
1173462,421611722,5141,service, , ,B,0,0,F,F,3,三级道路,31.75730785157598,0.0015088586732591677,0.9338044997939641,0.028090672340649457
1173463,421611724,5141,service, , ,B,0,0,F,F,3,三级道路,31.39698189598339,0.005547707340043557,0.9111585116350117,0.14307629955619366
1173464,421611725,5141,service, , ,B,0,0,F,F,3,三级道路,32.18952888612021,0.03514362234386956,0.9609689942701982,0.9856691101559328
1287683,449188742,5153,footway, , ,B,0,0,F,F,4,其他道路,28.0108021383364,0.033152346659091426,0.6983417952548525,0.928977685825946
1287684,449188743,5153,footway, , ,B,0,0,F,F,4,其他道路,26.691980051036218,0.016001431623825474,0.6154556503374061,0.44069280927950755
1287685,449188744,5153,footway, , ,B,0,0,F,F,4,其他道路,27.62338702389461,0.0036657624192026916,0.6739932909129458,0.08949751140113187
1287686,449188745,5153,footway, , ,B,0,0,F,F,4,其他道路,27.414880911688854,0.005872917770321973,0.6608889700201717,0.15233500875471712
1287687,449188746,5153,footway, , ,B,0,0,F,F,4,其他道路,27.238222431641972,0.005192902597105317,0.6497862287792837,0.1329750431656478
1287688,449188747,5153,footway, , ,B,0,0,F,F,4,其他道路,27.63825480473568,0.006641748582416073,0.6749277103841244,0.17422354691122627
1287689,449188748,5153,footway, , ,B,0,0,F,F,4,其他道路,27.681038088777193,0.0004480840543881335,0.6776165806383134,0.0
1287690,449188749,5153,footway, , ,B,0,0,F,F,4,其他道路,27.949206885094405,0.006816028018129377,0.6944706187439297,0.17918526543043495
1287691,449188750,5153,footway, , ,B,0,0,F,F,4,其他道路,27.718046335034042,0.005103218048653329,0.6799424977517168,0.13042173282745553
1287692,449188751,5153,footway, , ,B,0,1,T,F,4,其他道路,26.519361849924348,0.01641159966252673,0.6046068350419047,0.4523702532951021
1287693,449188752,5154,path, , ,B,0,0,F,F,4,其他道路,26.09656373967877,0.004710995791464738,0.5780345583306633,0.11925520345941318
1287694,449188753,5154,path, , ,B,0,0,F,F,4,其他道路,26.15025295169873,0.002339322145449339,0.5814088510808703,0.051733886312668086
1287695,449188754,5154,path, , ,B,0,0,F,F,4,其他道路,26.333221838515357,0.003912699814165468,0.5929081926631097,0.09652779492630639
1287696,449188755,5154,path, , ,B,0,0,F,F,4,其他道路,26.17752777078069,0.0009383718876920359,0.5831230357527788,0.011848969254298536
1287697,449188756,5153,footway, , ,B,0,0,F,F,4,其他道路,27.626149589999805,0.009137971628700923,0.674166914373414,0.24529077332342172
1287698,449188757,5153,footway, , ,B,0,0,F,F,4,其他道路,27.473704307370248,0.005238095238095238,0.6645859391154992,0.13426167324230534
1423345,478998757,5141,service, , ,F,0,0,F,F,3,三级道路,29.611726328935646,0.0014321872135751705,0.7989576673589507,0.02590784336916565
1423346,478998759,5141,service, , ,F,0,0,F,F,3,三级道路,29.434955393485904,7.504856083348049e-05,0.7878478584514623,0.0
1425566,479424017,5122,residential,东四条 E.4th Tiao, ,F,0,0,F,F,3,三级道路,29.85349983770339,0.00018139319343167358,0.8141527981335245,0.0
1425567,479424018,5122,residential,东四条 E.4th Tiao, ,F,0,0,F,F,3,三级道路,29.78008754448672,0.0012196126905644827,0.8095389369972316,0.019855867453492167
1426785,479663553,5122,residential,法制胡同, ,B,0,0,F,F,3,三级道路,31.778224782837988,0.0146203425746071,0.935119100006158,0.4013733388891177
1426786,479663554,5122,residential,法制胡同, ,B,0,0,F,F,3,三级道路,31.709077635643432,0.009351344987933368,0.9307732974007976,0.2513654920283353
1490366,496882648,5141,service, , ,F,0,0,F,F,3,三级道路,28.734458611670384,0.0005019424333392194,0.7438226041500074,0.0
1490367,496882649,5141,service, , ,F,0,-1,F,F,3,三级道路,30.179963474196597,0.0026891910451861006,0.8346705863516813,0.06169461972917258
1490404,496885107,5141,service, , ,B,0,0,F,F,3,三级道路,31.053141038005506,0.0006569144495731263,0.8895485890705231,0.003835903470789014
1539725,512454373,5141,service, , ,B,0,0,F,F,3,三级道路,23.132941312316085,0.014547942786508916,0.39177498597405763,0.3993121239906228
1539819,512465946,5122,residential, , ,F,70,0,F,F,3,三级道路,16.603343474500694,0.006168467295968332,0.0,0.1607492748942702
1539875,512474070,5122,residential,英盛街 Yingsheng St, ,B,0,0,F,F,3,三级道路,17.8714501697443,0.005584873233930041,0.06109754166628537,0.1441344089264975
1539876,512474072,5122,residential, , ,B,0,0,F,F,3,三级道路,18.128423964653024,0.0006832362116663723,0.0772479894104492,0.004585281467692258
1539877,512474076,5122,residential,五福街 Wufu St, ,B,0,0,F,F,3,三级道路,18.65409594871428,0.0025504738360115366,0.11028574686804433,0.05774535432744948
1954183,581042708,5141,service, , ,B,0,0,F,F,3,三级道路,26.45487607798425,0.0013170286656071573,0.6005539934269433,0.022629290751873383
1954184,581042709,5122,residential,百草胡同, ,B,0,0,F,F,3,三级道路,26.570049970194574,0.0015901465654246864,0.6077925133246455,0.030404930694162727
1991198,589443762,5115,tertiary,东新路 Dongxin Rd, ,F,0,0,F,F,2,二级道路,16.548570017828265,0.0012173423139342262,0.0,0.019791230052494075
2060691,610251336,5112,trunk,东部快速路, ,F,80,2,T,F,1,一级道路,12.50982820477262,0.003568737014107036,0.0,0.08673520759100949
2060858,610293295,5112,trunk,东部快速路, ,F,0,3,T,F,1,一级道路,16.24023131526898,0.004285714285714285,0.0,0.1071474805125119
2060859,610293296,5112,trunk,东部快速路, ,F,80,2,T,F,1,一级道路,13.153952566096782,0.0035163905978115684,0.0,0.08524491022985271
2060860,610293297,5112,trunk,东部快速路, ,F,0,3,T,F,1,一级道路,15.163440144609902,0.002426864441697569,0.0,0.05422620693977544
2060861,610293298,5112,trunk,东部快速路, ,F,80,2,T,F,1,一级道路,14.638691896864557,0.0016944297290403594,0.0,0.03337386218074806
2060862,610293299,5132,trunk_link, , ,F,60,1,T,F,1,一级道路,16.968311551101493,0.011624776816371377,0.004336528072242168,0.31608987422036583
2060863,610293300,5132,trunk_link, , ,F,0,2,T,F,1,一级道路,16.366198753537606,0.00362988662150268,0.0,0.08847613094330002
2060865,610293302,5141,service, , ,F,0,0,F,F,3,三级道路,17.027358347551736,0.0012490434987344752,0.008047537597040813,0.020693759688652662
2060867,610293304,5132,trunk_link, , ,F,0,0,F,F,1,一级道路,20.77842057757075,0.024707752074871976,0.24379661291636257,0.6885609024903753
2060868,610293305,5132,trunk_link, , ,F,0,0,F,F,1,一级道路,22.411421042433386,0.01526458296544823,0.3464284345125182,0.41971479991678073
2060869,610293306,5132,trunk_link, , ,F,0,0,F,F,1,一级道路,24.06543138412531,0.01168520807581376,0.4503806978212745,0.3178103462765621
2060870,610296320,5132,trunk_link, , ,F,0,0,F,F,1,一级道路,17.787835611203658,0.0022510644142288145,0.0558424822589959,0.04922119732175011
2060871,610296321,5132,trunk_link, , ,F,0,1,T,F,1,一级道路,18.435857902545713,0.0011144023744657913,0.09656978738009045,0.01686054002623664
2060872,610296322,5132,trunk_link, , ,F,0,1,T,F,1,一级道路,17.776869890417647,0.000526576019777503,0.055153301867686085,0.00012518109993297585
2060873,610296323,5132,trunk_link, , ,F,0,0,F,F,1,一级道路,17.7793335071433,0.0027729707457766787,0.05530813677294726,0.06407981962526278
2060874,610296324,5122,residential, , ,F,0,0,F,F,3,三级道路,18.20887389248248,0.008860105181180583,0.08230415615263739,0.23737994269165172
2060875,610296325,5132,trunk_link, , ,F,0,0,F,F,1,一级道路,17.751417685670887,0.00038672081935369943,0.05355366598698351,0.0
2060955,610308265,5115,tertiary,台北大街 Taibei St, ,F,0,0,F,F,2,二级道路,18.535933421346343,0.011605108479596575,0.10285939538246962,0.3155299185926801
2060956,610308266,5132,trunk_link, , ,F,0,0,F,F,1,一级道路,20.245767333743082,0.00259650513863598,0.2103200929340286,0.059055861018960217
2060957,610308267,5115,tertiary,铁北四路 Tiebei 4th Rd, ,F,0,0,F,F,2,二级道路,23.034392340823814,0.03161879255204348,0.38558131935955964,0.8853175501248784
2060958,610308268,5115,tertiary,北亚泰大街, ,F,0,0,F,F,2,二级道路,26.76184077322627,0.032575391920262126,0.6198463001447173,0.9125518407417115
2060959,610308269,5115,tertiary,台北大街, ,F,0,0,F,F,2,二级道路,25.89698979707142,0.04813887977935303,0.5654916119484392,1.0
2060960,610308271,5132,trunk_link, , ,F,0,0,F,F,1,一级道路,21.674391476755527,0.0009439441207055544,0.3001071452518291,0.012007610184155589
2060961,610308273,5132,trunk_link, , ,F,0,1,T,F,1,一级道路,24.201655161748214,0.017478914928146783,0.45894217391572506,0.4827566147013485
2060962,610308274,5132,trunk_link, , ,F,0,1,T,F,1,一级道路,25.732228734069412,0.015701588422760947,0.5551366069206621,0.43215630262000665
2060963,610308275,5132,trunk_link, , ,F,0,0,F,F,1,一级道路,25.303992950740128,0.019509388427806224,0.5282225799736837,0.540563996993978
2060964,610308276,5132,trunk_link, , ,F,0,0,F,F,1,一级道路,26.26402553177973,0.016386779680970038,0.588559300448556,0.4516636308434501
2060965,610308277,5132,trunk_link, , ,F,50,1,T,F,1,一级道路,24.489652617604836,0.0016655049242389037,0.477042415860304,0.03255037581208682
2060966,610308278,5132,trunk_link, , ,F,0,0,F,F,1,一级道路,23.39598280273837,0.0029978221201954203,0.4083067799926697,0.07048131630188892
2060967,610308279,5132,trunk_link, , ,F,0,1,T,F,1,一级道路,23.68344464103434,0.0013408676202248514,0.4263733591140521,0.02330798346235339
2060968,610308280,5115,tertiary, , ,F,0,0,F,F,2,二级道路,23.867239499394277,0.011248541501672043,0.43792461186588416,0.30537849154412805
2060969,610308281,5132,trunk_link, , ,F,0,1,T,F,1,一级道路,24.25526441287362,0.005514324394776451,0.4623114412342551,0.14212589036374018
2060970,610308282,5132,trunk_link, , ,F,50,0,F,F,1,一级道路,23.893536573796176,0.005545500029430809,0.43957734663638137,0.1430134576385567
2060971,610308283,5132,trunk_link, , ,F,50,1,T,F,1,一级道路,21.900751639540296,0.0013093939677230595,0.3143335685402985,0.022411931648517052
2060972,610308284,5132,trunk_link, , ,F,0,0,F,F,1,一级道路,21.329957904349907,0.0006786744364000235,0.2784599714049841,0.004455408171242384
2060973,610308285,5132,trunk_link, , ,F,0,1,T,F,1,一级道路,22.90552756833956,0.0006417878234936331,0.3774823465642607,0.0034052499031745702
2060974,610308286,5132,trunk_link, , ,F,0,0,F,F,1,一级道路,22.568242052688607,0.002218690525241823,0.35628441820226975,0.048299515863073565
2060975,610308287,5132,trunk_link, , ,F,0,0,F,F,1,一级道路,22.490386280399296,0.0040080836619773574,0.35139129054936385,0.09924336376083129
2060976,610308288,5132,trunk_link, , ,F,0,1,T,F,1,一级道路,22.087302184989806,0.0015248101712873035,0.3260580124159774,0.02854480993210644
2380101,678331520,5141,service, , ,B,0,0,F,F,3,三级道路,29.94671514600134,0.013977671826868364,0.8200112513900399,0.3830765654473297
2380111,678345818,5124,pedestrian, , ,B,0,0,F,F,4,其他道路,19.84090059805177,0.0008681794102066043,0.18487477832342694,0.009850596273440775
2380112,678345820,5134,secondary_link, , ,F,0,0,F,F,2,二级道路,30.263391284347527,0.006151879787761829,0.8399139088808567,0.16027703015513117
2442385,690353872,5141,service,长春站南广场出租车通道, ,B,0,-1,F,T,3,三级道路,26.9166538428743,0.001142356819118253,0.6295760875432814,0.01765640033619589
2442386,690353873,5122,residential,长春站南广场公交车辅道四, ,F,0,0,F,F,3,三级道路,27.637218261615438,0.006317055635645413,0.6748625650820362,0.16497957041764486
2442387,690353876,5122,residential,长春站南广场公交车辅道1, ,F,0,0,F,F,3,三级道路,27.397507423437936,0.0034173875246052378,0.6597970703024204,0.0824263024017065
2442388,690353877,5141,service,长春站南广场私家车地下停车场, ,F,0,-1,F,T,3,三级道路,27.51601650661985,0.0008475091726018796,0.6672452023417907,0.009262116626946388
2457650,693558064,5114,secondary,长白路, ,F,0,0,F,F,2,二级道路,27.85311453841535,0.013491786573422515,0.6884313476026627,0.3692434597205097
2457651,693558065,5122,residential,长春站南广场公交车辅道3, ,F,0,0,F,F,3,三级道路,27.6832364121166,0.004757616272714277,0.6777547422210167,0.12058248400885664
2457652,693558069,5122,residential,长春站南广场公交车辅道2, ,F,0,0,F,F,3,三级道路,27.325505315328876,0.001515451174289246,0.6552718373505622,0.028278360201325407
2458663,693648344,5153,footway,吉林大路站换乘通道1, ,B,0,1,T,F,4,其他道路,0.0,0.0,0.0,0.0
2458664,693648345,5153,footway,吉林大路站换乘通道2, ,B,0,-1,F,T,4,其他道路,0.0,0.0,0.0,0.0
2458665,693648354,5153,footway,吉林大路出入口, ,B,0,1,T,F,4,其他道路,0.0,0.0,0.0,0.0
2463765,694411430,5153,footway,长春站南北地下通道东侧, ,B,0,-1,F,T,4,其他道路,0.0,0.0,0.0,0.0
2478626,696269800,5132,trunk_link, , ,B,0,3,T,F,1,一级道路,14.713798817317574,0.0004282182588733886,0.0,0.0
2478627,696269801,5132,trunk_link, , ,F,0,2,T,F,1,一级道路,15.557545932924285,0.0024145035022661724,0.0,0.053874292201008034
2478628,696269802,5132,trunk_link, , ,F,0,1,T,F,1,一级道路,15.818528530389115,0.007288018288179519,0.0,0.19262278233659808
2478629,696269803,5132,trunk_link, , ,F,0,1,T,F,1,一级道路,15.19459958942561,0.0016050827005709577,0.0,0.03083016100350668
2507271,700029482,5141,service, , ,B,0,0,F,F,3,三级道路,27.79860203826884,0.013273147330625698,0.6850053123318963,0.36301882182464623
2507272,700029483,5153,footway, , ,B,0,0,F,F,4,其他道路,28.74380460474518,0.0008627010754858186,0.7444099868939383,0.009694628618810186
2507273,700029484,5153,footway, , ,B,0,1,T,F,4,其他道路,28.836491233222883,0.0026893872505739007,0.7502352133546504,0.06170020567740699
2507274,700029485,5153,footway, , ,B,0,0,F,F,4,其他道路,28.250317983641157,0.004005395845026092,0.7133950350019937,0.09916684187465032
2507275,700029486,5153,footway, , ,B,0,0,F,F,4,其他道路,28.947682115312528,0.0010506798516687268,0.7572234065727725,0.015046366023670965
2507276,700029487,5153,footway, , ,B,0,0,F,F,4,其他道路,29.425006743955056,0.00779432333847339,0.7872225995824402,0.20703723768602061
2507277,700029488,5153,footway, , ,B,0,0,F,F,4,其他道路,29.71784635856378,0.020086722781407575,0.8056271645103121,0.5570006496737095
2507278,700029489,5153,footway, , ,B,0,0,F,F,4,其他道路,29.547331617659005,0.011569559764325174,0.7949105487807964,0.3145178501396565
2507279,700029490,5153,footway, , ,B,0,0,F,F,4,其他道路,29.206094770297383,0.0008387780328447819,0.7734642846834996,0.009013541930515444
2507280,700029491,5153,footway, , ,B,0,0,F,F,4,其他道路,28.97010638576837,0.012722135713483056,0.7586327409694053,0.34733157488190747
2507281,700029492,5153,footway, , ,B,0,0,F,F,4,其他道路,29.030114845313896,0.004788686797339454,0.7624041896902447,0.12146705881140465
2507282,700029493,5153,footway, , ,B,0,0,F,F,4,其他道路,28.601586928922224,0.001837234019246933,0.7354718025841688,0.03743948638041557
2507283,700029494,5153,footway, , ,B,0,0,F,F,4,其他道路,29.573992253291696,0.018960896266211467,0.7965861328720261,0.5249484787047036
2507284,700029495,5153,footway, , ,B,0,0,F,F,4,其他道路,29.34906780498389,0.0006458971780087489,0.7824499422535608,0.0035222428250083616
2795439,761148748,5141,service, , ,F,0,0,F,F,3,三级道路,28.753801487916366,0.000737050460810336,0.7450382771805728,0.006117367886735739
2795440,761148749,5141,service, , ,F,0,0,F,F,3,三级道路,28.79882542266771,0.0018502280936848574,0.747867969234179,0.03780942641100349
2795441,761148750,5141,service, , ,F,0,0,F,F,3,三级道路,29.004647811686528,0.004246178900072596,0.7608036218348968,0.10602191194327967
2795442,761148751,5153,footway, , ,B,0,0,F,F,4,其他道路,29.786293219895096,0.0030107716757902174,0.8099289551173121,0.07084998888535954
2795443,761148752,5153,footway, , ,B,0,0,F,F,4,其他道路,30.22168902088322,0.0030372594031432103,0.8372929792754357,0.07160409189700398
2795444,761148753,5153,footway, , ,B,0,1,T,F,4,其他道路,30.027210293444384,0.0061483901347931,0.8250702601224262,0.16017768007581926
2795445,761148754,5155,steps, , ,B,0,0,F,F,4,其他道路,29.88000668062149,0.004914356348225322,0.8158187165652604,0.12504485865553996
2795446,761148755,5155,steps, , ,B,0,0,F,F,4,其他道路,30.13412120112912,0.006940078874565895,0.8317894628662575,0.1827169812016364
2795447,761148756,5155,steps, , ,B,0,0,F,F,4,其他道路,30.125466709961827,0.0051059509094119725,0.8312455400612131,0.13049953710643478
2795448,761148757,5155,steps, , ,B,0,0,F,F,4,其他道路,29.901628511430523,0.002656424745423509,0.8171776187394625,0.06076176637402724
2795449,761148758,5153,footway, , ,B,0,0,F,F,4,其他道路,29.821231200988095,0.008704161516275236,0.8121247589273055,0.23294024177715614
2795450,761148759,5153,footway, , ,B,0,0,F,F,4,其他道路,30.151194797471092,0.007795338159985872,0.8328625147921316,0.20706612955540024
2795451,761148760,5153,footway, , ,B,0,0,F,F,4,其他道路,28.182036608508962,0.0009788032779380121,0.7091036449738244,0.01300004698713457
2795452,761148761,5153,footway, , ,B,0,0,F,F,4,其他道路,28.21019561735957,0.0038760706212279737,0.7108733997503016,0.09548496537962019
2795453,761148762,5153,footway, , ,B,0,0,F,F,4,其他道路,28.495148690809856,0.00934946141621049,0.7287823064694959,0.25131186692528507
2795454,761148763,5153,footway, , ,B,0,0,F,F,4,其他道路,28.174934947933576,0.002299760360382707,0.7086573154246953,0.0506075661543852
2795455,761148764,5153,footway, , ,B,0,0,F,F,4,其他道路,28.158251014379417,0.0021494447737025915,0.7076087532663272,0.04632809607747175
2795456,761148765,5153,footway, , ,B,0,0,F,F,4,其他道路,28.02035204476593,0.0011932721172523398,0.6989419936712186,0.019105953903023536
2795457,761148766,5153,footway, , ,B,0,0,F,F,4,其他道路,27.577490867141773,0.009761375007357702,0.6711087809123911,0.26303900664859126
2795458,761148767,5153,footway, , ,B,0,0,F,F,4,其他道路,28.451698335723023,0.020877892708856864,0.7260515117223331,0.5795251802633301
3166407,807259736,5141,service, , ,B,0,0,F,F,3,三级道路,31.23213084962714,0.012426570133615868,0.9007978512778222,0.33891685168025476
3166408,807259993,5141,service, , ,B,0,0,F,F,3,三级道路,19.516562532980515,0.0036657936839320187,0.16449057933054087,0.08949840150492332
3343797,834541562,5153,footway, , ,B,0,0,F,F,4,其他道路,28.432999892925345,8.564365177467773e-05,0.7248763404430654,0.0
3502343,858084226,5115,tertiary,光明路, ,F,0,0,F,F,2,二级道路,29.298238268784377,0.0063646329978221195,0.7792553761751718,0.16633409327366094
3502344,858084227,5115,tertiary,崇智路, ,F,0,0,F,F,2,二级道路,30.75058218905688,0.025941609276590734,0.8705331837012137,0.7236886965572435
3506828,859119277,5115,tertiary,西河堤路, ,B,0,0,F,F,2,二级道路,22.03792804000966,0.006832597759990678,0.32295491566364964,0.1796570043634607
3506829,859119278,5115,tertiary,东荣大路 Donrong Rd, ,F,0,0,F,F,2,二级道路,20.322518833823214,0.008212961327918064,0.21514381860524204,0.21895582037232755
3507546,859264319,5115,tertiary,铁北一路, ,B,0,0,F,F,2,二级道路,26.933821467662142,0.060206832632801355,0.6306550490269841,1.0
3507559,859264336,5115,tertiary,台北大街, ,F,0,0,F,F,2,二级道路,26.127536921699363,0.02837620421056762,0.5799811800002842,0.7930013766290129
3507560,859264337,5115,tertiary,北亚泰大街, ,F,0,0,F,F,2,二级道路,26.740636080578383,0.06200239861086585,0.6185136145272503,1.0
3806703,905588221,5132,trunk_link, , ,F,0,1,T,F,1,一级道路,16.762672270162405,0.012782241450350226,0.0,0.34904277934216926
3806704,905588222,5132,trunk_link, , ,F,0,3,T,F,1,一级道路,16.506142054983837,0.011232856554240979,0.0,0.30493194262214535
3806705,905588223,5132,trunk_link, , ,F,0,2,T,F,1,一级道路,15.509478082120395,0.00261448584378127,0.0,0.05956776993892354
3806706,905588224,5132,trunk_link, , ,F,80,2,T,F,1,一级道路,17.170401030211774,0.012981394807696736,0.017037572445950333,0.35471265598174195
3806707,905588225,5132,trunk_link, , ,F,0,1,T,F,1,一级道路,15.498707171284375,0.0025828477249985283,0.0,0.058667035786126025
3806708,905588226,5132,trunk_link, , ,F,60,2,T,F,1,一级道路,15.010015307775518,0.0022853886274238826,0.0,0.05019840432021318
3806725,905591499,5132,trunk_link, , ,F,0,0,F,F,1,一级道路,22.639372541650932,0.007522252961066311,0.3607548710957677,0.1992914206044833
3806726,905591500,5132,trunk_link, , ,F,0,1,T,F,1,一级道路,21.96691770967883,0.006440932368002825,0.3184920145740221,0.16850632889331452
3806727,905591501,5132,trunk_link, , ,F,0,1,T,F,1,一级道路,23.462342814128267,0.00888960677749843,0.4124774149659179,0.2382198502584703
3806728,905591502,5132,trunk_link,台北大街 Taibei St, ,F,0,0,F,F,1,一级道路,24.146385621464816,0.056049502619341926,0.4554685597189622,1.0
3806729,905591503,5132,trunk_link, , ,F,0,0,F,F,1,一级道路,23.84496642980787,0.033611748778621456,0.4365247802348606,0.9420568193158294
3806730,905591504,5115,tertiary,台北大街, ,F,0,1,T,F,2,二级道路,24.9768466028524,0.05626935075637177,0.5076618842882289,1.0
3806731,905591505,5132,trunk_link,铁北四路 Tiebei 4th Rd, ,F,0,0,F,F,1,一级道路,24.64521970786183,0.019795357780524655,0.48681959241170925,0.5487055165456208
3806732,905591506,5132,trunk_link,铁北四路 Tiebei 4th Rd, ,F,0,0,F,F,1,一级道路,22.942344860249744,0.010171001432393075,0.3797962624609701,0.2747010309759979
3806733,905591507,5132,trunk_link, , ,F,0,1,T,F,1,一级道路,22.982738577360216,0.0033432809464947907,0.3823349517371157,0.08031649535820273
3806734,905591508,5132,trunk_link, , ,F,50,0,F,F,1,一级道路,22.705911807579685,0.003595561834127965,0.36493677196896396,0.08749890759799846
3806735,905591509,5132,trunk_link, , ,F,0,1,T,F,1,一级道路,22.508606055141502,0.00196038613220319,0.3525363782031029,0.04094561501248167
3806736,905591510,5115,tertiary, , ,F,0,0,F,F,2,二级道路,23.626154890404248,0.008840051584180138,0.42277277748993686,0.23680901874295626
3806818,905621233,5132,trunk_link, , ,F,0,2,T,F,1,一级道路,17.353054304896272,0.005332077618851413,0.028517078242018695,0.13693734244658448
3806819,905621234,5112,trunk,东部快速路, ,F,80,2,T,F,1,一级道路,18.238852061881722,0.011400317852728235,0.08418824265460984,0.30969954944020855
3806820,905621235,5112,trunk,东部快速路, ,F,80,2,T,F,1,一级道路,17.741617039230587,0.003920183648242981,0.05293770890758823,0.09674085895181865
3806821,905621236,5112,trunk,东部快速路, ,F,0,4,T,F,1,一级道路,16.72984494614707,0.005600486589361744,0.0,0.14457891963124817
3806822,905621237,5112,trunk,东部快速路, ,F,0,4,T,F,1,一级道路,17.195586270083243,0.0022030124679665174,0.01862042995331939,0.04785316310315262
3806823,905621238,5132,trunk_link, , ,F,0,2,T,F,1,一级道路,19.224202889570073,0.01327064571193125,0.14611617992892145,0.3629476009846576
3806824,905621239,5132,trunk_link, , ,F,0,0,F,F,1,一级道路,19.81021054259604,0.013139237153452232,0.18294595076698544,0.359206412154666
3806825,905621240,5132,trunk_link, , ,F,0,0,F,F,1,一级道路,19.617478724418895,0.016659750426746715,0.17083302244597406,0.4594350813245636
3806826,905621241,5132,trunk_link, , ,F,0,1,T,F,1,一级道路,19.26397015109808,0.016328506680793456,0.14861549733778287,0.45000460421783245
3806827,905623753,5113,primary,吉林大路 (Jílín Dàlù), ,F,0,0,F,F,1,一级道路,23.455869168835264,0.023235214183823263,0.4120705553090567,0.6466378925015659
3806828,905623754,5113,primary,吉林大路 (Jílín Dàlù), ,F,0,0,F,F,1,一级道路,24.427904255335957,0.03737675381532532,0.47316161665871437,1.0
3806829,905623755,5132,trunk_link, , ,F,0,1,T,F,1,一级道路,18.601403461048633,0.01122202982282522,0.1069740968655362,0.30462370663579275
3806830,905623756,5132,trunk_link, , ,F,0,2,T,F,1,一级道路,16.036164078617016,0.001408264170934134,0.0,0.02522675668087091
3806831,905623757,5132,trunk_link, , ,F,0,1,T,F,1,一级道路,16.730067588010662,0.004781386185158958,0.0,0.12125921109541185
3806832,905623758,5113,primary,吉林大路, ,F,0,0,F,F,1,一级道路,19.13335719217898,0.002787293739086075,0.14040665344191877,0.06448759384637422
3806833,905623759,5115,tertiary,东盛大街 Dongsheng St, ,F,0,0,F,F,2,二级道路,19.825193268055425,0.010402024839602095,0.18388759434851454,0.2812782448235648
3806834,905623760,5113,primary,吉林大路, ,F,0,0,F,F,1,一级道路,18.941760907173066,0.0063067278827476595,0.12836509181084643,0.1646855403009827
3806881,905626324,5122,residential,裕民路, ,B,0,0,F,F,3,三级道路,18.498001539834895,0.002584319265407028,0.10047542907023904,0.058708930397884045
3806882,905626325,5115,tertiary,远达大街 Yuanda St, ,F,0,0,F,F,2,二级道路,19.808872250671367,0.0036693154394019656,0.18286184096970623,0.08959866553931063
3806883,905626326,5115,tertiary,东丰路, ,B,0,0,F,F,2,二级道路,18.761867574655604,0.0008278886338218847,0.11705904456436073,0.00870352180350606
3806884,905626327,5115,tertiary,远达大街 Yuanda St, ,F,0,0,F,F,2,二级道路,20.251441288389127,0.003937547825063276,0.21067669313929957,0.09723521537056333
3806885,905626328,5115,tertiary,远达大街 Yuanda St, ,F,0,0,F,F,2,二级道路,20.542787186255083,0.02254105597739714,0.2289873800349495,0.62687527613786
3806886,905626329,5132,trunk_link, , ,F,0,2,T,F,1,一级道路,19.469085968379126,0.010969597975160398,0.16150674288161615,0.2974369965786348
3806887,905626330,5132,trunk_link, , ,F,0,0,F,F,1,一级道路,19.94290254095296,0.014149121869334693,0.19128545941724814,0.3879577314170412
3806888,905626331,5132,trunk_link, , ,F,0,2,T,F,1,一级道路,19.01867877567148,0.004531314379892872,0.13319927350714478,0.11413969121492622
3806889,905626332,5132,trunk_link, , ,F,0,0,F,F,1,一级道路,19.618804549257362,0.004297192300900582,0.1709163487041211,0.1074742584842245
3806890,905626333,5132,trunk_link, , ,F,0,1,T,F,1,一级道路,19.49404336665746,0.004964741891812349,0.16307528085984738,0.1264793301621347
3806891,905626334,5132,trunk_link, , ,F,0,0,F,F,1,一级道路,19.987601803980876,0.005142150803461063,0.1940947463018949,0.13153014455568215
3806892,905626335,5132,trunk_link, , ,F,0,1,T,F,1,一级道路,19.937767452239274,0.011825740184825476,0.19096272619084467,0.32181128169945344
3806893,905626336,5132,trunk_link, , ,F,0,0,F,F,1,一级道路,20.475261718780903,0.011728765671905348,0.2247434977580452,0.31905042678459955
3806894,905626338,5132,trunk_link, , ,F,0,1,T,F,1,一级道路,16.348753627378148,0.001488414071850413,0.0,0.02750861653462464
3806988,905629427,5134,secondary_link, , ,F,0,0,F,F,2,二级道路,24.732767938537613,0.008089057625522398,0.49232187767439706,0.21542829406230196
3806989,905629428,5134,secondary_link, , ,F,0,1,T,F,2,二级道路,24.64913876830662,0.00780681617517217,0.4870658999425697,0.2073929075271128
3806990,905629429,5122,residential, , ,F,0,0,F,F,3,三级道路,29.523069503062363,0.02712565647052668,0.793385708420731,0.7573984045656714
3806991,905630451,5115,tertiary,一匡街 Yikuang St, ,B,0,0,F,F,2,二级道路,16.794191024237573,0.01334422273235623,0.0,0.36504233157255883
3806992,905630452,5115,tertiary,一匡街 Yikuang St, ,B,0,1,T,F,2,二级道路,17.31004573333859,0.012977514862558125,0.025814048978897962,0.35460219432245915
3808305,905744819,5122,residential, , ,B,0,0,F,F,3,三级道路,27.39272600375837,0.01718965212784743,0.6594965646858645,0.4745213310186283
3808872,905815031,5141,service,长春站南广场私家车地下停车场, ,F,0,0,F,F,3,三级道路,28.02152856832888,0.0049882276767320025,0.6990159365506081,0.12714796816579277
3808873,905815032,5141,service,长春站南广场私家车地下停车场, ,F,0,0,F,F,3,三级道路,27.245733583408203,0.0005168049914650656,0.6502582942836362,0.0
3808874,905815033,5115,tertiary, , ,F,0,0,F,F,2,二级道路,27.285010512786503,0.0067814620753031025,0.652726794994772,0.1782011764129724
3808875,905815034,5115,tertiary, , ,F,0,0,F,F,2,二级道路,27.259592445381372,0.007546942139031137,0.651129304598796,0.1999943190906457
3808877,905815036,5122,residential, , ,B,0,0,F,F,3,三级道路,17.515096299673512,0.00023978805093439367,0.038701193590976575,0.0
3809297,905884782,5115,tertiary,长利路, ,F,0,0,F,F,2,二级道路,27.912931675708336,0.021514313183040007,0.6921907719844327,0.5976440090272278
3809298,905884783,5115,tertiary, , ,B,0,0,F,F,2,二级道路,28.209951268963536,0.05832509270704573,0.7108580427914221,1.0
3809299,905884784,5115,tertiary, , ,F,0,0,F,F,2,二级道路,27.97967200669378,0.013323091412090173,0.6963853095184698,0.36444072494771357
3809300,905886483,5115,tertiary,北八条 N.8th Tiao, ,B,0,0,F,F,2,二级道路,24.823577384431033,0.003982871269645064,0.4980291258048887,0.09852556941271047
3809301,905886484,5122,residential, , ,B,0,0,F,F,3,三级道路,23.745996768063232,0.00011271999529107069,0.430304673819605,0.0
3809312,905887907,5114,secondary,铁北二路 Tiebei 2nd Rd, ,B,0,0,F,F,2,二级道路,25.3435946999602,0.057101418564953786,0.530711495162812,1.0
3809313,905887908,5141,service, , ,F,0,0,F,F,3,三级道路,20.528078042748437,0.003886779680970039,0.22806293070092354,0.09578985126491148
3809314,905887909,5141,service, , ,F,0,0,F,F,3,三级道路,19.84827085080408,0.004775835344438558,0.18533798851954728,0.12110117920205128
3883496,918492702,5153,footway, , ,B,0,1,T,F,4,其他道路,23.825304885591848,0.013541093184238236,0.43528907936293626,0.3706472141164456
3883497,918492703,5153,footway, , ,B,0,0,F,F,4,其他道路,23.510347617202303,0.003207149481535465,0.4154944504725597,0.07644084584183165
3883498,918492704,5153,footway, , ,B,0,1,T,F,4,其他道路,23.92964264401042,0.014454647124610042,0.4418465632327639,0.3966560056051641
3883499,918492705,5153,footway, , ,B,0,0,F,F,4,其他道路,23.50886043802034,0.006977743746970382,0.415400983316996,0.18378929644163067
3883500,918492706,5155,steps, , ,B,0,0,F,F,4,其他道路,23.432810264667367,0.0031359507132065843,0.4106213350610015,0.07441382385890881
3883501,918492707,5124,pedestrian, , ,B,0,0,F,F,4,其他道路,23.48978471059549,0.0023102271467805944,0.41420210022050613,0.050905554541221795
3883502,918492708,5153,footway, , ,B,0,0,F,F,4,其他道路,23.64663873483265,0.008449585025604802,0.4240601587933806,0.2256924739430179
3883503,918492709,5153,footway, , ,B,0,0,F,F,4,其他道路,23.4086775383282,0.0012119606804402848,0.40910462657403934,0.019638015472350445
3883504,918492710,5153,footway, , ,B,0,0,F,F,4,其他道路,23.470217370944855,0.0031980175643850604,0.4129723199752786,0.07618086105214264
3970626,934877722,5153,footway, , ,B,0,0,F,F,4,其他道路,27.088911670917895,0.0004031252959075821,0.6404022538896569,0.0
3970627,934877723,5153,footway, , ,B,0,0,F,F,4,其他道路,27.363894446504965,0.001610674554123256,0.6576845411720685,0.030989360528187165
3970628,934877724,5153,footway, , ,B,0,0,F,F,4,其他道路,27.02740104365496,0.000292346027821924,0.6365363960045227,0.0
3970629,934877725,5153,footway, , ,B,0,0,F,F,4,其他道路,27.142890424862678,0.000588616163399847,0.6437947439495478,0.001891457931651288
4019561,945356421,5141,service, , ,B,0,-1,F,F,3,三级道路,31.145958799996457,0.0021101889457884513,0.8953820570912508,0.045210486489448566
4019562,945356422,5115,tertiary,民安路, ,B,0,0,F,F,2,二级道路,31.370052702137617,0.016712578727411852,0.9094660490313711,0.4609390978866767
4019563,945356423,5115,tertiary,民安路, ,F,0,0,F,F,2,二级道路,31.93543794995526,0.023480487374183293,0.9449997302125334,0.6536207962841828
4690217,1028865921,5114,secondary, , ,F,0,0,F,F,2,二级道路,19.362501968672746,0.0016832950732827124,0.1548080858522747,0.03305685961844568
4690219,1028865923,5114,secondary,惠工路, ,B,0,0,F,F,2,二级道路,22.081842782370458,0.026182300528514318,0.32571489650896657,0.7305411529999264
5536020,1147813086,5141,service,精明胡同, ,B,0,0,F,F,3,三级道路,32.25055983996535,0.012846019192824158,0.9648047053441718,0.35085852544354407
5574417,1155574517,5141,service, , ,B,0,0,F,F,3,三级道路,22.46023081042356,0.0021248929600241316,0.3494960609512766,0.04562910833913082
5638842,1165073032,5132,trunk_link, , ,F,60,2,T,F,1,一级道路,16.891116402941634,0.00837647889811054,0.0,0.22361114963087922
5638843,1165073034,5132,trunk_link, , ,F,0,1,T,F,1,一级道路,15.192042467164002,0.002950609460525083,0.0,0.06913717649062187
