{"type":"FeatureCollection","name":"road_clipped","crs":{"type":"name","properties":{"name":"urn:ogc:def:crs:OGC:1.3:CRS84"}},"features":[{"type":"Feature","properties":{"name":"\u6c11\u5eb7\u8def"},"geometry":{"type":"LineString","coordinates":[[125.319288,43.883786],[125.319478,43.883786],[125.319568,43.88375],[125.321204,43.883097],[125.324036,43.881825],[125.324313,43.881693],[125.326466,43.880568],[125.327487,43.880053],[125.328542,43.879521],[125.330128,43.87908],[125.33193,43.878579],[125.33528,43.877662],[125.33634,43.87737],[125.33656,43.877299]]}},{"type":"Feature","properties":{"name":"\u89e3\u653e\u5927\u8def"},"geometry":{"type":"LineString","coordinates":[[125.344337,43.879543],[125.343926,43.879543],[125.34294,43.879528],[125.3425,43.879502],[125.342406,43.8795],[125.341537,43.879389],[125.34068,43.879064],[125.33895,43.878406],[125.338484,43.878235],[125.338349,43.878181],[125.337893,43.877993],[125.33763,43.877885],[125.336583,43.877459],[125.33634,43.87737],[125.336103,43.877251],[125.332831,43.875974],[125.328924,43.875932],[125.327604,43.875909],[125.324738,43.875867],[125.321754,43.875826],[125.319807,43.875821],[125.319435,43.875835],[125.318521,43.875826],[125.318426,43.875818],[125.318339,43.87582],[125.318193,43.875813],[125.318095,43.875813],[125.318009,43.875811],[125.316828,43.875782],[125.311366,43.875726],[125.311219,43.875725],[125.310247,43.875713],[125.304423,43.875649],[125.30146,43.875603],[125.301022,43.875597],[125.298105,43.875568],[125.294949,43.875533],[125.292974,43.875512],[125.29096,43.87549],[125.289798,43.875495],[125.288737,43.875476],[125.288313,43.875478],[125.287511,43.875416]]}},{"type":"Feature","properties":{"name":"\u4eba\u6c11\u5927\u8857"},"geometry":{"type":"LineString","coordinates":[[125.318307,43.885529],[125.318178,43.885655],[125.318135,43.885733],[125.318109,43.885869],[125.3181,43.887314],[125.318053,43.888849],[125.31805,43.888938],[125.318048,43.889022],[125.318001,43.890692],[125.317967,43.892361],[125.317955,43.893253],[125.317951,43.893385],[125.317927,43.894294],[125.317882,43.895475],[125.317869,43.897795],[125.317866,43.897878],[125.317857,43.898039],[125.317843,43.899109]]}},{"type":"Feature","properties":{"name":"\u9526\u6c34\u8def"},"geometry":{"type":"LineString","coordinates":[[125.31804,43.881808],[125.317943,43.881803],[125.317859,43.881801],[125.31759,43.881801],[125.316804,43.881802],[125.315815,43.881803],[125.315553,43.881803],[125.315251,43.88189],[125.314875,43.882153],[125.313388,43.883194],[125.312541,43.883775],[125.312511,43.883786],[125.31203,43.883953],[125.311154,43.884269],[125.311033,43.884268],[125.308783,43.884259],[125.306287,43.884244],[125.305662,43.884249],[125.30423,43.884246]]}},{"type":"Feature","properties":{"name":"\u540c\u5fd7\u8857"},"geometry":{"type":"LineString","coordinates":[[125.309282,43.855859],[125.310255,43.856555],[125.311149,43.857195],[125.311779,43.857639],[125.311714,43.859623],[125.311688,43.860374],[125.311677,43.860672],[125.311647,43.861513],[125.311644,43.861644],[125.311624,43.862464],[125.311608,43.863166],[125.311599,43.863806],[125.311589,43.864463],[125.311571,43.86509],[125.311553,43.865741],[125.311548,43.866478],[125.311542,43.867304],[125.311505,43.868878],[125.311447,43.871123],[125.311431,43.871656],[125.311424,43.872047],[125.311417,43.872419],[125.311402,43.873182],[125.311385,43.873849],[125.311369,43.874476],[125.311367,43.874874],[125.311364,43.875264],[125.311367,43.875495],[125.311367,43.875554],[125.311369,43.875638],[125.311366,43.875726],[125.311364,43.875804],[125.311362,43.875887],[125.311357,43.876087],[125.311324,43.876753],[125.311273,43.878086],[125.311256,43.878914],[125.311245,43.879403],[125.311241,43.879815],[125.311234,43.880218],[125.311225,43.880713],[125.311194,43.881556],[125.311186,43.881961],[125.311177,43.88242],[125.311163,43.883205],[125.311154,43.884269],[125.311161,43.884802],[125.311186,43.884918],[125.311243,43.885016],[125.311747,43.885698],[125.312235,43.886372],[125.312293,43.886453]]}},{"type":"Feature","properties":{"name":"\u6811\u52cb\u8857 Shuxun Jie"},"geometry":{"type":"LineString","coordinates":[[125.324831,43.868658],[125.324818,43.870017],[125.32481,43.870544],[125.32481,43.870841],[125.324808,43.871058],[125.324803,43.87177],[125.324794,43.872323],[125.324783,43.872986],[125.324778,43.873359],[125.324771,43.874162],[125.324756,43.87487],[125.324749,43.875198],[125.324746,43.87569],[125.324737,43.875778],[125.324738,43.875867],[125.324733,43.875947],[125.324721,43.876279],[125.32468,43.877396],[125.324674,43.877544],[125.324669,43.87771],[125.324655,43.878033],[125.324635,43.878571],[125.32462,43.87896],[125.324617,43.879024],[125.325697,43.879926],[125.326466,43.880568]]}},{"type":"Feature","properties":{"name":"\u6c11\u5eb7\u8def"},"geometry":{"type":"LineString","coordinates":[[125.336794,43.877399],[125.336583,43.877459],[125.335265,43.877865],[125.33311,43.878418],[125.332,43.878725],[125.328675,43.879643],[125.326587,43.880699],[125.324451,43.881814],[125.324216,43.881913],[125.323294,43.88234],[125.322252,43.882821],[125.31968,43.883896],[125.319599,43.883951],[125.319525,43.884107]]}},{"type":"Feature","properties":{"name":"\u897f\u4e09\u9053\u8857"},"geometry":{"type":"LineString","coordinates":[[125.328542,43.879521],[125.328675,43.879643],[125.330007,43.880483],[125.33014,43.880567],[125.330195,43.880601],[125.330989,43.880938],[125.33252,43.881586],[125.333385,43.881953],[125.333688,43.882081],[125.334367,43.8824],[125.334545,43.882473],[125.335188,43.882821],[125.335588,43.883038],[125.336159,43.883328],[125.336488,43.883507],[125.337367,43.883985],[125.338484,43.884607]]}},{"type":"Feature","properties":{"name":"\u897f\u56db\u9053\u8857"},"geometry":{"type":"LineString","coordinates":[[125.326466,43.880568],[125.326587,43.880699],[125.327955,43.881681],[125.328185,43.881846],[125.328513,43.882082],[125.328677,43.882214],[125.329075,43.882533],[125.329454,43.882837],[125.330883,43.883545],[125.331349,43.883821],[125.331701,43.884028],[125.331889,43.88414],[125.332495,43.884498],[125.33262,43.884586],[125.333192,43.884869],[125.333614,43.885077],[125.33401,43.885302],[125.334205,43.885413],[125.33476,43.885708],[125.3355,43.886102],[125.335852,43.886283],[125.336583,43.88666]]}},{"type":"Feature","properties":{"name":"\u957f\u6625\u5927\u8857"},"geometry":{"type":"LineString","coordinates":[[125.319536,43.884794],[125.31964,43.884928],[125.319738,43.884972],[125.321598,43.88564],[125.322663,43.886051],[125.3246,43.886587],[125.32683,43.887155],[125.329403,43.887844],[125.32954,43.887901],[125.331352,43.888658],[125.331923,43.888896],[125.333907,43.889773],[125.338815,43.891506],[125.339402,43.891714],[125.339766,43.891842],[125.340196,43.89199],[125.341171,43.892318],[125.342109,43.892646],[125.34406,43.893316],[125.345718,43.893885],[125.345967,43.894058]]}},{"type":"Feature","properties":{"name":"\u957f\u6625\u5927\u8857"},"geometry":{"type":"LineString","coordinates":[[125.345967,43.894058],[125.34559,43.894021],[125.344492,43.89363],[125.343311,43.893229],[125.342113,43.892823],[125.340958,43.892431],[125.340068,43.89213],[125.339664,43.891993],[125.339298,43.891865],[125.338918,43.891726],[125.336246,43.89078],[125.334749,43.890247],[125.333815,43.889915],[125.333048,43.889581],[125.33037,43.888426],[125.32942,43.888016],[125.329274,43.887965],[125.326757,43.887281],[125.325915,43.887073],[125.324637,43.886757],[125.322569,43.88618],[125.321479,43.885771],[125.31965,43.885103],[125.319554,43.885068],[125.319302,43.885113]]}},{"type":"Feature","properties":{"name":"\u60e0\u5de5\u8def"},"geometry":{"type":"LineString","coordinates":[[125.361842,43.89647],[125.356764,43.896105],[125.356282,43.896039],[125.354966,43.895782],[125.353499,43.895488],[125.352964,43.895419],[125.352405,43.895384],[125.350238,43.895344],[125.349727,43.895298],[125.349138,43.895176],[125.348717,43.895032],[125.345967,43.894058]]}},{"type":"Feature","properties":{"name":"\u80dc\u5229\u5927\u8857"},"geometry":{"type":"LineString","coordinates":[[125.326628,43.90218],[125.327437,43.901774],[125.328312,43.901364],[125.329094,43.900991],[125.331118,43.900034],[125.331327,43.90001]]}},{"type":"Feature","properties":{"name":"\u7ad9\u524d\u5e7f\u573a"},"geometry":{"type":"LineString","coordinates":[[125.316724,43.906875],[125.316536,43.906778],[125.316472,43.906726],[125.316409,43.906643],[125.316397,43.906585],[125.316398,43.906445],[125.316447,43.906333],[125.316453,43.906215],[125.316448,43.906064],[125.316462,43.906011],[125.3165,43.905955],[125.316621,43.905867],[125.316802,43.905848],[125.31701,43.905849],[125.317218,43.905827],[125.317382,43.905822],[125.317663,43.905823],[125.317946,43.905832],[125.318109,43.905835],[125.318399,43.905832],[125.318622,43.905855],[125.318746,43.905887],[125.31885,43.905949],[125.318927,43.906018],[125.319037,43.906163],[125.319022,43.906496],[125.318976,43.90666],[125.318944,43.906709],[125.318893,43.906765],[125.318837,43.906792],[125.318651,43.906824],[125.318353,43.906903],[125.318209,43.906855],[125.317985,43.906824],[125.317575,43.906819],[125.317342,43.906817],[125.316938,43.906808],[125.316724,43.906875]]}},{"type":"Feature","properties":{"name":"\u80dc\u5229\u5927\u8857"},"geometry":{"type":"LineString","coordinates":[[125.325838,43.902697],[125.324177,43.903523],[125.32337,43.903911]]}},{"type":"Feature","properties":{"name":"\u80dc\u5229\u5927\u8857"},"geometry":{"type":"LineString","coordinates":[[125.318399,43.905832],[125.318548,43.905791],[125.318702,43.905776],[125.318779,43.905784],[125.319075,43.905794],[125.31918,43.905793],[125.319284,43.905791],[125.319569,43.905708],[125.319899,43.905581],[125.320527,43.905278],[125.321872,43.904606],[125.321956,43.904572],[125.323376,43.903786],[125.323917,43.90352],[125.324592,43.903166],[125.325748,43.902589]]}},{"type":"Feature","properties":{"name":"\u5357\u5e7f\u573a"},"geometry":{"type":"LineString","coordinates":[[125.325947,43.902767],[125.325838,43.902697],[125.325748,43.902589],[125.32572,43.902515],[125.325713,43.902426],[125.325761,43.902287],[125.325859,43.902184],[125.326031,43.902096],[125.326246,43.902064],[125.326474,43.902101],[125.326628,43.90218],[125.326711,43.902261],[125.326756,43.902336],[125.326779,43.902439],[125.326767,43.902531],[125.326668,43.902688],[125.326534,43.902772],[125.326253,43.902836],[125.326054,43.902808],[125.325947,43.902767]]}},{"type":"Feature","properties":{"name":"\u65b0\u53d1\u8def"},"geometry":{"type":"LineString","coordinates":[[125.307499,43.892273],[125.311744,43.893181],[125.313668,43.893206],[125.315198,43.893217],[125.317311,43.893243],[125.317701,43.893249],[125.317821,43.893251],[125.317955,43.893253],[125.318085,43.893256],[125.318622,43.893268],[125.31929,43.893268],[125.320223,43.893278],[125.321243,43.893291],[125.321951,43.893296],[125.322138,43.893344],[125.322989,43.894014],[125.323118,43.894126]]}},{"type":"Feature","properties":{"name":"\u80dc\u5229\u5927\u8857"},"geometry":{"type":"LineString","coordinates":[[125.331327,43.90001],[125.331227,43.90012],[125.330382,43.900508],[125.329137,43.901095],[125.327918,43.901681],[125.327471,43.901889],[125.326711,43.902261]]}},{"type":"Feature","properties":{"name":"\u4e0a\u6d77\u8def"},"geometry":{"type":"LineString","coordinates":[[125.333132,43.901344],[125.332804,43.901226],[125.331227,43.90012],[125.331118,43.900034],[125.330142,43.899329],[125.329098,43.898578],[125.327996,43.897779],[125.327725,43.897598],[125.326504,43.896755],[125.325374,43.895945],[125.324113,43.895033],[125.322998,43.894244]]}},{"type":"Feature","properties":{"name":"\u897f\u5e7f\u573a"},"geometry":{"type":"LineString","coordinates":[[125.311857,43.902611],[125.311666,43.902566],[125.311548,43.902499],[125.311447,43.902385],[125.311411,43.902239],[125.311454,43.902101],[125.311521,43.902022],[125.311599,43.901966],[125.311803,43.901894],[125.311931,43.901885],[125.312136,43.901922],[125.312297,43.902011],[125.312361,43.902077],[125.312409,43.902171],[125.312417,43.902295],[125.312367,43.902412],[125.312248,43.902524],[125.312058,43.902599],[125.311857,43.902611]]}},{"type":"Feature","properties":{"name":"\u5317\u4eac\u5927\u8857"},"geometry":{"type":"LineString","coordinates":[[125.317689,43.89814],[125.317866,43.897878],[125.319107,43.896956],[125.320202,43.896145],[125.32063,43.89583],[125.32122,43.895382],[125.321804,43.894942],[125.322867,43.894137],[125.322989,43.894014]]}},{"type":"Feature","properties":{"name":"\u4e1c\u671d\u9633\u8def"},"geometry":{"type":"LineString","coordinates":[[125.3043,43.88063],[125.305345,43.880639],[125.305824,43.880646],[125.306315,43.880652],[125.306385,43.880652],[125.307321,43.880659],[125.308847,43.880676],[125.309938,43.880686],[125.311093,43.880711],[125.311225,43.880713],[125.312363,43.880727],[125.313484,43.880742],[125.314814,43.880747],[125.315088,43.880752],[125.315274,43.880752],[125.315783,43.880751],[125.317888,43.880783],[125.31796,43.880784],[125.31807,43.880783]]}},{"type":"Feature","properties":{"name":"\u5317\u5b89\u8def\u5317\u4e09\u80e1\u540c"},"geometry":{"type":"LineString","coordinates":[[125.324183,43.893146],[125.324029,43.893088],[125.322288,43.89243],[125.321287,43.892406],[125.32025,43.892392],[125.319303,43.892379],[125.318111,43.892363],[125.317967,43.892361]]}},{"type":"Feature","properties":{"name":"\u897f\u56db\u9a6c\u8def"},"geometry":{"type":"LineString","coordinates":[[125.333451,43.893966],[125.332055,43.893484],[125.331925,43.893439],[125.330518,43.892952],[125.329714,43.892691],[125.329358,43.892574],[125.328766,43.892381],[125.327416,43.89194],[125.326995,43.891803],[125.325897,43.891444]]}},{"type":"Feature","properties":{"name":" "},"geometry":{"type":"LineString","coordinates":[[125.323155,43.89133],[125.323175,43.890753]]}},{"type":"Feature","properties":{"name":"\u4e1c\u4e94\u9a6c\u8def"},"geometry":{"type":"LineString","coordinates":[[125.335783,43.897267],[125.334646,43.896874],[125.333569,43.896502]]}},{"type":"Feature","properties":{"name":"\u6e05\u660e\u8857"},"geometry":{"type":"LineString","coordinates":[[125.321804,43.894942],[125.321342,43.894507],[125.321172,43.894342],[125.321197,43.893886],[125.321223,43.893431],[125.321243,43.893291],[125.321287,43.892406],[125.321305,43.8916],[125.321329,43.89073],[125.321327,43.890274],[125.321327,43.889852],[125.321325,43.889464],[125.321323,43.888946],[125.321332,43.888547],[125.321341,43.888169],[125.321345,43.88797],[125.321513,43.887727],[125.322051,43.886939],[125.322569,43.88618],[125.322663,43.886051]]}},{"type":"Feature","properties":{"name":" "},"geometry":{"type":"LineString","coordinates":[[125.322332,43.89132],[125.323155,43.89133],[125.323492,43.891336]]}},{"type":"Feature","properties":{"name":"\u4e1c\u56db\u9a6c\u8def"},"geometry":{"type":"LineString","coordinates":[[125.337656,43.895338],[125.337184,43.89518],[125.336621,43.894996],[125.335,43.894472],[125.334029,43.894154],[125.333451,43.893966]]}},{"type":"Feature","properties":{"name":"\u5317\u5b89\u8def"},"geometry":{"type":"LineString","coordinates":[[125.307465,43.892254],[125.309469,43.891553],[125.312268,43.890606],[125.313731,43.890629],[125.313925,43.890634],[125.31525,43.890641],[125.317758,43.890687],[125.317877,43.89069],[125.318001,43.890692],[125.318132,43.890693],[125.319328,43.890707],[125.320301,43.890718],[125.321329,43.89073],[125.322349,43.890744],[125.322568,43.89075],[125.323175,43.890753],[125.323767,43.890757],[125.324247,43.89091],[125.325028,43.89116],[125.325769,43.891398],[125.325897,43.891444]]}},{"type":"Feature","properties":{"name":" "},"geometry":{"type":"LineString","coordinates":[[125.312858,43.895721],[125.312779,43.89598],[125.313147,43.896093],[125.313584,43.896161],[125.313687,43.896079],[125.313752,43.895944]]}},{"type":"Feature","properties":{"name":" "},"geometry":{"type":"LineString","coordinates":[[125.308326,43.895952],[125.308379,43.896043],[125.308432,43.896118],[125.308466,43.896226],[125.308595,43.896206],[125.309964,43.895989],[125.312271,43.895624],[125.312532,43.895635],[125.312858,43.895721],[125.313077,43.895778],[125.313752,43.895944],[125.31416,43.89601],[125.314573,43.896077],[125.315386,43.896486],[125.315421,43.896538],[125.315584,43.896901],[125.316169,43.896663]]}},{"type":"Feature","properties":{"name":"\u547c\u4f26\u8def"},"geometry":{"type":"LineString","coordinates":[[125.32063,43.89583],[125.320121,43.895496],[125.31912,43.895491],[125.318029,43.895477],[125.317882,43.895475]]}},{"type":"Feature","properties":{"name":" "},"geometry":{"type":"LineString","coordinates":[[125.31416,43.89601],[125.314427,43.895861],[125.314835,43.895765],[125.315241,43.895723],[125.31564,43.895834],[125.316115,43.896],[125.316391,43.896182],[125.316169,43.896663],[125.316433,43.896908],[125.316701,43.897123],[125.316675,43.897329]]}},{"type":"Feature","properties":{"name":"\u60e0\u5de5\u8def"},"geometry":{"type":"LineString","coordinates":[[125.354428,43.895786],[125.354691,43.895664],[125.355002,43.895651],[125.356342,43.895908],[125.3568,43.895974],[125.357756,43.89605],[125.35831,43.896087],[125.358436,43.896101],[125.359111,43.896154],[125.361808,43.896339],[125.362562,43.896553],[125.36175,43.896604],[125.358422,43.89635],[125.35828,43.896341],[125.356727,43.896234],[125.356233,43.896154],[125.354919,43.89589],[125.354428,43.895786]]}},{"type":"Feature","properties":{"name":"\u767e\u6c47\u8857"},"geometry":{"type":"LineString","coordinates":[[125.315838,43.878978],[125.315824,43.879464],[125.315812,43.87986],[125.315799,43.880272],[125.315783,43.880751]]}},{"type":"Feature","properties":{"name":"\u6cb3\u4e1c\u8def"},"geometry":{"type":"LineString","coordinates":[[125.384972,43.907102],[125.382959,43.906898],[125.381037,43.906787],[125.379018,43.906739],[125.376628,43.90671],[125.373261,43.906669],[125.369669,43.906654],[125.36919,43.906652],[125.366139,43.906633],[125.36366,43.906619],[125.361987,43.906609],[125.360152,43.906598],[125.357091,43.90658]]}},{"type":"Feature","properties":{"name":" "},"geometry":{"type":"LineString","coordinates":[[125.354741,43.90657],[125.353383,43.906434]]}},{"type":"Feature","properties":{"name":"\u5065\u5eb7\u80e1\u540c"},"geometry":{"type":"LineString","coordinates":[[125.326375,43.888995],[125.326392,43.888578],[125.326396,43.888216],[125.326424,43.88788],[125.326757,43.887281],[125.32683,43.887155],[125.327524,43.886102],[125.328101,43.885233]]}},{"type":"Feature","properties":{"name":"\u6587\u5316\u80e1\u540c"},"geometry":{"type":"LineString","coordinates":[[125.313668,43.893341],[125.313668,43.893206],[125.313731,43.890629]]}},{"type":"Feature","properties":{"name":"\u5357\u4eac\u5927\u8857"},"geometry":{"type":"LineString","coordinates":[[125.331673,43.905778],[125.331014,43.905338],[125.33036,43.904901],[125.330051,43.904685],[125.329071,43.904106],[125.32852,43.903782],[125.328127,43.903552],[125.327472,43.903176],[125.326668,43.902688]]}},{"type":"Feature","properties":{"name":"\u5929\u6d25\u8def"},"geometry":{"type":"LineString","coordinates":[[125.324351,43.901292],[125.32343,43.901278],[125.321971,43.90126],[125.320593,43.901243],[125.317783,43.901235]]}},{"type":"Feature","properties":{"name":" "},"geometry":{"type":"LineString","coordinates":[[125.34843,43.903005],[125.348381,43.903134]]}},{"type":"Feature","properties":{"name":"\u7acb\u4fe1\u8857 Lixin St"},"geometry":{"type":"LineString","coordinates":[[125.313582,43.881335],[125.313557,43.881186],[125.313484,43.880742],[125.313496,43.880241],[125.313505,43.879835],[125.31351,43.879433],[125.313516,43.878949],[125.313534,43.878095]]}},{"type":"Feature","properties":{"name":"\u4e1c\u4e8c\u6761"},"geometry":{"type":"LineString","coordinates":[[125.323312,43.906848],[125.32334,43.906166],[125.323359,43.905691],[125.323368,43.90459],[125.323369,43.904195],[125.32337,43.903911],[125.323376,43.903786],[125.323388,43.903517],[125.323412,43.902957],[125.323434,43.902434],[125.323432,43.90182],[125.32343,43.901278],[125.323442,43.900718],[125.323454,43.900231],[125.323461,43.899942],[125.323466,43.899711],[125.323471,43.899538],[125.323499,43.899429],[125.32373,43.899002],[125.323868,43.898749],[125.324006,43.898494],[125.324305,43.897942],[125.324438,43.89768],[125.32456,43.897439],[125.32468,43.897202],[125.324811,43.896943],[125.325341,43.895979],[125.325374,43.895945]]}},{"type":"Feature","properties":{"name":"\u4e1c\u83b1\u5317\u8857"},"geometry":{"type":"LineString","coordinates":[[125.348381,43.903134],[125.348163,43.905631],[125.348078,43.906597],[125.34792,43.908437],[125.347942,43.908777],[125.348006,43.909055],[125.348103,43.909333],[125.348232,43.909546],[125.348589,43.909983],[125.349497,43.910788],[125.349791,43.911104],[125.350045,43.911479],[125.350297,43.911853],[125.350127,43.911902]]}},{"type":"Feature","properties":{"name":"\u4e1c\u4e09\u6761"},"geometry":{"type":"LineString","coordinates":[[125.326253,43.902836],[125.326219,43.903532],[125.32621,43.903808],[125.326184,43.904634],[125.326155,43.90572],[125.32612,43.906852]]}},{"type":"Feature","properties":{"name":" "},"geometry":{"type":"LineString","coordinates":[[125.357091,43.90658],[125.354741,43.90657]]}},{"type":"Feature","properties":{"name":"\u5ae9\u6c5f\u8def"},"geometry":{"type":"LineString","coordinates":[[125.309093,43.899015],[125.312015,43.899029],[125.313444,43.899055],[125.314914,43.899081],[125.316288,43.899099],[125.317681,43.89911]]}},{"type":"Feature","properties":{"name":" "},"geometry":{"type":"LineString","coordinates":[[125.353383,43.906434],[125.354737,43.906313]]}},{"type":"Feature","properties":{"name":"\u6c11\u5b89\u8857"},"geometry":{"type":"LineString","coordinates":[[125.320413,43.887328],[125.321479,43.885771]]}},{"type":"Feature","properties":{"name":"\u6d59\u6c5f\u8def"},"geometry":{"type":"LineString","coordinates":[[125.312417,43.902295],[125.312968,43.902287],[125.314809,43.902307],[125.316183,43.902326],[125.3176,43.902346],[125.317763,43.902348]]}},{"type":"Feature","properties":{"name":" "},"geometry":{"type":"LineString","coordinates":[[125.350431,43.906419],[125.348078,43.906597]]}},{"type":"Feature","properties":{"name":"\u9ed1\u6c34\u8def"},"geometry":{"type":"LineString","coordinates":[[125.339783,43.905878],[125.33775,43.905839],[125.336325,43.905823],[125.335889,43.905818],[125.334792,43.905806],[125.334164,43.905801],[125.332885,43.905793],[125.33209,43.905787]]}},{"type":"Feature","properties":{"name":"\u9ed1\u6c34\u8def"},"geometry":{"type":"LineString","coordinates":[[125.331673,43.905778],[125.33081,43.905775],[125.330329,43.905773],[125.328998,43.905757],[125.327603,43.905749],[125.326155,43.90572],[125.32478,43.9057],[125.323359,43.905691],[125.321886,43.905684],[125.320511,43.90568],[125.319911,43.905668]]}},{"type":"Feature","properties":{"name":"\u4e1c\u4e00\u6761"},"geometry":{"type":"LineString","coordinates":[[125.320611,43.898737],[125.320615,43.899146],[125.3206,43.900214],[125.320593,43.901243],[125.320571,43.90238]]}},{"type":"Feature","properties":{"name":"\u4e1c\u4e2d\u534e\u8def"},"geometry":{"type":"LineString","coordinates":[[125.318113,43.879019],[125.318021,43.879016],[125.317939,43.879014],[125.317875,43.879013],[125.317012,43.878998],[125.315838,43.878978],[125.315591,43.878975],[125.315328,43.878972],[125.314861,43.878966],[125.313516,43.878949],[125.312399,43.878932],[125.311696,43.878921],[125.311256,43.878914],[125.311135,43.878914],[125.309997,43.87889],[125.308883,43.878878],[125.3081,43.878867],[125.307365,43.878856],[125.306355,43.878848],[125.305865,43.878841],[125.305391,43.878833],[125.304335,43.878827]]}},{"type":"Feature","properties":{"name":"\u5357\u4eac\u5927\u8857"},"geometry":{"type":"LineString","coordinates":[[125.325859,43.902184],[125.324797,43.90157],[125.324351,43.901292],[125.323442,43.900718],[125.322735,43.90023],[125.322458,43.900038],[125.321778,43.899568],[125.321178,43.899153],[125.320611,43.898737]]}},{"type":"Feature","properties":{"name":" "},"geometry":{"type":"LineString","coordinates":[[125.354737,43.906313],[125.357102,43.906337]]}},{"type":"Feature","properties":{"name":" "},"geometry":{"type":"LineString","coordinates":[[125.308466,43.896226],[125.308134,43.89634],[125.307984,43.896392],[125.307742,43.896571],[125.307574,43.896897],[125.307563,43.896933],[125.307507,43.897123],[125.307596,43.89733],[125.307804,43.897391],[125.308003,43.897474],[125.308224,43.897649],[125.30837,43.897726],[125.308671,43.897716],[125.309401,43.897598],[125.310343,43.897538],[125.310529,43.897534],[125.311179,43.897672],[125.311596,43.897707],[125.311666,43.897713],[125.31229,43.897688],[125.313259,43.897522],[125.314007,43.897426],[125.314484,43.897745],[125.314855,43.897852],[125.315555,43.897913],[125.315989,43.897935]]}},{"type":"Feature","properties":{"name":" "},"geometry":{"type":"LineString","coordinates":[[125.315584,43.896901],[125.315659,43.897048],[125.315637,43.897274],[125.315804,43.897394],[125.316195,43.897319],[125.316369,43.897328],[125.316602,43.897389]]}},{"type":"Feature","properties":{"name":" "},"geometry":{"type":"LineString","coordinates":[[125.309964,43.895989],[125.310175,43.896154],[125.310574,43.896258],[125.310888,43.896293],[125.310976,43.896303],[125.311386,43.896287],[125.311916,43.896219],[125.312398,43.896221],[125.312899,43.896301],[125.3134,43.896515],[125.313635,43.896748],[125.313796,43.896782],[125.314207,43.896823],[125.314796,43.89668],[125.315421,43.896538]]}},{"type":"Feature","properties":{"name":" "},"geometry":{"type":"LineString","coordinates":[[125.314007,43.897426],[125.314035,43.897347],[125.313897,43.897095],[125.313635,43.896748],[125.313422,43.89679],[125.312995,43.896826],[125.31244,43.896896],[125.311876,43.897024],[125.311251,43.896993],[125.310963,43.896895],[125.311077,43.896982],[125.311071,43.897032]]}},{"type":"Feature","properties":{"name":"\u5927\u9a6c\u8def"},"geometry":{"type":"LineString","coordinates":[[125.331327,43.90001],[125.331507,43.899884],[125.332045,43.899532],[125.332321,43.89926],[125.332592,43.898968],[125.333027,43.898272],[125.333056,43.898207],[125.33336,43.897534],[125.333569,43.896502],[125.333569,43.896127],[125.333546,43.895705],[125.3335,43.894808],[125.333492,43.894719],[125.333451,43.893966],[125.333429,43.893599],[125.333451,43.892435],[125.333548,43.891376],[125.333624,43.890827],[125.333653,43.890614],[125.333815,43.889915],[125.333907,43.889773],[125.334447,43.888976],[125.334514,43.888891],[125.33509,43.888244],[125.335232,43.888093],[125.336583,43.88666],[125.337296,43.88589],[125.338484,43.884607],[125.340075,43.882896],[125.340818,43.882097],[125.341402,43.881481],[125.341895,43.880831],[125.342311,43.880281],[125.342375,43.880169]]}},{"type":"Feature","properties":{"name":"\u4e1c\u4e09\u6761"},"geometry":{"type":"LineString","coordinates":[[125.327725,43.897598],[125.327674,43.897695],[125.327003,43.89898],[125.326859,43.89926],[125.326724,43.899524],[125.326687,43.899595],[125.326587,43.899791],[125.326323,43.900304],[125.3263,43.900436],[125.326267,43.901326],[125.326255,43.901653],[125.326246,43.902064]]}},{"type":"Feature","properties":{"name":" "},"geometry":{"type":"LineString","coordinates":[[125.329098,43.898578],[125.328639,43.899417],[125.328312,43.900019],[125.327935,43.900712]]}},{"type":"Feature","properties":{"name":"\u4e9a\u6cf0\u5927\u8857\uff08Y\u00e0 T\u00e0i D\u00e0ji\u0113\uff09"},"geometry":{"type":"LineString","coordinates":[[125.332084,43.907846],[125.332054,43.909553]]}},{"type":"Feature","properties":{"name":"\u4e1c\u516d\u6761"},"geometry":{"type":"LineString","coordinates":[[125.33476,43.906544],[125.334792,43.905806],[125.334828,43.904726],[125.334872,43.903645],[125.334884,43.902549],[125.334898,43.90229],[125.335065,43.901646],[125.335189,43.901205],[125.335452,43.900271]]}},{"type":"Feature","properties":{"name":"\u73e0\u6c5f\u8def"},"geometry":{"type":"LineString","coordinates":[[125.326779,43.902439],[125.327626,43.902463],[125.329109,43.902465],[125.33052,43.90249],[125.331685,43.902501],[125.331803,43.902539]]}},{"type":"Feature","properties":{"name":" "},"geometry":{"type":"LineString","coordinates":[[125.33048,43.903576],[125.330499,43.903043],[125.33052,43.90249],[125.330539,43.901891]]}},{"type":"Feature","properties":{"name":"\u4e1c\u56db\u6761"},"geometry":{"type":"LineString","coordinates":[[125.328989,43.905877],[125.328998,43.905757],[125.329055,43.904656],[125.329071,43.904106],[125.329085,43.903567],[125.329097,43.903034],[125.329109,43.902465],[125.329122,43.901879],[125.329131,43.901416],[125.329137,43.901095]]}},{"type":"Feature","properties":{"name":"\u957f\u6c5f\u8def"},"geometry":{"type":"LineString","coordinates":[[125.317753,43.903456],[125.320536,43.903493],[125.321924,43.903502],[125.323388,43.903517]]}},{"type":"Feature","properties":{"name":"\u4e34\u6cb3\u8857"},"geometry":{"type":"LineString","coordinates":[[125.358782,43.828951],[125.35876,43.830768],[125.358753,43.831116],[125.358701,43.83307],[125.358638,43.834767],[125.358564,43.838529],[125.358541,43.840578],[125.358513,43.841712],[125.358484,43.842926],[125.358488,43.843897],[125.358441,43.845512],[125.358405,43.847003],[125.358353,43.848975],[125.358362,43.849114],[125.358365,43.849219],[125.358369,43.849289],[125.358306,43.852435],[125.358241,43.855385],[125.358158,43.859005],[125.358121,43.860586],[125.358082,43.862052],[125.358084,43.862176],[125.358059,43.863563],[125.358032,43.865103],[125.357971,43.868911],[125.35793,43.870118],[125.357878,43.872435],[125.357808,43.87394],[125.357745,43.876],[125.357757,43.877504],[125.357731,43.878106],[125.357716,43.879213],[125.357709,43.879599],[125.357693,43.879754],[125.357677,43.880168],[125.357572,43.884287],[125.357593,43.88442],[125.357617,43.884522],[125.357686,43.884731],[125.357787,43.884921],[125.357952,43.885164],[125.358114,43.885366],[125.358911,43.886153],[125.359176,43.886468],[125.359328,43.886741],[125.359387,43.886848],[125.359572,43.887219],[125.359622,43.887414],[125.359639,43.88763],[125.359611,43.888977],[125.359606,43.889172],[125.359569,43.89077],[125.359555,43.890855],[125.359535,43.892155],[125.359492,43.892478],[125.35953,43.892869],[125.359528,43.893084],[125.359499,43.893559],[125.359485,43.893649],[125.359433,43.893739],[125.359345,43.893842],[125.359238,43.893885],[125.359071,43.893994],[125.35893,43.894044],[125.358753,43.894095]]}},{"type":"Feature","properties":{"name":"\u6ee8\u6cb3\u4e1c\u8def"},"geometry":{"type":"LineString","coordinates":[[125.34627,43.879382],[125.346299,43.879042],[125.346425,43.87887],[125.346666,43.878707],[125.347912,43.878274],[125.348613,43.878103],[125.348807,43.878055],[125.351068,43.877702],[125.351827,43.877577],[125.352081,43.877535],[125.352532,43.877381],[125.353027,43.877141],[125.355152,43.875729],[125.35543,43.8755],[125.35561,43.875241],[125.355664,43.874999],[125.355611,43.874649],[125.355474,43.874151],[125.355159,43.873433],[125.354093,43.872008],[125.353056,43.870686],[125.352838,43.870397],[125.352757,43.870081],[125.352787,43.869747],[125.352913,43.869214],[125.352972,43.868834],[125.352986,43.86874],[125.352842,43.864168],[125.352902,43.864066],[125.353042,43.863887],[125.353421,43.863463],[125.353481,43.863364],[125.353679,43.86232],[125.353689,43.862208]]}},{"type":"Feature","properties":{"name":"\u548c\u987a\u8857 Heshun St"},"geometry":{"type":"LineString","coordinates":[[125.363282,43.878165],[125.363276,43.878366],[125.36326,43.879609],[125.363253,43.879755]]}},{"type":"Feature","properties":{"name":"\u548c\u987a\u56db\u6761 Heshun 4th Tiao"},"geometry":{"type":"LineString","coordinates":[[125.36601,43.884537],[125.366016,43.882949],[125.366028,43.882804],[125.366108,43.881883],[125.366143,43.879772],[125.366147,43.879622],[125.366175,43.878385]]}},{"type":"Feature","properties":{"name":"\u548c\u987a\u4e09\u6761 Heshun 3rd Tiao"},"geometry":{"type":"LineString","coordinates":[[125.365653,43.863916],[125.365649,43.865223],[125.365664,43.866894],[125.365621,43.868902],[125.365604,43.870181],[125.365602,43.870291],[125.365572,43.872477],[125.365469,43.876095],[125.365489,43.877244]]}},{"type":"Feature","properties":{"name":" "},"geometry":{"type":"LineString","coordinates":[[125.361186,43.876023],[125.361197,43.877215],[125.360377,43.878139]]}},{"type":"Feature","properties":{"name":" "},"geometry":{"type":"LineString","coordinates":[[125.360664,43.879573],[125.360687,43.878332]]}},{"type":"Feature","properties":{"name":"\u8363\u5149\u8def"},"geometry":{"type":"LineString","coordinates":[[125.388634,43.884788],[125.387002,43.884758],[125.385535,43.884746],[125.384343,43.884738],[125.382861,43.884727],[125.379909,43.884707],[125.37968,43.884707],[125.377502,43.884698],[125.369896,43.884604],[125.369436,43.884599]]}},{"type":"Feature","properties":{"name":" "},"geometry":{"type":"LineString","coordinates":[[125.352215,43.891106],[125.352894,43.890269],[125.353789,43.888988],[125.35397,43.888607],[125.354011,43.888256],[125.353918,43.887952],[125.353719,43.887683],[125.352929,43.887244],[125.35098,43.886158],[125.350893,43.886108],[125.348587,43.884757],[125.348207,43.8845],[125.347311,43.883838],[125.346855,43.883482],[125.346474,43.883265],[125.345831,43.882885],[125.345269,43.882551],[125.345011,43.882317],[125.344508,43.881779],[125.344163,43.881498],[125.343987,43.881246],[125.343806,43.881076],[125.343502,43.880913],[125.342989,43.880711]]}},{"type":"Feature","properties":{"name":" "},"geometry":{"type":"LineString","coordinates":[[125.358739,43.894021],[125.358984,43.893951],[125.359127,43.893876],[125.359239,43.893755],[125.359296,43.893636],[125.35931,43.893513],[125.359288,43.893396],[125.359217,43.893286],[125.359138,43.893225],[125.358965,43.893185],[125.358829,43.8932],[125.358713,43.893246],[125.358625,43.893304],[125.358576,43.893387],[125.35855,43.893511],[125.35853,43.893946],[125.35847,43.895596],[125.358436,43.896101],[125.358422,43.89635]]}},{"type":"Feature","properties":{"name":" "},"geometry":{"type":"LineString","coordinates":[[125.351308,43.887798],[125.351191,43.889184],[125.35173,43.889494],[125.352642,43.889536]]}},{"type":"Feature","properties":{"name":" "},"geometry":{"type":"LineString","coordinates":[[125.357047,43.894351],[125.357463,43.894297],[125.358319,43.894101]]}},{"type":"Feature","properties":{"name":" "},"geometry":{"type":"LineString","coordinates":[[125.350261,43.895229],[125.3493,43.895248]]}},{"type":"Feature","properties":{"name":"\u56db\u901a\u8def"},"geometry":{"type":"LineString","coordinates":[[125.352008,43.895123],[125.352583,43.895134],[125.353164,43.895098],[125.353384,43.89508],[125.353604,43.895034],[125.354168,43.894947],[125.357047,43.894351]]}},{"type":"Feature","properties":{"name":" "},"geometry":{"type":"LineString","coordinates":[[125.353538,43.882774],[125.353515,43.883595],[125.353556,43.883694],[125.353706,43.883802],[125.353759,43.883881],[125.353734,43.884374]]}},{"type":"Feature","properties":{"name":"\u6ee8\u6cb3\u8857 Binhe St"},"geometry":{"type":"LineString","coordinates":[[125.355451,43.882791],[125.355434,43.884391]]}},{"type":"Feature","properties":{"name":"\u4e1c\u534e\u8def"},"geometry":{"type":"LineString","coordinates":[[125.349278,43.882917],[125.349334,43.882849],[125.349549,43.882737],[125.351737,43.882744],[125.353538,43.882774],[125.355451,43.882791],[125.35735,43.882802]]}},{"type":"Feature","properties":{"name":" "},"geometry":{"type":"LineString","coordinates":[[125.358319,43.894101],[125.358739,43.894021]]}},{"type":"Feature","properties":{"name":"\u5409\u6797\u5927\u8def (J\u00edl\u00edn D\u00e0l\u00f9)"},"geometry":{"type":"LineString","coordinates":[[125.34607,43.879577],[125.344337,43.879543]]}},{"type":"Feature","properties":{"name":" "},"geometry":{"type":"LineString","coordinates":[[125.351994,43.895241],[125.350261,43.895229]]}},{"type":"Feature","properties":{"name":"\u5409\u6797\u8857 JilinSt"},"geometry":{"type":"LineString","coordinates":[[125.351447,43.88409],[125.351646,43.883874],[125.351687,43.883716],[125.351737,43.882744],[125.351787,43.879678],[125.351786,43.879467],[125.351802,43.878506],[125.351827,43.877577]]}},{"type":"Feature","properties":{"name":"\u8363\u5149\u8def"},"geometry":{"type":"LineString","coordinates":[[125.3511,43.886059],[125.35098,43.886158],[125.350227,43.88677],[125.350029,43.886948],[125.349883,43.88721]]}},{"type":"Feature","properties":{"name":"\u5409\u6797\u5927\u8def (J\u00edl\u00edn D\u00e0l\u00f9)"},"geometry":{"type":"LineString","coordinates":[[125.344339,43.879338],[125.346079,43.879365]]}},{"type":"Feature","properties":{"name":"\u8363\u5149\u8def"},"geometry":{"type":"LineString","coordinates":[[125.352322,43.884872],[125.352531,43.884716],[125.352723,43.884612],[125.352938,43.884527],[125.353172,43.884449],[125.353449,43.884396],[125.353734,43.884374],[125.355434,43.884391],[125.357339,43.884416],[125.357593,43.88442],[125.360316,43.88446],[125.363171,43.884502],[125.36601,43.884537],[125.367932,43.884544],[125.369174,43.884548],[125.369436,43.884599]]}},{"type":"Feature","properties":{"name":"\u56db\u901a\u8def"},"geometry":{"type":"LineString","coordinates":[[125.358288,43.894171],[125.356888,43.89448],[125.355687,43.894711],[125.354087,43.89508],[125.353484,43.895193],[125.353288,43.895226],[125.353065,43.895252],[125.351994,43.895241]]}},{"type":"Feature","properties":{"name":" "},"geometry":{"type":"LineString","coordinates":[[125.350295,43.895127],[125.352008,43.895123]]}},{"type":"Feature","properties":{"name":"\u4e1c\u5927\u6865\u5e7f\u573a (D\u014dng D\u00e0qi\u00e1o Gu\u01cengch\u01ceng)"},"geometry":{"type":"LineString","coordinates":[[125.349186,43.895523],[125.349058,43.895626],[125.348895,43.895698],[125.348711,43.895735],[125.34852,43.895733],[125.348388,43.895708],[125.348265,43.895665],[125.348158,43.895604],[125.348069,43.895529],[125.348003,43.895443],[125.347959,43.895336],[125.347951,43.895224],[125.347977,43.895114],[125.348017,43.895041],[125.348072,43.894973],[125.348142,43.894913],[125.348224,43.894861],[125.348317,43.89482],[125.348417,43.89479],[125.348634,43.894766],[125.348849,43.894794],[125.349044,43.894871],[125.349193,43.89499],[125.349281,43.895137],[125.3493,43.895248],[125.349268,43.895399],[125.349186,43.895523]]}},{"type":"Feature","properties":{"name":"\u4e1c\u5934\u9053\u8857"},"geometry":{"type":"LineString","coordinates":[[125.343028,43.882328],[125.343122,43.882296],[125.343388,43.882239],[125.34352,43.882247],[125.343655,43.88231],[125.343887,43.882553],[125.344337,43.883026],[125.344488,43.883185],[125.345331,43.883864],[125.346431,43.88465],[125.348033,43.885691]]}},{"type":"Feature","properties":{"name":" "},"geometry":{"type":"LineString","coordinates":[[125.349281,43.895137],[125.350295,43.895127]]}},{"type":"Feature","properties":{"name":" "},"geometry":{"type":"LineString","coordinates":[[125.352642,43.889536],[125.35279,43.889355],[125.352775,43.887993],[125.352641,43.887556],[125.352257,43.887534],[125.351938,43.887526],[125.351308,43.887798]]}},{"type":"Feature","properties":{"name":" "},"geometry":{"type":"LineString","coordinates":[[125.351025,43.885997],[125.352322,43.884872]]}},{"type":"Feature","properties":{"name":"Binhe Lu"},"geometry":{"type":"LineString","coordinates":[[125.344,43.87934],[125.344201,43.878653],[125.344389,43.878385],[125.344427,43.878332],[125.344862,43.877765],[125.345262,43.877179],[125.345429,43.876936],[125.345551,43.876764],[125.345646,43.876682],[125.345746,43.8767],[125.346117,43.876818],[125.346217,43.876741],[125.346495,43.876344]]}},{"type":"Feature","properties":{"name":" "},"geometry":{"type":"LineString","coordinates":[[125.352409,43.884935],[125.3511,43.886059]]}},{"type":"Feature","properties":{"name":"\u516c\u56ed\u8def"},"geometry":{"type":"LineString","coordinates":[[125.367445,43.877447],[125.366478,43.878386],[125.366175,43.878385],[125.363276,43.878366],[125.360687,43.878332],[125.360377,43.878139],[125.359581,43.877675],[125.359297,43.877507],[125.358357,43.877505],[125.357757,43.877504]]}},{"type":"Feature","properties":{"name":" "},"geometry":{"type":"LineString","coordinates":[[125.358704,43.892957],[125.358889,43.892947],[125.359009,43.892955],[125.359135,43.892984],[125.359261,43.89306],[125.359347,43.893139],[125.359387,43.893242],[125.359393,43.893367],[125.359389,43.893492],[125.359363,43.893598],[125.359337,43.893705],[125.359238,43.893885]]}},{"type":"Feature","properties":{"name":" "},"geometry":{"type":"LineString","coordinates":[[125.342172,43.877809],[125.341262,43.877941],[125.341065,43.877849],[125.339531,43.877135]]}},{"type":"Feature","properties":{"name":" "},"geometry":{"type":"LineString","coordinates":[[125.359492,43.892478],[125.359453,43.892621],[125.359377,43.892745],[125.35919,43.892877]]}},{"type":"Feature","properties":{"name":" "},"geometry":{"type":"LineString","coordinates":[[125.358753,43.894095],[125.358288,43.894171]]}},{"type":"Feature","properties":{"name":"\u901a\u4f0a\u8def"},"geometry":{"type":"LineString","coordinates":[[125.34937,43.893259],[125.350631,43.893316],[125.351023,43.893211],[125.351409,43.892866],[125.351877,43.892293],[125.352088,43.891871],[125.352215,43.891106],[125.352315,43.890505],[125.35262,43.889964],[125.352642,43.889536]]}},{"type":"Feature","properties":{"name":"\u8363\u5149\u8def"},"geometry":{"type":"LineString","coordinates":[[125.369436,43.884599],[125.369167,43.88465],[125.367927,43.884639],[125.367407,43.884634],[125.366681,43.884625],[125.365762,43.884613],[125.364864,43.88461],[125.363171,43.884594],[125.362459,43.884583],[125.361402,43.884568],[125.36051,43.884557],[125.357617,43.884522],[125.357362,43.884518],[125.353837,43.884469],[125.353579,43.884488],[125.353342,43.88453],[125.353123,43.884585],[125.352843,43.884689],[125.352647,43.884796],[125.352521,43.884868],[125.352409,43.884935]]}},{"type":"Feature","properties":{"name":"\u4e1c\u65b0\u8def Dongxin Rd"},"geometry":{"type":"LineString","coordinates":[[125.36993,43.890951],[125.369582,43.890943]]}},{"type":"Feature","properties":{"name":"\u897f\u7eff\u5b89\u8857 Lv\u2018an West St"},"geometry":{"type":"LineString","coordinates":[[125.361402,43.884568],[125.361385,43.886023],[125.361378,43.886713],[125.361368,43.887635],[125.361344,43.889181],[125.36132,43.890777]]}},{"type":"Feature","properties":{"name":"\u961c\u4e30\u8def"},"geometry":{"type":"LineString","coordinates":[[125.369838,43.887718],[125.369382,43.887715],[125.367951,43.887698],[125.367852,43.887697],[125.367554,43.887693],[125.367353,43.887691],[125.366445,43.887681],[125.365937,43.887675],[125.365731,43.887669],[125.364832,43.887662],[125.363114,43.887642],[125.361368,43.887635],[125.360461,43.887631],[125.359639,43.88763],[125.359407,43.887625]]}},{"type":"Feature","properties":{"name":" "},"geometry":{"type":"LineString","coordinates":[[125.358114,43.885366],[125.35793,43.885473],[125.356804,43.886131]]}},{"type":"Feature","properties":{"name":"\u4e1c\u65b0\u8def"},"geometry":{"type":"LineString","coordinates":[[125.355372,43.890759],[125.357683,43.890769],[125.358511,43.890782],[125.359298,43.890795]]}},{"type":"Feature","properties":{"name":"\u548c\u987a\u4e94\u6761 Heshun 5th Tiao"},"geometry":{"type":"LineString","coordinates":[[125.367561,43.879634],[125.367598,43.877903],[125.367445,43.877447],[125.367456,43.876116],[125.367459,43.874837],[125.366919,43.874415],[125.366922,43.8737],[125.366928,43.872489]]}},{"type":"Feature","properties":{"name":"\u6000\u5fb7\u8857 Huaide St"},"geometry":{"type":"LineString","coordinates":[[125.363198,43.892305],[125.363208,43.893075]]}},{"type":"Feature","properties":{"name":"\u548c\u987a\u8857 Heshun St"},"geometry":{"type":"LineString","coordinates":[[125.363253,43.879755],[125.363245,43.88022],[125.363201,43.882789],[125.363171,43.884502],[125.363171,43.884594],[125.363144,43.886049],[125.363114,43.887642],[125.363082,43.889192],[125.36305,43.890795]]}},{"type":"Feature","properties":{"name":" "},"geometry":{"type":"LineString","coordinates":[[125.351191,43.889184],[125.350634,43.889514],[125.350196,43.889194],[125.349721,43.889172]]}},{"type":"Feature","properties":{"name":" "},"geometry":{"type":"LineString","coordinates":[[125.359378,43.87962],[125.359413,43.877811],[125.359581,43.877675]]}},{"type":"Feature","properties":{"name":" "},"geometry":{"type":"LineString","coordinates":[[125.357702,43.888964],[125.357683,43.890769]]}},{"type":"Feature","properties":{"name":" "},"geometry":{"type":"LineString","coordinates":[[125.351308,43.887798],[125.349864,43.887733]]}},{"type":"Feature","properties":{"name":"\u6cbf\u6cb3\u8857"},"geometry":{"type":"LineString","coordinates":[[125.346278,43.879583],[125.346257,43.880161],[125.346327,43.880611],[125.346678,43.881056],[125.347157,43.881534],[125.347819,43.882039],[125.348264,43.882378],[125.348462,43.882483],[125.349278,43.882917],[125.350834,43.883742],[125.351447,43.88409],[125.352531,43.884716],[125.352647,43.884796],[125.352971,43.885026],[125.353267,43.885161],[125.353694,43.885277],[125.354177,43.885337],[125.354555,43.885378],[125.354858,43.885442],[125.355637,43.885652],[125.356532,43.885971],[125.356804,43.886131],[125.357042,43.886385],[125.357183,43.886563],[125.357266,43.886724],[125.357393,43.887151],[125.357443,43.887574],[125.357428,43.888416],[125.357379,43.88865],[125.357263,43.888863],[125.355788,43.890344],[125.355559,43.890581],[125.355372,43.890759],[125.355259,43.890958],[125.35499,43.89186],[125.354721,43.893039],[125.354673,43.893773],[125.354253,43.89469],[125.354168,43.894947],[125.354087,43.89508],[125.354086,43.895288],[125.354428,43.895786]]}},{"type":"Feature","properties":{"name":" "},"geometry":{"type":"LineString","coordinates":[[125.357263,43.888863],[125.357702,43.888964],[125.359371,43.888975],[125.359611,43.888977]]}},{"type":"Feature","properties":{"name":" "},"geometry":{"type":"LineString","coordinates":[[125.364552,43.890895],[125.364525,43.892469],[125.364492,43.893181]]}},{"type":"Feature","properties":{"name":" "},"geometry":{"type":"LineString","coordinates":[[125.352521,43.884868],[125.353826,43.885641],[125.354143,43.885749],[125.356161,43.886212],[125.356494,43.886279],[125.35669,43.886407],[125.356873,43.886584],[125.357034,43.886824],[125.357216,43.887342],[125.357233,43.887712],[125.35721,43.887879],[125.357188,43.888046],[125.357028,43.888427],[125.356747,43.888767],[125.355344,43.890299],[125.355144,43.89051],[125.354997,43.890707],[125.354943,43.890915],[125.354858,43.891326],[125.354673,43.892676],[125.354572,43.893124],[125.354509,43.893414],[125.354218,43.893867],[125.354031,43.894098],[125.353669,43.894329],[125.353291,43.894539],[125.352687,43.894765],[125.352593,43.894838],[125.352583,43.895134]]}},{"type":"Feature","properties":{"name":"\u56db\u901a\u8def"},"geometry":{"type":"LineString","coordinates":[[125.399056,43.89959],[125.397941,43.899274],[125.397296,43.899129],[125.396708,43.898926],[125.396179,43.898624],[125.395676,43.898257],[125.393849,43.896428],[125.393304,43.896044],[125.392652,43.895803],[125.392219,43.895722],[125.39147,43.895652],[125.389357,43.895499],[125.387512,43.895366],[125.379751,43.894861],[125.379416,43.894849],[125.377226,43.894692],[125.370091,43.894249],[125.369138,43.894201],[125.367692,43.894194],[125.367464,43.894147],[125.365862,43.89335],[125.365707,43.893291],[125.365527,43.893259],[125.364492,43.893181],[125.363208,43.893075],[125.35953,43.892869]]}},{"type":"Feature","properties":{"name":"\u4e1c\u65b0\u8def"},"geometry":{"type":"LineString","coordinates":[[125.359298,43.890795],[125.359353,43.890763],[125.359569,43.89077],[125.36132,43.890777],[125.36305,43.890795],[125.364751,43.89082],[125.365873,43.890834],[125.369202,43.890869]]}},{"type":"Feature","properties":{"name":"\u73e0\u6c5f\u8def"},"geometry":{"type":"LineString","coordinates":[[125.317763,43.902348],[125.320571,43.90238],[125.321949,43.902406],[125.323434,43.902434],[125.324507,43.902441],[125.325713,43.902426]]}},{"type":"Feature","properties":{"name":"\u9752\u5c9b\u8def"},"geometry":{"type":"LineString","coordinates":[[125.317843,43.899109],[125.318461,43.899117],[125.320615,43.899146],[125.321178,43.899153],[125.322193,43.89918]]}},{"type":"Feature","properties":{"name":"\u4e1c\u4e00\u6761"},"geometry":{"type":"LineString","coordinates":[[125.320571,43.90238],[125.320536,43.903493]]}},{"type":"Feature","properties":{"name":" "},"geometry":{"type":"LineString","coordinates":[[125.318021,43.885311],[125.317844,43.885372],[125.317787,43.885438],[125.31776,43.885521]]}},{"type":"Feature","properties":{"name":" "},"geometry":{"type":"LineString","coordinates":[[125.317046,43.884898],[125.317012,43.884962],[125.316911,43.885128]]}},{"type":"Feature","properties":{"name":" "},"geometry":{"type":"LineString","coordinates":[[125.319238,43.883733],[125.319176,43.883875],[125.319159,43.883969],[125.31915,43.883993]]}},{"type":"Feature","properties":{"name":"\u957f\u6c5f\u8def"},"geometry":{"type":"LineString","coordinates":[[125.331734,43.903594],[125.33048,43.903576],[125.330326,43.903576],[125.329085,43.903567],[125.328127,43.903552],[125.327671,43.903549],[125.326219,43.903532],[125.324463,43.903527],[125.324177,43.903523],[125.323917,43.90352],[125.323388,43.903517]]}},{"type":"Feature","properties":{"name":" "},"geometry":{"type":"LineString","coordinates":[[125.316973,43.884056],[125.316931,43.883969],[125.316836,43.883827]]}},{"type":"Feature","properties":{"name":" "},"geometry":{"type":"LineString","coordinates":[[125.319208,43.884076],[125.319312,43.884137],[125.319407,43.88416],[125.319556,43.884187]]}},{"type":"Feature","properties":{"name":" "},"geometry":{"type":"LineString","coordinates":[[125.317755,43.884379],[125.317736,43.884444],[125.317738,43.884496],[125.317753,43.884545],[125.316977,43.884809],[125.317046,43.884898],[125.317812,43.884624],[125.317863,43.884663],[125.317937,43.884698],[125.318021,43.884719],[125.318021,43.885311],[125.31817,43.88531],[125.318169,43.884719],[125.318284,43.884687],[125.318342,43.884655],[125.318391,43.884615],[125.319138,43.884881],[125.319202,43.884791],[125.318443,43.884538],[125.318456,43.884482],[125.318455,43.884436],[125.318438,43.884379],[125.319208,43.884076],[125.31915,43.883993],[125.318379,43.884302],[125.318345,43.884275],[125.318298,43.884248],[125.318173,43.884209],[125.318173,43.883548],[125.318091,43.883546],[125.318009,43.883547],[125.318018,43.88421],[125.31795,43.884226],[125.317874,43.884259],[125.3178,43.884314],[125.316973,43.884056],[125.316921,43.88415],[125.317755,43.884379]]}},{"type":"Feature","properties":{"name":" "},"geometry":{"type":"LineString","coordinates":[[125.319138,43.884881],[125.319138,43.884965],[125.31922,43.885067],[125.319302,43.885113]]}},{"type":"Feature","properties":{"name":" "},"geometry":{"type":"LineString","coordinates":[[125.318173,43.883548],[125.318343,43.883566],[125.318508,43.8836],[125.318665,43.883651],[125.31881,43.883717],[125.318941,43.883797],[125.319055,43.88389],[125.31915,43.883993],[125.319208,43.884076],[125.319265,43.884192],[125.319299,43.884312],[125.31931,43.884434],[125.319297,43.884556],[125.319261,43.884676],[125.319202,43.884791],[125.319138,43.884881],[125.318998,43.885018],[125.318825,43.885133],[125.318624,43.885222],[125.318403,43.885282],[125.31817,43.88531],[125.318021,43.885311],[125.317789,43.885286],[125.317567,43.88523],[125.317365,43.885144],[125.317189,43.885033],[125.317046,43.884898],[125.316977,43.884809],[125.316915,43.884694],[125.316875,43.884574],[125.316859,43.884451],[125.316867,43.884328],[125.316898,43.884207],[125.316921,43.88415],[125.316973,43.884056],[125.317083,43.883919],[125.317225,43.883799],[125.317394,43.883699],[125.317585,43.883622],[125.317792,43.883571],[125.318009,43.883547],[125.318091,43.883546],[125.318173,43.883548]]}},{"type":"Feature","properties":{"name":" "},"geometry":{"type":"LineString","coordinates":[[125.318347,43.885524],[125.318317,43.885432],[125.31825,43.885364],[125.31817,43.88531]]}},{"type":"Feature","properties":{"name":" "},"geometry":{"type":"LineString","coordinates":[[125.319572,43.8847],[125.319415,43.884701],[125.319309,43.884728],[125.319202,43.884791]]}},{"type":"Feature","properties":{"name":" "},"geometry":{"type":"LineString","coordinates":[[125.317778,43.883381],[125.317935,43.883488],[125.318091,43.883546],[125.318212,43.883506],[125.318391,43.883386]]}},{"type":"Feature","properties":{"name":" "},"geometry":{"type":"LineString","coordinates":[[125.31661,43.884665],[125.316728,43.884675],[125.31685,43.884726],[125.316977,43.884809]]}},{"type":"Feature","properties":{"name":" "},"geometry":{"type":"LineString","coordinates":[[125.316588,43.884299],[125.316772,43.884273],[125.316898,43.884207]]}},{"type":"Feature","properties":{"name":"\u4e5d\u53f0\u5357\u8def"},"geometry":{"type":"LineString","coordinates":[[125.323159,43.911433],[125.32311,43.912498],[125.322966,43.915605],[125.322948,43.916004],[125.322939,43.916299],[125.322922,43.917989]]}},{"type":"Feature","properties":{"name":"\u94c1\u5317\u4e8c\u8def"},"geometry":{"type":"LineString","coordinates":[[125.320776,43.911437],[125.320842,43.911455],[125.320948,43.911513],[125.320994,43.911568],[125.321027,43.911644],[125.320977,43.911737],[125.320925,43.911792],[125.320768,43.911825]]}},{"type":"Feature","properties":{"name":"\u94c1\u5317\u4e8c\u8def"},"geometry":{"type":"LineString","coordinates":[[125.33202,43.911522],[125.334845,43.911522],[125.337789,43.911558],[125.340706,43.911593]]}},{"type":"Feature","properties":{"name":"\u94c1\u5317\u4e8c\u8def"},"geometry":{"type":"LineString","coordinates":[[125.314245,43.911687],[125.314159,43.91161],[125.314139,43.911543],[125.314141,43.911481],[125.314181,43.911427],[125.314245,43.911371],[125.314436,43.911323]]}},{"type":"Feature","properties":{"name":"\u94c1\u5317\u4e8c\u8def"},"geometry":{"type":"LineString","coordinates":[[125.313149,43.911399],[125.312878,43.911399],[125.3106,43.911344],[125.310411,43.911339]]}},{"type":"Feature","properties":{"name":" "},"geometry":{"type":"LineString","coordinates":[[125.355384,43.913835],[125.35745,43.913853]]}},{"type":"Feature","properties":{"name":"\u4e9a\u6cf0\u5927\u8857\uff08Y\u00e0 T\u00e0i D\u00e0ji\u0113\uff09"},"geometry":{"type":"LineString","coordinates":[[125.331735,43.909551],[125.331738,43.907846]]}},{"type":"Feature","properties":{"name":" "},"geometry":{"type":"LineString","coordinates":[[125.352575,43.89743],[125.3535,43.896369]]}},{"type":"Feature","properties":{"name":" "},"geometry":{"type":"LineString","coordinates":[[125.357439,43.913981],[125.355378,43.913962]]}},{"type":"Feature","properties":{"name":"\u5317\u90e8\u5feb\u901f\u8def"},"geometry":{"type":"LineString","coordinates":[[125.355378,43.913962],[125.353837,43.913958],[125.352,43.914077],[125.350584,43.914074],[125.349995,43.914061],[125.348502,43.914043],[125.348094,43.91403],[125.346679,43.913946],[125.345266,43.913902]]}},{"type":"Feature","properties":{"name":"\u4e1c\u83b1\u5357\u8857"},"geometry":{"type":"LineString","coordinates":[[125.352575,43.89743],[125.352445,43.897633],[125.352434,43.897736],[125.352369,43.898461],[125.352317,43.898867],[125.352142,43.899269],[125.35179,43.899672],[125.350525,43.900855],[125.348753,43.902513],[125.348546,43.902775],[125.34843,43.903005]]}},{"type":"Feature","properties":{"name":"\u4e9a\u6cf0\u5927\u8857"},"geometry":{"type":"LineString","coordinates":[[125.331738,43.907846],[125.331747,43.906558],[125.331684,43.9059],[125.331673,43.905778],[125.331673,43.905533],[125.331691,43.905085],[125.331707,43.904696],[125.331734,43.903594],[125.33177,43.902715],[125.331803,43.902539],[125.332006,43.902235],[125.332743,43.901303],[125.332804,43.901226],[125.332908,43.901089],[125.333259,43.900641],[125.333915,43.899805],[125.334719,43.898805],[125.335783,43.897267],[125.336564,43.896113],[125.337184,43.89518],[125.33816,43.893576],[125.338447,43.893254],[125.338549,43.893084],[125.339114,43.892153],[125.339298,43.891865],[125.339402,43.891714],[125.339679,43.891339],[125.340121,43.890733],[125.340809,43.889787],[125.341187,43.889268],[125.341815,43.888441],[125.341909,43.888316],[125.342302,43.887701],[125.342571,43.887015],[125.34263,43.886715],[125.342658,43.886271],[125.34264,43.885415],[125.342615,43.884377],[125.342591,43.883368],[125.342566,43.882324],[125.342573,43.882184],[125.342546,43.881189],[125.3425,43.879502],[125.342484,43.879347],[125.342404,43.878892],[125.342368,43.878691],[125.342172,43.877809],[125.341573,43.875514],[125.341446,43.875074],[125.341401,43.874944],[125.341357,43.874759],[125.341257,43.874339],[125.341174,43.873989],[125.341073,43.873567],[125.341055,43.87349],[125.341051,43.873427],[125.340999,43.87254],[125.341007,43.872464],[125.341141,43.871352],[125.341137,43.87113],[125.341148,43.87089],[125.341317,43.869537],[125.341499,43.867987],[125.341475,43.866972],[125.341139,43.8658],[125.340691,43.865026],[125.338834,43.862345],[125.338545,43.861953],[125.338469,43.861824],[125.338181,43.861433],[125.33773,43.86077],[125.33756,43.860529],[125.336656,43.859248],[125.336609,43.85915],[125.336077,43.858042],[125.33574,43.857342],[125.334957,43.855423],[125.33475,43.854917],[125.334468,43.85429],[125.334426,43.854197],[125.334171,43.853631],[125.333153,43.851927],[125.332565,43.8506],[125.332545,43.850519],[125.332253,43.849326],[125.332169,43.848987],[125.332143,43.848903],[125.332093,43.848759],[125.332044,43.848662],[125.33185,43.848281],[125.331032,43.846655],[125.330839,43.846272],[125.330513,43.845326],[125.330389,43.844966],[125.330279,43.843686],[125.330519,43.842175],[125.330563,43.842012],[125.330684,43.841561],[125.33108,43.84009],[125.331425,43.838744],[125.331474,43.83837],[125.331723,43.836334],[125.331794,43.835752],[125.332307,43.834429],[125.332361,43.83429],[125.332675,43.833681],[125.332858,43.833147],[125.332889,43.832784],[125.333069,43.832027],[125.333116,43.831835],[125.333166,43.831571],[125.333166,43.831377],[125.333082,43.831189],[125.332919,43.831046],[125.332614,43.830924],[125.331779,43.830808]]}},{"type":"Feature","properties":{"name":"\u5317\u90e8\u5feb\u901f\u8def"},"geometry":{"type":"LineString","coordinates":[[125.35745,43.913853],[125.358747,43.913861],[125.359424,43.913824]]}},{"type":"Feature","properties":{"name":" "},"geometry":{"type":"LineString","coordinates":[[125.3535,43.896369],[125.353633,43.896222],[125.353964,43.895986],[125.354428,43.895786]]}},{"type":"Feature","properties":{"name":"\u89e3\u653e\u5927\u8def\u8f85\u8def"},"geometry":{"type":"LineString","coordinates":[[125.336103,43.877251],[125.335895,43.877269],[125.335042,43.876931],[125.33282,43.87605],[125.331525,43.876038],[125.330294,43.876026],[125.328913,43.876013],[125.327599,43.875986],[125.326193,43.875967],[125.324733,43.875947],[125.321672,43.875916],[125.320819,43.875909],[125.318791,43.8759],[125.318519,43.875897],[125.318429,43.875894],[125.318337,43.875893],[125.318191,43.875888],[125.318093,43.875886],[125.318008,43.875884],[125.317685,43.875875],[125.316828,43.875859],[125.312652,43.875815],[125.311799,43.875807],[125.311364,43.875804],[125.311217,43.875803],[125.310885,43.875801],[125.308955,43.875783],[125.306462,43.875763],[125.304431,43.875735],[125.298105,43.875665],[125.296935,43.875658],[125.294949,43.87563],[125.292977,43.875614],[125.291175,43.875584],[125.28955,43.875582],[125.288914,43.875582],[125.288721,43.875577],[125.288205,43.875566],[125.287541,43.87557],[125.286594,43.875563]]}},{"type":"Feature","properties":{"name":"\u5e73\u9633\u8857 Pingyang St"},"geometry":{"type":"LineString","coordinates":[[125.328542,43.879521],[125.328018,43.878985],[125.32757,43.878527],[125.327581,43.878064],[125.327583,43.877423],[125.327591,43.876725],[125.327594,43.876489],[125.327599,43.875986],[125.327604,43.875909],[125.32761,43.875812],[125.32761,43.875723],[125.327629,43.87524],[125.327643,43.874896],[125.327673,43.874195],[125.327687,43.873384],[125.327693,43.87301],[125.3277,43.872968],[125.327701,43.872586],[125.327718,43.871806],[125.32773,43.871081],[125.327737,43.87071],[125.327821,43.8682]]}},{"type":"Feature","properties":{"name":" "},"geometry":{"type":"LineString","coordinates":[[125.369809,43.90899],[125.371607,43.908957],[125.37221,43.908958],[125.372283,43.908626],[125.372293,43.907883],[125.372286,43.907114],[125.372189,43.906924],[125.371975,43.906848],[125.369898,43.906833]]}},{"type":"Feature","properties":{"name":"\u4e1c\u4e30\u8def"},"geometry":{"type":"LineString","coordinates":[[125.369108,43.900475],[125.366214,43.900451],[125.36205,43.900421]]}},{"type":"Feature","properties":{"name":"\u88d5\u6c11\u8def"},"geometry":{"type":"LineString","coordinates":[[125.369751,43.903407],[125.36926,43.90341],[125.367641,43.903328],[125.36616,43.903314],[125.36476,43.903308],[125.363451,43.903302],[125.360504,43.903208]]}},{"type":"Feature","properties":{"name":" "},"geometry":{"type":"LineString","coordinates":[[125.370089,43.90983],[125.371596,43.909852],[125.372793,43.909861]]}},{"type":"Feature","properties":{"name":" "},"geometry":{"type":"LineString","coordinates":[[125.370075,43.910597],[125.371587,43.910619],[125.37279,43.910625]]}},{"type":"Feature","properties":{"name":" "},"geometry":{"type":"LineString","coordinates":[[125.370036,43.912535],[125.371565,43.912548],[125.372752,43.912554]]}},{"type":"Feature","properties":{"name":" "},"geometry":{"type":"LineString","coordinates":[[125.370062,43.911372],[125.371578,43.911394],[125.372766,43.911397]]}},{"type":"Feature","properties":{"name":" "},"geometry":{"type":"LineString","coordinates":[[125.370082,43.910204],[125.371592,43.910232],[125.372788,43.91024]]}},{"type":"Feature","properties":{"name":" "},"geometry":{"type":"LineString","coordinates":[[125.370051,43.912144],[125.371569,43.912158],[125.372763,43.912155]]}},{"type":"Feature","properties":{"name":" "},"geometry":{"type":"LineString","coordinates":[[125.370068,43.910993],[125.371583,43.911009],[125.372771,43.911018]]}},{"type":"Feature","properties":{"name":" "},"geometry":{"type":"LineString","coordinates":[[125.369801,43.909407],[125.371601,43.909465],[125.372793,43.909473]]}},{"type":"Feature","properties":{"name":" "},"geometry":{"type":"LineString","coordinates":[[125.370057,43.911754],[125.371574,43.911768],[125.372755,43.911776]]}},{"type":"Feature","properties":{"name":"\u6cb3\u4e1c\u8def"},"geometry":{"type":"LineString","coordinates":[[125.357102,43.906337],[125.360023,43.906365],[125.362083,43.906384],[125.366128,43.906423],[125.369194,43.906452],[125.369674,43.906449],[125.373271,43.906465],[125.376625,43.906493],[125.37849,43.906517],[125.381767,43.906617],[125.383339,43.906727],[125.38502,43.906884]]}},{"type":"Feature","properties":{"name":"\u89e3\u653e\u5927\u8def"},"geometry":{"type":"LineString","coordinates":[[125.287513,43.875338],[125.288713,43.875378],[125.290967,43.875398],[125.292977,43.875416],[125.294954,43.875433],[125.298111,43.875483],[125.301021,43.875495],[125.301464,43.875501],[125.303038,43.875531],[125.304294,43.875555],[125.306467,43.875576],[125.308966,43.875608],[125.310056,43.875616],[125.31122,43.875636],[125.311369,43.875638],[125.313581,43.875649],[125.315931,43.875662],[125.318015,43.875699],[125.318097,43.8757],[125.318197,43.875704],[125.318343,43.875708],[125.318427,43.875706],[125.318523,43.875711],[125.319432,43.875725],[125.319803,43.875742],[125.321842,43.875732],[125.324737,43.875778],[125.326814,43.875794],[125.32761,43.875812],[125.328924,43.875839],[125.331527,43.875878],[125.332853,43.875897],[125.335077,43.876757],[125.336158,43.877174],[125.33656,43.877299],[125.336794,43.877399],[125.337091,43.877512],[125.337974,43.877848],[125.338475,43.878043],[125.338615,43.878101],[125.339086,43.878292],[125.340318,43.878769],[125.341499,43.879227],[125.341584,43.879261],[125.342484,43.879347],[125.342926,43.879359],[125.343847,43.879342],[125.344,43.87934],[125.344339,43.879338]]}},{"type":"Feature","properties":{"name":"\u91cd\u5e86\u8def Chongqing Rd"},"geometry":{"type":"LineString","coordinates":[[125.312293,43.886453],[125.312347,43.886539],[125.312352,43.886649],[125.31286,43.887372],[125.313378,43.888159]]}},{"type":"Feature","properties":{"name":"\u4e00\u5321\u8857 Yikuang St"},"geometry":{"type":"LineString","coordinates":[[125.310665,43.92497],[125.310813,43.924929],[125.310924,43.924899],[125.311885,43.924601],[125.312277,43.924479],[125.312584,43.924377],[125.314149,43.923883],[125.314285,43.923843],[125.315487,43.923477],[125.316963,43.923026],[125.31733,43.922914],[125.317453,43.922878],[125.317629,43.922824],[125.317756,43.922791],[125.318353,43.922609],[125.320201,43.922045],[125.320989,43.921804],[125.322474,43.921351],[125.322785,43.92135],[125.327107,43.921434],[125.329014,43.921471],[125.330948,43.921508],[125.331317,43.92151],[125.331833,43.921523],[125.337429,43.921619],[125.342783,43.92174],[125.349354,43.921863],[125.352807,43.921934],[125.353424,43.921916],[125.354053,43.921843],[125.355191,43.921708]]}},{"type":"Feature","properties":{"name":"\u71d5\u6625\u80e1\u540c"},"geometry":{"type":"LineString","coordinates":[[125.336367,43.892339],[125.335,43.894472],[125.334576,43.89516],[125.334434,43.895395],[125.335315,43.895692],[125.336009,43.895926],[125.336564,43.896113]]}},{"type":"Feature","properties":{"name":"\u901a\u987a\u80e1\u540c"},"geometry":{"type":"LineString","coordinates":[[125.328394,43.894608],[125.326652,43.895483],[125.326127,43.89629]]}},{"type":"Feature","properties":{"name":"\u6c6a\u6e05\u8857"},"geometry":{"type":"LineString","coordinates":[[125.331925,43.893439],[125.330674,43.895412],[125.330393,43.896051],[125.33,43.896944],[125.329832,43.897325],[125.329333,43.898239],[125.329196,43.898443],[125.329098,43.898578]]}},{"type":"Feature","properties":{"name":"\u4e1c\u4e09\u9a6c\u8def"},"geometry":{"type":"LineString","coordinates":[[125.338549,43.893084],[125.336367,43.892339],[125.335426,43.892016],[125.33459,43.891728],[125.333548,43.891376]]}},{"type":"Feature","properties":{"name":"\u53cb\u7231\u80e1\u540c"},"geometry":{"type":"LineString","coordinates":[[125.330188,43.890243],[125.329555,43.891194],[125.328766,43.892381]]}},{"type":"Feature","properties":{"name":"\u5317\u5b89\u8def\u5357\u80e1\u540c"},"geometry":{"type":"LineString","coordinates":[[125.321327,43.890274],[125.32257,43.890294],[125.323778,43.890308]]}},{"type":"Feature","properties":{"name":"\u5317\u5b89\u8def\u5357\u4e8c\u80e1\u540c"},"geometry":{"type":"LineString","coordinates":[[125.321327,43.889852],[125.322573,43.889867],[125.323789,43.889879],[125.325116,43.889894],[125.325852,43.890248],[125.326579,43.890598]]}},{"type":"Feature","properties":{"name":"\u91cd\u5e86\u80e1\u540c"},"geometry":{"type":"LineString","coordinates":[[125.316602,43.888092],[125.315277,43.888084],[125.314807,43.888083],[125.314582,43.887732]]}},{"type":"Feature","properties":{"name":"\u6e05\u660e\u8857\u4e1c\u4e8c\u80e1\u540c"},"geometry":{"type":"LineString","coordinates":[[125.322568,43.89075],[125.32257,43.890294],[125.322573,43.889867],[125.322581,43.889473],[125.32259,43.888957],[125.322595,43.888555],[125.322599,43.888172]]}},{"type":"Feature","properties":{"name":"\u8fd1\u57e0\u8857 Jinbu St"},"geometry":{"type":"LineString","coordinates":[[125.323767,43.890757],[125.323778,43.890308],[125.323789,43.889879],[125.323806,43.889481],[125.323829,43.888967],[125.323834,43.888562],[125.323838,43.888189],[125.323838,43.888165],[125.32417,43.887581],[125.324637,43.886757]]}},{"type":"Feature","properties":{"name":"\u8fdc\u8fbe\u5927\u8857 Yuanda St"},"geometry":{"type":"LineString","coordinates":[[125.369546,43.891888],[125.369582,43.890943]]}},{"type":"Feature","properties":{"name":" "},"geometry":{"type":"LineString","coordinates":[[125.311672,43.889739],[125.312771,43.889357]]}},{"type":"Feature","properties":{"name":"\u6587\u5316\u80e1\u540c"},"geometry":{"type":"LineString","coordinates":[[125.313925,43.890634],[125.313939,43.889791]]}},{"type":"Feature","properties":{"name":"\u6587\u5316\u8857"},"geometry":{"type":"LineString","coordinates":[[125.315276,43.888917],[125.315261,43.889794],[125.31525,43.890641],[125.315198,43.893217]]}},{"type":"Feature","properties":{"name":"\u91cd\u5e86\u8def"},"geometry":{"type":"LineString","coordinates":[[125.31805,43.888938],[125.31816,43.888935],[125.318233,43.888935],[125.319355,43.888939],[125.321323,43.888946],[125.32259,43.888957],[125.323829,43.888967],[125.32543,43.888984],[125.326375,43.888995],[125.327733,43.889459],[125.327873,43.889506]]}},{"type":"Feature","properties":{"name":"\u5d07\u667a\u8def"},"geometry":{"type":"LineString","coordinates":[[125.296311,43.89425],[125.296628,43.894128],[125.297761,43.893693],[125.299095,43.89323],[125.300743,43.892646],[125.300872,43.8926],[125.301918,43.89223],[125.30299,43.89185],[125.304277,43.891405],[125.305591,43.89095],[125.305713,43.890899],[125.307014,43.890416],[125.308408,43.889905],[125.309719,43.889445],[125.31113,43.888951],[125.312225,43.888566]]}},{"type":"Feature","properties":{"name":"\u5efa\u548c\u8857 Jianhe St"},"geometry":{"type":"LineString","coordinates":[[125.308781,43.883262],[125.308782,43.883517],[125.308782,43.883717],[125.308782,43.883723],[125.308783,43.88395],[125.308783,43.884259],[125.308771,43.885463],[125.308909,43.885683],[125.30899,43.885815],[125.309478,43.88652],[125.309769,43.886953],[125.309934,43.887197],[125.309981,43.887271],[125.310028,43.887343],[125.310079,43.887422],[125.3106,43.88818],[125.31113,43.888951],[125.311672,43.889739],[125.312268,43.890606]]}},{"type":"Feature","properties":{"name":"\u5434\u6dde\u8def"},"geometry":{"type":"LineString","coordinates":[[125.317857,43.898039],[125.320611,43.898737]]}},{"type":"Feature","properties":{"name":" "},"geometry":{"type":"LineString","coordinates":[[125.313996,43.886881],[125.315327,43.886409]]}},{"type":"Feature","properties":{"name":" "},"geometry":{"type":"LineString","coordinates":[[125.327603,43.905749],[125.327633,43.904628],[125.32766,43.903852],[125.327671,43.903549]]}},{"type":"Feature","properties":{"name":" "},"geometry":{"type":"LineString","coordinates":[[125.324811,43.904609],[125.32478,43.9057],[125.324761,43.906852]]}},{"type":"Feature","properties":{"name":"\u5efa\u653f\u8def"},"geometry":{"type":"LineString","coordinates":[[125.313388,43.883194],[125.313707,43.883279],[125.314646,43.88353],[125.316316,43.88398],[125.316422,43.884004],[125.316513,43.884028],[125.316651,43.884059]]}},{"type":"Feature","properties":{"name":"\u65b0\u4f26\u80e1\u540c"},"geometry":{"type":"LineString","coordinates":[[125.320121,43.895496],[125.320164,43.894656],[125.320172,43.894495],[125.320187,43.893876],[125.320199,43.893414]]}},{"type":"Feature","properties":{"name":"\u5d07\u667a\u8def"},"geometry":{"type":"LineString","coordinates":[[125.313378,43.888159],[125.314582,43.887732],[125.315881,43.887287]]}},{"type":"Feature","properties":{"name":"\u65b0\u53d1\u8def\u5317\u80e1\u540c"},"geometry":{"type":"LineString","coordinates":[[125.320172,43.894495],[125.321172,43.894342],[125.322867,43.894137]]}},{"type":"Feature","properties":{"name":"\u53a6\u95e8\u8def"},"geometry":{"type":"LineString","coordinates":[[125.319657,43.896737],[125.320538,43.896956],[125.321432,43.89719],[125.322194,43.897388],[125.322878,43.897564],[125.324305,43.897942]]}},{"type":"Feature","properties":{"name":"\u5434\u6dde\u8def"},"geometry":{"type":"LineString","coordinates":[[125.320611,43.898737],[125.322018,43.899131],[125.322193,43.89918],[125.322679,43.899316],[125.322889,43.899375],[125.323471,43.899538],[125.324861,43.899904],[125.326323,43.900304],[125.327935,43.900712],[125.329094,43.900991]]}},{"type":"Feature","properties":{"name":"\u54b8\u9633\u8def"},"geometry":{"type":"LineString","coordinates":[[125.31804,43.881808],[125.318166,43.881808],[125.318253,43.881812],[125.318345,43.881809],[125.320275,43.881817],[125.32116,43.88182],[125.324036,43.881825],[125.324216,43.881913]]}},{"type":"Feature","properties":{"name":"\u897f\u5b89\u80e1\u540c"},"geometry":{"type":"LineString","coordinates":[[125.299159,43.890133],[125.30024,43.889752],[125.301326,43.889369],[125.302579,43.888923],[125.303902,43.88848],[125.304034,43.88843],[125.305346,43.887965],[125.30676,43.887464],[125.308122,43.886993],[125.309478,43.88652],[125.310545,43.886132],[125.311628,43.885741],[125.311747,43.885698],[125.312969,43.885266],[125.313424,43.885106],[125.314217,43.884823]]}},{"type":"Feature","properties":{"name":"\u67f3\u6761\u8def"},"geometry":{"type":"LineString","coordinates":[[125.304345,43.878306],[125.305405,43.878324],[125.306385,43.878337],[125.307379,43.878346],[125.308114,43.878187],[125.308714,43.878063],[125.308904,43.878064],[125.310006,43.878074],[125.311157,43.878085],[125.311273,43.878086],[125.313534,43.878095]]}},{"type":"Feature","properties":{"name":"\u4eba\u6c11\u5927\u8857"},"geometry":{"type":"LineString","coordinates":[[125.317382,43.905822],[125.317488,43.905745],[125.317542,43.905699],[125.317565,43.905643],[125.317588,43.905541],[125.317586,43.905447],[125.317594,43.904849],[125.317601,43.904553],[125.317583,43.903451],[125.3176,43.902346],[125.317615,43.901762],[125.317628,43.90123],[125.317654,43.900194],[125.31767,43.899645],[125.317681,43.89911]]}},{"type":"Feature","properties":{"name":"\u4eba\u6c11\u5e7f\u573a"},"geometry":{"type":"LineString","coordinates":[[125.317689,43.885502],[125.317478,43.885447],[125.317267,43.885365],[125.316997,43.885203],[125.316911,43.885128],[125.31686,43.885079],[125.316838,43.885058],[125.316619,43.884719],[125.31661,43.884665],[125.316583,43.884543],[125.316588,43.884299],[125.316651,43.884059],[125.316836,43.883827],[125.317065,43.883628],[125.31738,43.883482],[125.317778,43.883381],[125.318331,43.883369],[125.318391,43.883386],[125.318643,43.883427],[125.318878,43.88351],[125.319154,43.883663],[125.319238,43.883733],[125.319288,43.883786],[125.319525,43.884107],[125.319556,43.884187],[125.319608,43.884353],[125.319595,43.884618],[125.319572,43.8847],[125.319536,43.884794],[125.319302,43.885113],[125.319153,43.885233],[125.318718,43.885446],[125.318347,43.885524],[125.318307,43.885529],[125.317999,43.885541],[125.31776,43.885521],[125.317689,43.885502]]}},{"type":"Feature","properties":{"name":"\u676d\u5dde\u8def"},"geometry":{"type":"LineString","coordinates":[[125.317601,43.904553],[125.316911,43.904544],[125.314888,43.904502],[125.314734,43.904498],[125.313339,43.904469],[125.311911,43.904439],[125.31047,43.904412],[125.309071,43.904396]]}},{"type":"Feature","properties":{"name":"\u73e0\u6c5f\u8def"},"geometry":{"type":"LineString","coordinates":[[125.334884,43.902549],[125.33223,43.902525]]}},{"type":"Feature","properties":{"name":"\u4e1c\u4e03\u6761"},"geometry":{"type":"LineString","coordinates":[[125.341731,43.906381],[125.338035,43.907635],[125.337712,43.90767],[125.33775,43.905839],[125.337773,43.904749],[125.336636,43.9038],[125.336449,43.903663],[125.336228,43.903506],[125.334884,43.902549]]}},{"type":"Feature","properties":{"name":"\u4e1c\u516b\u6761"},"geometry":{"type":"LineString","coordinates":[[125.345459,43.905333],[125.345438,43.905367],[125.345492,43.905481],[125.345523,43.90561],[125.345525,43.905748],[125.345459,43.906011],[125.345202,43.906251],[125.344627,43.906798],[125.342,43.906796],[125.341731,43.906381],[125.341104,43.905412],[125.340664,43.904796],[125.340727,43.904385]]}},{"type":"Feature","properties":{"name":"\u60e0\u5de5\u8def"},"geometry":{"type":"LineString","coordinates":[[125.386146,43.90148],[125.384363,43.900082],[125.383266,43.899221],[125.383119,43.899142],[125.382934,43.899093],[125.376692,43.898655],[125.373283,43.89837],[125.369848,43.898084]]}},{"type":"Feature","properties":{"name":"\u7530\u5bb6\u5927\u9662\u80e1\u540c"},"geometry":{"type":"LineString","coordinates":[[125.33509,43.888244],[125.334242,43.887819],[125.333634,43.887515],[125.333528,43.887352],[125.333361,43.887099],[125.332698,43.886775],[125.331667,43.886271],[125.331296,43.886089]]}},{"type":"Feature","properties":{"name":" "},"geometry":{"type":"LineString","coordinates":[[125.329023,43.871822],[125.329003,43.872594],[125.328981,43.873393],[125.32896,43.874201],[125.328941,43.874911],[125.328919,43.875746],[125.328924,43.875839],[125.328924,43.875932],[125.328913,43.876013],[125.328902,43.876739],[125.328891,43.877428]]}},{"type":"Feature","properties":{"name":"\u56ed\u4e1c\u8def"},"geometry":{"type":"LineString","coordinates":[[125.32468,43.877396],[125.326161,43.877406],[125.327583,43.877423],[125.328891,43.877428],[125.330243,43.877448],[125.331333,43.877459],[125.331499,43.877414],[125.33279,43.87697],[125.33282,43.87605],[125.332831,43.875974],[125.332853,43.875897]]}},{"type":"Feature","properties":{"name":"\u5317\u4eac\u5927\u8857"},"geometry":{"type":"LineString","coordinates":[[125.323118,43.894126],[125.322998,43.894244],[125.322951,43.894285],[125.320826,43.895877],[125.320255,43.896291],[125.319657,43.896737],[125.319356,43.896965],[125.319121,43.897134],[125.317857,43.898039],[125.317689,43.89814]]}},{"type":"Feature","properties":{"name":"\u5927\u7ecf\u8def"},"geometry":{"type":"LineString","coordinates":[[125.322989,43.894014],[125.324029,43.893088],[125.325769,43.891398],[125.326579,43.890598],[125.327337,43.88985],[125.327733,43.889459],[125.328724,43.888498],[125.329274,43.887965],[125.329403,43.887844],[125.329951,43.887292],[125.330212,43.887019],[125.332495,43.884498],[125.333489,43.883384],[125.333917,43.882904],[125.334367,43.8824],[125.337111,43.879506],[125.338031,43.878521],[125.338349,43.878181],[125.338475,43.878043],[125.338822,43.877691],[125.339186,43.877317],[125.340962,43.875411],[125.341282,43.87507],[125.341401,43.874944],[125.341727,43.874442]]}},{"type":"Feature","properties":{"name":"\u5927\u7ecf\u8def"},"geometry":{"type":"LineString","coordinates":[[125.341727,43.874442],[125.341446,43.875074],[125.341181,43.87536],[125.339531,43.877135],[125.338927,43.877771],[125.338615,43.878101],[125.338484,43.878235],[125.338192,43.878549],[125.337223,43.879591],[125.335892,43.881023],[125.334545,43.882473],[125.333317,43.883822],[125.33262,43.884586],[125.331296,43.886089],[125.330365,43.887102],[125.32954,43.887901],[125.32942,43.888016],[125.328597,43.888809],[125.327873,43.889506],[125.325897,43.891444],[125.324183,43.893146],[125.323118,43.894126]]}},{"type":"Feature","properties":{"name":" "},"geometry":{"type":"LineString","coordinates":[[125.3695,43.901656],[125.3695,43.898127],[125.369471,43.894314],[125.369546,43.891888]]}},{"type":"Feature","properties":{"name":"\u9f99\u6625\u80e1\u540c"},"geometry":{"type":"LineString","coordinates":[[125.336159,43.883328],[125.334205,43.885413]]}},{"type":"Feature","properties":{"name":"\u5357\u8857\u80e1\u540c"},"geometry":{"type":"LineString","coordinates":[[125.335588,43.883038],[125.334338,43.884329],[125.333614,43.885077]]}},{"type":"Feature","properties":{"name":" "},"geometry":{"type":"LineString","coordinates":[[125.323294,43.88234],[125.324318,43.883513]]}},{"type":"Feature","properties":{"name":"\u5858\u4e1c\u80e1\u540c"},"geometry":{"type":"LineString","coordinates":[[125.339675,43.881558],[125.338842,43.882347],[125.33878,43.882405],[125.337752,43.883554],[125.337367,43.883985]]}},{"type":"Feature","properties":{"name":"\u81ea\u5f3a\u5357\u8857"},"geometry":{"type":"LineString","coordinates":[[125.325626,43.88291],[125.324318,43.883513],[125.323281,43.883986],[125.32374,43.884534],[125.323268,43.885217]]}},{"type":"Feature","properties":{"name":"\u4e09\u4e49\u80e1\u540c"},"geometry":{"type":"LineString","coordinates":[[125.335996,43.878623],[125.335229,43.879199],[125.334518,43.879732],[125.333579,43.880437],[125.333512,43.880488],[125.33252,43.881586]]}},{"type":"Feature","properties":{"name":"\u897f\u4e00\u6761 W.1st Tiao"},"geometry":{"type":"LineString","coordinates":[[125.314914,43.899081],[125.31487,43.900161],[125.314861,43.900626],[125.314852,43.901174],[125.314831,43.901723],[125.314809,43.902307],[125.31477,43.90341],[125.314736,43.904391],[125.314734,43.904498],[125.314715,43.90532],[125.314719,43.905631],[125.314704,43.906],[125.31471,43.90677]]}},{"type":"Feature","properties":{"name":"\u9f99\u6c5f\u8def"},"geometry":{"type":"LineString","coordinates":[[125.311978,43.900146],[125.313408,43.90015],[125.314526,43.900153],[125.31487,43.900161],[125.31626,43.900177],[125.317654,43.900194]]}},{"type":"Feature","properties":{"name":" "},"geometry":{"type":"LineString","coordinates":[[125.331633,43.909519],[125.331644,43.907843]]}},{"type":"Feature","properties":{"name":" "},"geometry":{"type":"LineString","coordinates":[[125.331644,43.907843],[125.331654,43.907116],[125.331649,43.906561],[125.331653,43.906424],[125.331684,43.9059]]}},{"type":"Feature","properties":{"name":"\u5cb3\u9633\u8857"},"geometry":{"type":"LineString","coordinates":[[125.321754,43.875826],[125.321672,43.875916],[125.321669,43.876166],[125.32163,43.877318],[125.321618,43.877674],[125.321613,43.877827],[125.321495,43.877943],[125.321311,43.877973]]}},{"type":"Feature","properties":{"name":"\u5149\u660e\u8def"},"geometry":{"type":"LineString","coordinates":[[125.314103,43.884651],[125.314646,43.88353],[125.315553,43.881803]]}},{"type":"Feature","properties":{"name":"\u5efa\u548c\u80e1\u540c Jianhe Hutong"},"geometry":{"type":"LineString","coordinates":[[125.31111,43.886965],[125.31117,43.887051],[125.311686,43.887792],[125.312225,43.888566],[125.312771,43.889357],[125.313045,43.889758],[125.3131,43.889787]]}},{"type":"Feature","properties":{"name":" "},"geometry":{"type":"LineString","coordinates":[[125.312511,43.883786],[125.312927,43.884394],[125.313424,43.885106],[125.313894,43.885781],[125.313945,43.885848]]}},{"type":"Feature","properties":{"name":"\u5149\u660e\u5c0f\u80e1\u540c"},"geometry":{"type":"LineString","coordinates":[[125.31203,43.883953],[125.312472,43.884568],[125.312969,43.885266],[125.313434,43.885944]]}},{"type":"Feature","properties":{"name":"\u6587\u5316\u4e1c\u80e1\u540c"},"geometry":{"type":"LineString","coordinates":[[125.316616,43.887295],[125.316602,43.888092],[125.316593,43.88893],[125.316567,43.889809]]}},{"type":"Feature","properties":{"name":"\u5149\u660e\u80e1\u540c"},"geometry":{"type":"LineString","coordinates":[[125.313131,43.884407],[125.313707,43.883279]]}},{"type":"Feature","properties":{"name":"\u5d07\u667a\u8def Chongzhi Rd"},"geometry":{"type":"LineString","coordinates":[[125.312225,43.888566],[125.313378,43.888159]]}},{"type":"Feature","properties":{"name":" "},"geometry":{"type":"LineString","coordinates":[[125.315277,43.888084],[125.315276,43.888917]]}},{"type":"Feature","properties":{"name":"\u91cd\u5e86\u8def Chongqing Rd"},"geometry":{"type":"LineString","coordinates":[[125.313378,43.888159],[125.313674,43.888607],[125.313814,43.888762],[125.314108,43.888893],[125.314477,43.888907],[125.315276,43.888917],[125.316593,43.88893],[125.317738,43.888933],[125.31781,43.888933],[125.31793,43.888935],[125.31805,43.888938]]}},{"type":"Feature","properties":{"name":"\u91cd\u5e86\u80e1\u540c"},"geometry":{"type":"LineString","coordinates":[[125.314582,43.887732],[125.313996,43.886881],[125.313529,43.886214],[125.313471,43.886133]]}},{"type":"Feature","properties":{"name":"\u4e1c\u671d\u9633\u80e1\u540c East Chaoyang Alley"},"geometry":{"type":"LineString","coordinates":[[125.315812,43.87986],[125.315296,43.879855],[125.314838,43.87985],[125.313505,43.879835],[125.313107,43.879832],[125.312381,43.879825],[125.311675,43.879819],[125.311241,43.879815],[125.311122,43.879814],[125.309966,43.879807],[125.308862,43.879799],[125.307334,43.879778]]}},{"type":"Feature","properties":{"name":"\u4eba\u6c11\u5927\u8857"},"geometry":{"type":"LineString","coordinates":[[125.317778,43.883381],[125.317953,43.883233],[125.317992,43.883167],[125.318006,43.8831],[125.31804,43.881808],[125.31807,43.880783],[125.318113,43.879019],[125.318116,43.878884],[125.31814,43.877725],[125.318191,43.875888],[125.318193,43.875813],[125.318197,43.875704],[125.318194,43.875618],[125.318213,43.87456],[125.318248,43.873273],[125.318258,43.872496],[125.318268,43.871727],[125.318305,43.869793],[125.318351,43.868183],[125.31838,43.867366],[125.318443,43.865826],[125.31847,43.865177],[125.318497,43.864531],[125.318505,43.863893],[125.318513,43.863228],[125.318533,43.861732],[125.318536,43.86159],[125.318549,43.860747],[125.318565,43.85965],[125.318617,43.857735],[125.318756,43.85115],[125.318822,43.848848],[125.318825,43.848763],[125.318826,43.848628],[125.318975,43.842511],[125.318979,43.84203],[125.318983,43.839817],[125.319034,43.837651],[125.319105,43.835487],[125.319217,43.831333],[125.319092,43.831144]]}},{"type":"Feature","properties":{"name":" "},"geometry":{"type":"LineString","coordinates":[[125.340925,43.904011],[125.340739,43.903748],[125.340727,43.903732]]}},{"type":"Feature","properties":{"name":" "},"geometry":{"type":"LineString","coordinates":[[125.341424,43.902848],[125.34121,43.902995],[125.340931,43.903084],[125.34077,43.903125],[125.3407,43.903143]]}},{"type":"Feature","properties":{"name":" "},"geometry":{"type":"LineString","coordinates":[[125.340458,43.902773],[125.340455,43.9029],[125.34077,43.903125]]}},{"type":"Feature","properties":{"name":" "},"geometry":{"type":"LineString","coordinates":[[125.339244,43.902735],[125.339328,43.90278],[125.339391,43.902854],[125.339518,43.903034]]}},{"type":"Feature","properties":{"name":" "},"geometry":{"type":"LineString","coordinates":[[125.338975,43.90366],[125.339057,43.903674],[125.339092,43.903709],[125.339117,43.903734],[125.339114,43.903815]]}},{"type":"Feature","properties":{"name":" "},"geometry":{"type":"LineString","coordinates":[[125.339092,43.903709],[125.339412,43.903578],[125.339369,43.903521],[125.339332,43.903448],[125.339315,43.903337],[125.339352,43.903211],[125.33942,43.903109],[125.3395,43.903045],[125.339518,43.903034],[125.339635,43.902994],[125.339752,43.902966],[125.339899,43.902957],[125.340684,43.903104],[125.34077,43.903125],[125.340852,43.903209],[125.340928,43.903325],[125.340948,43.903445],[125.340917,43.90356],[125.34086,43.903652],[125.340739,43.903748],[125.340636,43.903793],[125.340455,43.903823],[125.340231,43.903801],[125.339987,43.90376],[125.339664,43.903707],[125.3395,43.903664],[125.339412,43.903578]]}},{"type":"Feature","properties":{"name":" "},"geometry":{"type":"LineString","coordinates":[[125.337945,43.903964],[125.338232,43.902318],[125.338264,43.902062]]}},{"type":"Feature","properties":{"name":"\u5149\u590d\u8def"},"geometry":{"type":"LineString","coordinates":[[125.333132,43.901344],[125.335065,43.901646],[125.336661,43.901869],[125.338264,43.902062],[125.339359,43.90182],[125.341005,43.901446],[125.341141,43.901429],[125.346322,43.900795],[125.346826,43.901052]]}},{"type":"Feature","properties":{"name":"\u5411\u9633\u8857"},"geometry":{"type":"LineString","coordinates":[[125.346322,43.900795],[125.345597,43.899361],[125.34506,43.898285],[125.344122,43.896447],[125.343776,43.895763],[125.34357,43.895314],[125.34354,43.895183],[125.343556,43.895052],[125.343579,43.894996],[125.343599,43.894947],[125.343683,43.894823],[125.344492,43.89363]]}},{"type":"Feature","properties":{"name":"\u4e1c\u56db\u9a6c\u8def"},"geometry":{"type":"LineString","coordinates":[[125.337656,43.895338],[125.338741,43.895727],[125.340313,43.896291],[125.342114,43.896938]]}},{"type":"Feature","properties":{"name":"\u957f\u6625\u7ad9\u5317\u5e7f\u573a"},"geometry":{"type":"LineString","coordinates":[[125.319949,43.911245],[125.319895,43.911256],[125.319682,43.911248],[125.319478,43.911177],[125.318597,43.911181],[125.318484,43.911157],[125.31832,43.911157],[125.318226,43.911181],[125.316648,43.911176],[125.316575,43.911158],[125.316399,43.911083],[125.316295,43.911062],[125.315367,43.911059],[125.315373,43.910425],[125.315793,43.910378],[125.315872,43.910371],[125.316426,43.910332],[125.316502,43.91033],[125.317049,43.910314],[125.317131,43.910316],[125.317626,43.910314],[125.317711,43.910323],[125.318255,43.910349],[125.318337,43.910356],[125.3189,43.910408],[125.319782,43.910498],[125.319975,43.910483],[125.319962,43.911203],[125.319949,43.911245]]}},{"type":"Feature","properties":{"name":"\u4e1c\u83b1\u5357\u8857"},"geometry":{"type":"LineString","coordinates":[[125.348252,43.902961],[125.348359,43.902751],[125.348565,43.902488],[125.351639,43.899571],[125.351951,43.899213],[125.35213,43.898843],[125.352175,43.898461],[125.352243,43.897741],[125.352254,43.897617],[125.352575,43.89743]]}},{"type":"Feature","properties":{"name":"\u4e1c\u83b1\u5317\u8857"},"geometry":{"type":"LineString","coordinates":[[125.350127,43.911902],[125.349648,43.9112],[125.349326,43.910829],[125.348933,43.910477],[125.348478,43.910099],[125.348133,43.909686],[125.347942,43.909364],[125.347824,43.909047],[125.347749,43.908746],[125.347749,43.908463],[125.347993,43.905604],[125.348207,43.903092]]}},{"type":"Feature","properties":{"name":" "},"geometry":{"type":"LineString","coordinates":[[125.348207,43.903092],[125.348252,43.902961]]}},{"type":"Feature","properties":{"name":"\u8363\u5149\u8def Rongguang Rd"},"geometry":{"type":"LineString","coordinates":[[125.349483,43.886639],[125.349774,43.886705],[125.350193,43.886671],[125.35064,43.886327],[125.350893,43.886108],[125.351025,43.885997]]}},{"type":"Feature","properties":{"name":"\u4e1c\u5929\u8857"},"geometry":{"type":"LineString","coordinates":[[125.348033,43.885691],[125.349198,43.886448],[125.349483,43.886639],[125.349685,43.886809],[125.349826,43.887012],[125.349883,43.88721],[125.349864,43.887733],[125.349777,43.888605],[125.349721,43.889172],[125.34966,43.889904],[125.349547,43.891254],[125.349465,43.892176],[125.34937,43.893259],[125.349294,43.893932],[125.349213,43.894175],[125.348849,43.894794]]}},{"type":"Feature","properties":{"name":"\u4e1c\u5927\u6865\u8def"},"geometry":{"type":"LineString","coordinates":[[125.352254,43.897617],[125.351975,43.897527],[125.35093,43.896947],[125.350162,43.89652],[125.349688,43.896293]]}},{"type":"Feature","properties":{"name":"\u5317\u90e8\u5feb\u901f\u8def"},"geometry":{"type":"LineString","coordinates":[[125.377628,43.914012],[125.376447,43.914008],[125.373887,43.914002],[125.369453,43.91397],[125.369272,43.91397],[125.36589,43.913945],[125.360469,43.913903],[125.359442,43.913949]]}},{"type":"Feature","properties":{"name":" "},"geometry":{"type":"LineString","coordinates":[[125.345266,43.913902],[125.344722,43.913892]]}},{"type":"Feature","properties":{"name":" "},"geometry":{"type":"LineString","coordinates":[[125.344725,43.913804],[125.345272,43.913812]]}},{"type":"Feature","properties":{"name":"\u5317\u90e8\u5feb\u901f\u8def"},"geometry":{"type":"LineString","coordinates":[[125.345272,43.913812],[125.346679,43.913859],[125.34808,43.913928],[125.348527,43.913938],[125.350012,43.913949],[125.350575,43.913951],[125.352006,43.913953],[125.352677,43.913905],[125.353841,43.913822],[125.355,43.913825],[125.355384,43.913835]]}},{"type":"Feature","properties":{"name":"\u94c1\u5317\u4e8c\u8def"},"geometry":{"type":"LineString","coordinates":[[125.323159,43.911433],[125.322843,43.911454],[125.322609,43.911488],[125.32205,43.911608],[125.321144,43.911815],[125.320953,43.911833],[125.320768,43.911825],[125.320115,43.91181],[125.319352,43.911796],[125.317942,43.911795],[125.317789,43.911793],[125.317361,43.911787],[125.317223,43.911778],[125.316564,43.911767],[125.315882,43.911781],[125.315515,43.911778],[125.31492,43.911767],[125.314581,43.911749],[125.314245,43.911687],[125.314024,43.911634],[125.313748,43.911559],[125.313385,43.911453],[125.313149,43.911399]]}},{"type":"Feature","properties":{"name":"\u5317\u4e03\u6761 N.7th Tiao"},"geometry":{"type":"LineString","coordinates":[[125.337815,43.910417],[125.337789,43.911558],[125.337771,43.912554],[125.337768,43.91362]]}},{"type":"Feature","properties":{"name":"\u5317\u5341\u6761"},"geometry":{"type":"LineString","coordinates":[[125.348883,43.918753],[125.348417,43.918647],[125.348308,43.918549],[125.3482,43.918412],[125.348046,43.918084],[125.347746,43.917423],[125.346828,43.91576],[125.345172,43.914263],[125.345004,43.914001],[125.345015,43.913718],[125.345119,43.912614],[125.345339,43.910558],[125.345616,43.907287],[125.345727,43.906763],[125.345854,43.906398],[125.346169,43.905948],[125.346493,43.905366]]}},{"type":"Feature","properties":{"name":"\u94c1\u5317\u4e8c\u8def"},"geometry":{"type":"LineString","coordinates":[[125.313149,43.911399],[125.313364,43.911361],[125.313533,43.911342],[125.313659,43.911322],[125.313789,43.911316],[125.314436,43.911323],[125.314683,43.911337],[125.314954,43.911384],[125.315232,43.9114],[125.316445,43.911412],[125.316911,43.911417],[125.318836,43.911434],[125.319073,43.911434],[125.320776,43.911437],[125.321575,43.911444],[125.321812,43.91142],[125.323159,43.911433]]}},{"type":"Feature","properties":{"name":" "},"geometry":{"type":"LineString","coordinates":[[125.321144,43.911815],[125.320868,43.911883],[125.320643,43.911884]]}},{"type":"Feature","properties":{"name":" "},"geometry":{"type":"LineString","coordinates":[[125.31963,43.911668],[125.317746,43.911678],[125.31756,43.911677],[125.317439,43.911713],[125.317361,43.911787]]}},{"type":"Feature","properties":{"name":" "},"geometry":{"type":"LineString","coordinates":[[125.317773,43.916948],[125.317956,43.917072],[125.31809,43.917117],[125.318194,43.91714]]}},{"type":"Feature","properties":{"name":" "},"geometry":{"type":"LineString","coordinates":[[125.315882,43.911781],[125.31576,43.911841],[125.315625,43.911878],[125.315483,43.911906],[125.315389,43.911915]]}},{"type":"Feature","properties":{"name":" "},"geometry":{"type":"LineString","coordinates":[[125.314918,43.911857],[125.314694,43.911843],[125.31442,43.911808],[125.314209,43.911747],[125.313748,43.911559]]}},{"type":"Feature","properties":{"name":" "},"geometry":{"type":"LineString","coordinates":[[125.312494,43.906827],[125.311996,43.906919],[125.310889,43.906988],[125.31078,43.906994],[125.310663,43.907033],[125.3106,43.907096],[125.310567,43.907217],[125.310566,43.907482]]}},{"type":"Feature","properties":{"name":"\u5317\u4eba\u6c11\u5927\u8857"},"geometry":{"type":"LineString","coordinates":[[125.317789,43.911793],[125.31767,43.911914],[125.317656,43.912027],[125.317651,43.914294],[125.317645,43.917316],[125.317649,43.917706],[125.317629,43.922824],[125.317627,43.92853],[125.317645,43.931365],[125.317666,43.934815],[125.31765,43.940289],[125.31765,43.942536],[125.317652,43.948837]]}},{"type":"Feature","properties":{"name":"\u5317\u4e9a\u6cf0\u5927\u8857"},"geometry":{"type":"LineString","coordinates":[[125.331866,43.912085],[125.331804,43.911528],[125.331761,43.910966],[125.331782,43.910383],[125.331735,43.909551]]}},{"type":"Feature","properties":{"name":"\u5317\u4e9a\u6cf0\u5927\u8857\uff08Y\u00e0t\u00e0i D\u00e0ji\u0113)"},"geometry":{"type":"LineString","coordinates":[[125.331789,43.916285],[125.331861,43.914954],[125.331844,43.913883],[125.331874,43.912527],[125.331866,43.912085]]}},{"type":"Feature","properties":{"name":"\u897f\u6cb3\u5824\u8def"},"geometry":{"type":"LineString","coordinates":[[125.357241,43.943666],[125.357449,43.943384],[125.357501,43.943112],[125.357384,43.942549],[125.356792,43.939631],[125.356523,43.93928],[125.353997,43.937156],[125.353658,43.936771],[125.353515,43.936396],[125.353528,43.933516],[125.353789,43.933272],[125.353789,43.933056],[125.35345,43.932597],[125.353549,43.928895],[125.353646,43.923065],[125.353666,43.922939],[125.353685,43.922832],[125.354053,43.921843],[125.354778,43.919894],[125.354822,43.919728],[125.354862,43.919552],[125.354858,43.919263],[125.354526,43.915534],[125.354473,43.914061]]}},{"type":"Feature","properties":{"name":" "},"geometry":{"type":"LineString","coordinates":[[125.321452,43.923266],[125.319177,43.92399],[125.318354,43.92424]]}},{"type":"Feature","properties":{"name":"\u5929\u5149\u8def Tianguang Rd"},"geometry":{"type":"LineString","coordinates":[[125.318384,43.917492],[125.318398,43.917571],[125.318704,43.917901],[125.319343,43.917933],[125.319682,43.917929],[125.319663,43.91911]]}},{"type":"Feature","properties":{"name":"\u4e8c\u9149\u8857 Eryou St"},"geometry":{"type":"LineString","coordinates":[[125.317757,43.924037],[125.318973,43.923648],[125.320814,43.923072],[125.322477,43.922542]]}},{"type":"Feature","properties":{"name":"\u56db\u8fbe\u8857 Sida St"},"geometry":{"type":"LineString","coordinates":[[125.318353,43.922609],[125.31844,43.922755],[125.318973,43.923648],[125.319177,43.92399],[125.319331,43.924249],[125.319573,43.924654],[125.320259,43.925805],[125.320671,43.926564],[125.320984,43.927143],[125.32102,43.927341],[125.321018,43.927576],[125.321009,43.9285]]}},{"type":"Feature","properties":{"name":" "},"geometry":{"type":"LineString","coordinates":[[125.369898,43.906833],[125.369832,43.90695],[125.369809,43.90899],[125.369801,43.909407],[125.370089,43.90983],[125.370082,43.910204],[125.370075,43.910597],[125.370068,43.910993],[125.370065,43.911145],[125.370062,43.911372],[125.370057,43.911754],[125.370051,43.912144],[125.370036,43.912535],[125.369834,43.91254],[125.36985,43.913457]]}},{"type":"Feature","properties":{"name":"\u8fdc\u8fbe\u5927\u8857 Yuanda St"},"geometry":{"type":"LineString","coordinates":[[125.369134,43.914078],[125.36911,43.913736],[125.369105,43.913604],[125.369097,43.911019],[125.369148,43.908641],[125.36919,43.906652],[125.369194,43.906452],[125.36926,43.90341],[125.369284,43.902362],[125.369212,43.901904],[125.369172,43.901566],[125.369159,43.901338],[125.369108,43.900475]]}},{"type":"Feature","properties":{"name":"\u4e1c\u8363\u5927\u8def Donrong Rd"},"geometry":{"type":"LineString","coordinates":[[125.377933,43.913956],[125.377603,43.914127],[125.377077,43.914124],[125.376447,43.91412],[125.375789,43.91412],[125.374458,43.91412],[125.373886,43.91412],[125.373275,43.914115],[125.371505,43.914099],[125.369935,43.914085],[125.369523,43.914082],[125.369134,43.914078],[125.365988,43.91405],[125.363834,43.91404],[125.360413,43.914004],[125.359459,43.91405],[125.358293,43.914099],[125.357433,43.914094]]}},{"type":"Feature","properties":{"name":"\u4e1c\u8363\u5927\u8def Donrong Rd"},"geometry":{"type":"LineString","coordinates":[[125.357451,43.913741],[125.358125,43.913755],[125.358299,43.913753],[125.358805,43.913749],[125.359099,43.913733],[125.35932,43.913722],[125.360441,43.913658],[125.363027,43.913681],[125.365993,43.913712],[125.36911,43.913736],[125.36952,43.913739]]}},{"type":"Feature","properties":{"name":" "},"geometry":{"type":"LineString","coordinates":[[125.363834,43.91404],[125.363818,43.915263],[125.363804,43.916291],[125.363804,43.918036]]}},{"type":"Feature","properties":{"name":" "},"geometry":{"type":"LineString","coordinates":[[125.348948,43.918606],[125.349137,43.918689],[125.349501,43.919058],[125.349889,43.919235],[125.350031,43.919408],[125.349642,43.920181],[125.349427,43.920363],[125.349354,43.921863],[125.3491,43.927106],[125.348597,43.928902],[125.347541,43.932556],[125.346816,43.934602],[125.345386,43.939316],[125.345327,43.939682],[125.345346,43.940072],[125.345424,43.94035],[125.345472,43.940523],[125.345617,43.940828],[125.345828,43.941108],[125.346231,43.941527],[125.349415,43.944074]]}},{"type":"Feature","properties":{"name":"\u4e7e\u5b89\u8def"},"geometry":{"type":"LineString","coordinates":[[125.361712,43.91804],[125.363804,43.918036],[125.365915,43.918052],[125.366527,43.918053],[125.369077,43.918074],[125.369481,43.918078],[125.373837,43.918113],[125.374444,43.918118],[125.375732,43.918127],[125.376393,43.918132],[125.377063,43.918136],[125.379023,43.918148],[125.379622,43.918151],[125.382517,43.918165]]}},{"type":"Feature","properties":{"name":"\u4e30\u987a\u8857"},"geometry":{"type":"LineString","coordinates":[[125.31814,43.877725],[125.318051,43.877727],[125.317967,43.877726],[125.317813,43.877723],[125.317653,43.877719],[125.31758,43.877717],[125.317444,43.877696],[125.317123,43.87756],[125.31687,43.877343],[125.316795,43.877222],[125.316782,43.877106],[125.316825,43.87594],[125.316828,43.875859],[125.316828,43.875782]]}},{"type":"Feature","properties":{"name":"\u73f2\u6625\u8857 Hunchun Jie"},"geometry":{"type":"LineString","coordinates":[[125.330294,43.876026],[125.330243,43.877448]]}},{"type":"Feature","properties":{"name":" "},"geometry":{"type":"LineString","coordinates":[[125.317683,43.893933],[125.317658,43.893754],[125.317623,43.893641],[125.317461,43.893474],[125.317373,43.893411],[125.317235,43.893372]]}},{"type":"Feature","properties":{"name":" "},"geometry":{"type":"LineString","coordinates":[[125.318606,43.893385],[125.318499,43.893408],[125.318412,43.89345],[125.318144,43.893647],[125.318085,43.893739],[125.31805,43.893881]]}},{"type":"Feature","properties":{"name":" "},"geometry":{"type":"LineString","coordinates":[[125.317124,43.898522],[125.317255,43.898374],[125.317327,43.898294],[125.317369,43.898247],[125.317508,43.898025],[125.317576,43.897795],[125.317599,43.897546]]}},{"type":"Feature","properties":{"name":" "},"geometry":{"type":"LineString","coordinates":[[125.317925,43.88566],[125.31764,43.885612],[125.31735,43.885521],[125.317157,43.885429],[125.316996,43.885332],[125.316814,43.885212],[125.316706,43.885119],[125.316643,43.885045]]}},{"type":"Feature","properties":{"name":" "},"geometry":{"type":"LineString","coordinates":[[125.316381,43.885093],[125.316316,43.88521],[125.314857,43.885723],[125.313529,43.886214],[125.312352,43.886649],[125.31117,43.887051],[125.310079,43.887422],[125.307396,43.888383],[125.304646,43.889346],[125.304516,43.889394],[125.301975,43.890306],[125.301961,43.890311],[125.299809,43.891056],[125.299683,43.891103],[125.298038,43.891707],[125.296697,43.892179],[125.295548,43.892588],[125.295351,43.892541]]}},{"type":"Feature","properties":{"name":" "},"geometry":{"type":"LineString","coordinates":[[125.319554,43.885068],[125.319343,43.885266],[125.319171,43.885382],[125.318974,43.885481],[125.318744,43.885574],[125.318474,43.885641],[125.318178,43.885655]]}},{"type":"Feature","properties":{"name":" "},"geometry":{"type":"LineString","coordinates":[[125.317622,43.87561],[125.318018,43.875616],[125.318099,43.875617],[125.318194,43.875618],[125.318344,43.875622],[125.318433,43.875619],[125.318525,43.875625],[125.318902,43.875631],[125.321844,43.875648],[125.324746,43.87569],[125.32761,43.875723],[125.328919,43.875746],[125.330303,43.87577],[125.331528,43.875781],[125.332828,43.875815],[125.333235,43.875967],[125.3345,43.876438],[125.335141,43.876676],[125.33581,43.87693],[125.336106,43.877046],[125.336158,43.877174]]}},{"type":"Feature","properties":{"name":" "},"geometry":{"type":"LineString","coordinates":[[125.319599,43.883951],[125.319717,43.884134],[125.319743,43.884263],[125.319764,43.884394],[125.319764,43.884524],[125.319742,43.884665],[125.319683,43.884862],[125.31964,43.884928]]}},{"type":"Feature","properties":{"name":" "},"geometry":{"type":"LineString","coordinates":[[125.318224,43.88325],[125.318583,43.883305],[125.31882,43.883364],[125.319007,43.883437],[125.319206,43.883549],[125.319334,43.883632],[125.319425,43.883723],[125.319478,43.883786]]}},{"type":"Feature","properties":{"name":" "},"geometry":{"type":"LineString","coordinates":[[125.338031,43.878521],[125.338088,43.878401],[125.338098,43.878295],[125.338074,43.878193],[125.338013,43.8781],[125.337893,43.877993]]}},{"type":"Feature","properties":{"name":" "},"geometry":{"type":"LineString","coordinates":[[125.33895,43.878406],[125.338707,43.878381],[125.338516,43.878388],[125.338354,43.878442],[125.338192,43.878549]]}},{"type":"Feature","properties":{"name":" "},"geometry":{"type":"LineString","coordinates":[[125.338927,43.877771],[125.338884,43.877907],[125.338872,43.878024],[125.338957,43.878176],[125.339086,43.878292]]}},{"type":"Feature","properties":{"name":" "},"geometry":{"type":"LineString","coordinates":[[125.337974,43.877848],[125.338108,43.877867],[125.338333,43.877849],[125.338601,43.877824],[125.338701,43.877787],[125.338822,43.877691]]}},{"type":"Feature","properties":{"name":" "},"geometry":{"type":"LineString","coordinates":[[125.319882,43.831022],[125.319637,43.831213],[125.31955,43.831315],[125.319519,43.831547],[125.319479,43.832836],[125.319348,43.837646],[125.319313,43.842022],[125.319184,43.848038],[125.319167,43.848628],[125.319167,43.848763],[125.319147,43.849241],[125.319132,43.849728],[125.319087,43.851359],[125.319049,43.852738],[125.318935,43.857122],[125.318878,43.859209],[125.318842,43.86125],[125.318827,43.861599],[125.318817,43.861734],[125.318775,43.863236],[125.318762,43.864537],[125.318745,43.865174],[125.318723,43.865827],[125.318648,43.868176],[125.318592,43.869789],[125.318556,43.870951],[125.318531,43.871727],[125.318518,43.872506],[125.318499,43.873274],[125.318479,43.874096],[125.318436,43.87538],[125.318433,43.875619],[125.318427,43.875706],[125.318426,43.875818],[125.318429,43.875894],[125.31842,43.876146],[125.318405,43.877102],[125.318347,43.878884],[125.318253,43.881812],[125.318241,43.88304],[125.318149,43.883094]]}},{"type":"Feature","properties":{"name":" "},"geometry":{"type":"LineString","coordinates":[[125.342375,43.880169],[125.342432,43.879939],[125.342406,43.8795]]}},{"type":"Feature","properties":{"name":" "},"geometry":{"type":"LineString","coordinates":[[125.318109,43.885869],[125.318243,43.885899],[125.318224,43.887321],[125.318199,43.88814],[125.318164,43.88885],[125.31816,43.888935],[125.318159,43.889023],[125.318132,43.890693],[125.318123,43.891588],[125.318111,43.892363],[125.318104,43.892811],[125.318085,43.893256],[125.318078,43.893385],[125.31805,43.893881],[125.318044,43.894345],[125.318029,43.895477],[125.318021,43.896128],[125.317994,43.897542],[125.317869,43.897795]]}},{"type":"Feature","properties":{"name":" "},"geometry":{"type":"LineString","coordinates":[[125.316545,43.884887],[125.316458,43.884664],[125.31643,43.884425],[125.316477,43.884169],[125.316513,43.884028],[125.316701,43.883788],[125.316921,43.883606],[125.317126,43.883473],[125.317324,43.883376],[125.31752,43.883319],[125.31771,43.883272],[125.317953,43.883233]]}},{"type":"Feature","properties":{"name":" "},"geometry":{"type":"LineString","coordinates":[[125.31769,43.898037],[125.317599,43.897546],[125.317625,43.895471],[125.317662,43.89448],[125.317683,43.893933],[125.317697,43.893381],[125.317701,43.893249],[125.317717,43.892784],[125.317735,43.892414],[125.317758,43.890687],[125.317784,43.889823],[125.317807,43.88902],[125.31781,43.888933],[125.317813,43.888847],[125.31787,43.88731],[125.317876,43.885894],[125.318007,43.885863]]}},{"type":"Feature","properties":{"name":" "},"geometry":{"type":"LineString","coordinates":[[125.317311,43.893243],[125.317457,43.893177],[125.317625,43.893051],[125.317681,43.89297],[125.317717,43.892784]]}},{"type":"Feature","properties":{"name":" "},"geometry":{"type":"LineString","coordinates":[[125.318104,43.892811],[125.318141,43.892949],[125.318191,43.893008],[125.318423,43.893186],[125.318508,43.893233],[125.318622,43.893268]]}},{"type":"Feature","properties":{"name":" "},"geometry":{"type":"LineString","coordinates":[[125.318006,43.8831],[125.317907,43.883053],[125.317907,43.882939],[125.317943,43.881803],[125.317947,43.881585],[125.317951,43.881338],[125.317955,43.881077],[125.31796,43.880784],[125.318021,43.879016],[125.318024,43.878884],[125.318051,43.877727],[125.318089,43.876152],[125.318093,43.875886],[125.318095,43.875813],[125.318097,43.8757],[125.318099,43.875617],[125.318104,43.8754]]}},{"type":"Feature","properties":{"name":" "},"geometry":{"type":"LineString","coordinates":[[125.295294,43.892464],[125.295371,43.892348],[125.296529,43.891938],[125.297861,43.891465],[125.299535,43.890888],[125.299662,43.890845],[125.301811,43.890084],[125.304372,43.889178],[125.304507,43.889135],[125.305816,43.888664],[125.30724,43.888153],[125.308596,43.887669],[125.309934,43.887197],[125.31101,43.886811],[125.312111,43.886416],[125.312235,43.886372],[125.313434,43.885944],[125.313894,43.885781],[125.314687,43.885495],[125.316134,43.884974],[125.316297,43.885001]]}},{"type":"Feature","properties":{"name":"\u540c\u5fd7\u8857 Tongzhi St"},"geometry":{"type":"LineString","coordinates":[[125.312352,43.886649],[125.312232,43.886579],[125.312168,43.886496],[125.312111,43.886416],[125.311628,43.885741],[125.311143,43.885062],[125.311076,43.88496],[125.311034,43.88484],[125.311033,43.884698],[125.311033,43.884268],[125.311039,43.883844],[125.311047,43.883205],[125.311056,43.882423],[125.311066,43.881965],[125.311075,43.881556],[125.311093,43.880711],[125.311121,43.880184],[125.311122,43.879814],[125.311124,43.879402],[125.311135,43.878914],[125.311157,43.878085],[125.311192,43.876751],[125.311211,43.876],[125.311215,43.875886],[125.311217,43.875803],[125.311219,43.875725],[125.31122,43.875636],[125.311222,43.875552],[125.311223,43.875494],[125.311227,43.875255],[125.31123,43.874878],[125.311234,43.874477],[125.31125,43.873849],[125.311272,43.87318],[125.311284,43.8728],[125.311296,43.872423],[125.311308,43.872032],[125.31132,43.871655],[125.311324,43.871134],[125.311341,43.870013],[125.311359,43.868877],[125.311384,43.868068],[125.311408,43.867297],[125.311425,43.86574],[125.31144,43.865086],[125.311455,43.864461],[125.31147,43.863802],[125.311485,43.863163],[125.311503,43.862468],[125.311525,43.861643],[125.31153,43.861512],[125.311582,43.860135],[125.311587,43.860015],[125.311626,43.85897],[125.311671,43.857761],[125.311641,43.857672],[125.311552,43.857597],[125.310172,43.856617],[125.309194,43.855923]]}},{"type":"Feature","properties":{"name":" "},"geometry":{"type":"LineString","coordinates":[[125.316491,43.883893],[125.316683,43.883679],[125.316934,43.883491],[125.317225,43.883346],[125.317525,43.883246],[125.317683,43.883201],[125.317992,43.883167],[125.318178,43.883167],[125.318477,43.883201],[125.318748,43.883269],[125.319064,43.883371],[125.319327,43.88353],[125.31952,43.883706],[125.319568,43.88375],[125.319606,43.883787],[125.31968,43.883896],[125.319831,43.884203],[125.319853,43.884431],[125.319826,43.88469],[125.319756,43.884918],[125.319738,43.884972],[125.31965,43.885103],[125.319622,43.885146],[125.31944,43.885326],[125.319187,43.885478],[125.318951,43.885587],[125.318587,43.885701],[125.318303,43.885724],[125.318135,43.885733],[125.317967,43.885727],[125.317707,43.885695],[125.317342,43.885583],[125.317069,43.885463],[125.316811,43.885301],[125.316623,43.885127],[125.316537,43.885045],[125.316479,43.884941],[125.316398,43.884777],[125.31635,43.884578],[125.316333,43.884396],[125.316366,43.884224],[125.316422,43.884004],[125.316491,43.883893]]}},{"type":"Feature","properties":{"name":" "},"geometry":{"type":"LineString","coordinates":[[125.318477,43.883201],[125.318369,43.883087],[125.318345,43.881809],[125.318401,43.879464],[125.318418,43.878884],[125.318481,43.877106],[125.318516,43.876005],[125.318519,43.875897],[125.318521,43.875826],[125.318523,43.875711],[125.318525,43.875625],[125.318527,43.875484],[125.318554,43.874096],[125.318574,43.873274],[125.318594,43.872505],[125.318616,43.871728],[125.318643,43.87095],[125.318684,43.869766],[125.318734,43.868179],[125.318797,43.866529],[125.31882,43.865904],[125.318823,43.865825],[125.318826,43.865785],[125.318848,43.865175],[125.318854,43.864533],[125.318861,43.863237],[125.318917,43.861737],[125.318921,43.861597],[125.318928,43.861378],[125.318993,43.859209],[125.319032,43.857127],[125.319157,43.852741],[125.31917,43.851352],[125.319224,43.849727],[125.319244,43.849129],[125.319256,43.848763],[125.319446,43.842017],[125.319446,43.837645],[125.31959,43.832835],[125.319621,43.831544],[125.319791,43.831258]]}},{"type":"Feature","properties":{"name":" "},"geometry":{"type":"LineString","coordinates":[[125.317683,43.883201],[125.317809,43.883087],[125.317859,43.881801],[125.317865,43.881586],[125.317872,43.881337],[125.31788,43.881071],[125.317888,43.880783],[125.317939,43.879014],[125.317941,43.878885],[125.317945,43.878619],[125.317957,43.878287],[125.317967,43.877726],[125.318005,43.876004],[125.318005,43.875951],[125.318008,43.875884],[125.318009,43.875811],[125.318015,43.875699],[125.318018,43.875616],[125.318021,43.875557],[125.318024,43.875496],[125.318038,43.874559],[125.318057,43.873273],[125.318074,43.872495],[125.31809,43.871727],[125.318133,43.869792],[125.318158,43.868628],[125.318168,43.868183],[125.318186,43.867364],[125.318232,43.865822],[125.318251,43.86517],[125.31827,43.86453],[125.318297,43.863888],[125.318309,43.863224],[125.31833,43.862009],[125.318335,43.861725],[125.318337,43.861587],[125.318346,43.861368],[125.318354,43.860749],[125.318366,43.859693],[125.318388,43.857744],[125.318427,43.856057],[125.318482,43.853713],[125.318507,43.852645],[125.318541,43.851164],[125.318592,43.84897],[125.318595,43.848846],[125.318597,43.848751],[125.318599,43.848667],[125.318608,43.848253],[125.31865,43.846225],[125.318682,43.844697],[125.318713,43.843226],[125.318738,43.842022],[125.318848,43.837647],[125.319001,43.831534],[125.318866,43.83128]]}},{"type":"Feature","properties":{"name":"\u4eba\u6c11\u5927\u8857"},"geometry":{"type":"LineString","coordinates":[[125.317843,43.899109],[125.317812,43.900205],[125.317783,43.901235],[125.317763,43.902348],[125.317753,43.903456],[125.317742,43.903995],[125.31773,43.904532],[125.317718,43.905322],[125.317716,43.905408],[125.317732,43.905643],[125.317778,43.905707],[125.317848,43.905766],[125.317946,43.905832]]}},{"type":"Feature","properties":{"name":"\u4eba\u6c11\u5927\u8857"},"geometry":{"type":"LineString","coordinates":[[125.317681,43.89911],[125.317685,43.898623],[125.317689,43.89814],[125.31769,43.898037],[125.317761,43.895471],[125.317813,43.893382],[125.317821,43.893251],[125.317877,43.89069],[125.317896,43.889825],[125.317927,43.889021],[125.31793,43.888935],[125.317933,43.888848],[125.317993,43.88731],[125.318011,43.885931],[125.318007,43.885863],[125.317967,43.885727],[125.317925,43.88566],[125.31776,43.885521]]}},{"type":"Feature","properties":{"name":"\u4e1c\u4e00\u6761"},"geometry":{"type":"LineString","coordinates":[[125.320527,43.905278],[125.320518,43.904557],[125.320531,43.90401]]}},{"type":"Feature","properties":{"name":"\u5317\u4e9a\u6cf0\u5927\u8857"},"geometry":{"type":"LineString","coordinates":[[125.330658,43.944055],[125.331701,43.917522],[125.331711,43.917274],[125.331702,43.916255],[125.331703,43.916063],[125.331712,43.914231],[125.331714,43.913955],[125.33178,43.912614],[125.331804,43.912137],[125.331921,43.911023]]}},{"type":"Feature","properties":{"name":"\u4e9a\u6cf0\u5927\u8857"},"geometry":{"type":"LineString","coordinates":[[125.342905,43.884937],[125.342913,43.88595],[125.342899,43.88647],[125.342828,43.88694],[125.342708,43.887348],[125.342524,43.887761],[125.342304,43.888138],[125.341941,43.888629],[125.340095,43.891172],[125.339427,43.892121],[125.337682,43.89496],[125.33734,43.895487],[125.3368,43.896237],[125.336784,43.89626],[125.335149,43.898581],[125.334818,43.899022],[125.332236,43.902276],[125.33207,43.902587],[125.332033,43.902977],[125.332021,43.903437],[125.331961,43.905916]]}},{"type":"Feature","properties":{"name":" "},"geometry":{"type":"LineString","coordinates":[[125.338785,43.893386],[125.338549,43.893746],[125.337497,43.895423],[125.3368,43.896237]]}},{"type":"Feature","properties":{"name":" "},"geometry":{"type":"LineString","coordinates":[[125.336691,43.896192],[125.337181,43.89533],[125.337368,43.895048],[125.338254,43.893587],[125.338447,43.893254]]}},{"type":"Feature","properties":{"name":" "},"geometry":{"type":"LineString","coordinates":[[125.332021,43.903437],[125.332052,43.903613],[125.332172,43.904293],[125.332202,43.905064],[125.33223,43.905207],[125.332344,43.905395],[125.33245,43.905497],[125.332627,43.905599],[125.332835,43.905659],[125.333115,43.905686],[125.333765,43.905715],[125.334164,43.905801]]}},{"type":"Feature","properties":{"name":" "},"geometry":{"type":"LineString","coordinates":[[125.33209,43.905787],[125.332214,43.906181],[125.332213,43.906522],[125.332196,43.907863]]}},{"type":"Feature","properties":{"name":"\u5317\u4e9a\u6cf0\u5927\u8857"},"geometry":{"type":"LineString","coordinates":[[125.332054,43.909553],[125.332024,43.910347],[125.332001,43.910941],[125.33202,43.911522],[125.332004,43.911773],[125.331989,43.912069]]}},{"type":"Feature","properties":{"name":"\u5317\u4e9a\u6cf0\u5927\u8857"},"geometry":{"type":"LineString","coordinates":[[125.331989,43.912069],[125.331982,43.91496],[125.331905,43.916277]]}},{"type":"Feature","properties":{"name":" "},"geometry":{"type":"LineString","coordinates":[[125.331437,43.918064],[125.33211,43.918075]]}},{"type":"Feature","properties":{"name":"\u4e1c\u5929\u5149\u8def Tianguang East Rd"},"geometry":{"type":"LineString","coordinates":[[125.33211,43.918075],[125.33471,43.918132],[125.337559,43.918178],[125.342912,43.918337],[125.344527,43.918297],[125.346069,43.918323],[125.346623,43.918369],[125.348417,43.918647]]}},{"type":"Feature","properties":{"name":"\u4e9a\u6cf0\u5927\u8857\uff08Y\u00e0t\u00e0i D\u00e0ji\u0113)"},"geometry":{"type":"LineString","coordinates":[[125.331576,43.917331],[125.33164,43.916657],[125.331789,43.916285]]}},{"type":"Feature","properties":{"name":"\u5317\u4e9a\u6cf0\u5927\u8857"},"geometry":{"type":"LineString","coordinates":[[125.331905,43.916277],[125.331954,43.916884],[125.331983,43.917243],[125.33211,43.918075],[125.332056,43.92078],[125.331833,43.921523],[125.331755,43.923345],[125.331625,43.927538],[125.331593,43.928581],[125.33156,43.929623],[125.331539,43.930116],[125.331386,43.933684],[125.33133,43.934985],[125.331194,43.937806],[125.331151,43.939376],[125.331105,43.940502],[125.330959,43.944803],[125.330932,43.945061],[125.330846,43.945277],[125.330674,43.945509],[125.33046,43.945741],[125.329985,43.946205],[125.328969,43.947198],[125.328609,43.947407]]}},{"type":"Feature","properties":{"name":"\u5317\u4e9a\u6cf0\u5927\u8857"},"geometry":{"type":"LineString","coordinates":[[125.328488,43.94733],[125.328633,43.947037],[125.329691,43.94598],[125.330117,43.945555],[125.330288,43.945378],[125.330406,43.945192],[125.33046,43.945023],[125.330492,43.944798],[125.330522,43.943971],[125.330571,43.942644],[125.330654,43.940427],[125.330761,43.937706],[125.33081,43.934979],[125.331072,43.928569],[125.331174,43.925798],[125.331195,43.925243],[125.331227,43.924401],[125.33125,43.923794],[125.331317,43.92151],[125.331343,43.920764],[125.331437,43.918064],[125.331576,43.917331]]}},{"type":"Feature","properties":{"name":" "},"geometry":{"type":"LineString","coordinates":[[125.332196,43.907863],[125.332176,43.909565]]}},{"type":"Feature","properties":{"name":"\u4e9a\u6cf0\u5927\u8857"},"geometry":{"type":"LineString","coordinates":[[125.342766,43.884937],[125.342752,43.884149],[125.342747,43.88388],[125.34272,43.882343]]}},{"type":"Feature","properties":{"name":"\u4e9a\u6cf0\u5927\u8857"},"geometry":{"type":"LineString","coordinates":[[125.342858,43.882349],[125.342886,43.883886],[125.342891,43.884149],[125.342905,43.884937]]}},{"type":"Feature","properties":{"name":"\u5317\u4e9a\u6cf0\u5927\u8857"},"geometry":{"type":"LineString","coordinates":[[125.332155,43.911058],[125.332172,43.911927],[125.332178,43.912643],[125.332188,43.913898],[125.332155,43.914448],[125.332125,43.914948],[125.332086,43.916168],[125.332083,43.916258],[125.332006,43.916899],[125.331931,43.917529],[125.330829,43.944049]]}},{"type":"Feature","properties":{"name":"\u957f\u6cf0\u5927\u6865"},"geometry":{"type":"LineString","coordinates":[[125.331921,43.911023],[125.331841,43.906477],[125.331822,43.905918]]}},{"type":"Feature","properties":{"name":"\u957f\u6cf0\u5927\u6865"},"geometry":{"type":"LineString","coordinates":[[125.331961,43.905916],[125.331964,43.906561],[125.332155,43.911058]]}},{"type":"Feature","properties":{"name":"\u4e9a\u6cf0\u5927\u8857"},"geometry":{"type":"LineString","coordinates":[[125.331822,43.905918],[125.331881,43.90305],[125.331933,43.902562],[125.332097,43.902269],[125.333806,43.900096],[125.334743,43.898944],[125.335031,43.898543],[125.336691,43.896192],[125.336942,43.895836],[125.337511,43.89501],[125.339307,43.89206],[125.339685,43.891527],[125.34178,43.888636],[125.342051,43.888276],[125.342316,43.887881],[125.342489,43.887539],[125.342606,43.887259],[125.342704,43.886931],[125.342772,43.886473],[125.342766,43.884937]]}},{"type":"Feature","properties":{"name":"\u4e9a\u6cf0\u5927\u8857"},"geometry":{"type":"LineString","coordinates":[[125.34272,43.882343],[125.342674,43.880133],[125.342666,43.879649],[125.342563,43.878837],[125.34239,43.878093],[125.341647,43.875302],[125.341245,43.873713],[125.341163,43.873268],[125.341135,43.872808],[125.341114,43.872483]]}},{"type":"Feature","properties":{"name":"\u4e9a\u6cf0\u5927\u8857"},"geometry":{"type":"LineString","coordinates":[[125.341266,43.872465],[125.34129,43.87283],[125.341332,43.873355],[125.341417,43.873815],[125.342444,43.877754],[125.342586,43.878282],[125.342665,43.878608],[125.342735,43.878989],[125.34281,43.879655],[125.342858,43.882349]]}},{"type":"Feature","properties":{"name":" "},"geometry":{"type":"LineString","coordinates":[[125.342747,43.88388],[125.342706,43.883505],[125.342621,43.882729],[125.342573,43.882184]]}},{"type":"Feature","properties":{"name":" "},"geometry":{"type":"LineString","coordinates":[[125.343023,43.882374],[125.342994,43.882757],[125.34291,43.883417],[125.342886,43.883886]]}},{"type":"Feature","properties":{"name":" "},"geometry":{"type":"LineString","coordinates":[[125.34264,43.885415],[125.342661,43.885019],[125.342729,43.884454],[125.342752,43.884149]]}},{"type":"Feature","properties":{"name":" "},"geometry":{"type":"LineString","coordinates":[[125.342891,43.884149],[125.342925,43.884465],[125.342993,43.885039],[125.343022,43.885408]]}},{"type":"Feature","properties":{"name":" "},"geometry":{"type":"LineString","coordinates":[[125.342404,43.878892],[125.34237,43.879008],[125.342325,43.879078],[125.34226,43.879154],[125.342187,43.879193],[125.342048,43.879231],[125.341771,43.879239],[125.341499,43.879227]]}},{"type":"Feature","properties":{"name":" "},"geometry":{"type":"LineString","coordinates":[[125.342801,43.878639],[125.342911,43.878879],[125.343431,43.879263],[125.343602,43.879313],[125.343847,43.879342]]}},{"type":"Feature","properties":{"name":" "},"geometry":{"type":"LineString","coordinates":[[125.343926,43.879543],[125.343697,43.879587],[125.343576,43.879637],[125.343123,43.879948],[125.343048,43.880032],[125.342973,43.880295]]}},{"type":"Feature","properties":{"name":" "},"geometry":{"type":"LineString","coordinates":[[125.338815,43.891506],[125.338997,43.891542],[125.33914,43.891557],[125.33929,43.891548],[125.339407,43.89152],[125.339538,43.891462],[125.339679,43.891339]]}},{"type":"Feature","properties":{"name":" "},"geometry":{"type":"LineString","coordinates":[[125.339975,43.891546],[125.339923,43.89167],[125.339932,43.891758],[125.339976,43.891852],[125.340054,43.89192],[125.340196,43.89199]]}},{"type":"Feature","properties":{"name":" "},"geometry":{"type":"LineString","coordinates":[[125.339114,43.892153],[125.339133,43.892006],[125.339125,43.891926],[125.33908,43.891856],[125.339007,43.891777],[125.338918,43.891726]]}},{"type":"Feature","properties":{"name":" "},"geometry":{"type":"LineString","coordinates":[[125.340068,43.89213],[125.340004,43.89212],[125.339886,43.892103],[125.339764,43.892103],[125.339667,43.892127],[125.339589,43.892162],[125.339488,43.892251]]}},{"type":"Feature","properties":{"name":"\u6c49\u53e3\u5927\u8857"},"geometry":{"type":"LineString","coordinates":[[125.315916,43.905347],[125.315907,43.905328],[125.315081,43.904658],[125.314888,43.904502],[125.314736,43.904391],[125.313471,43.903409],[125.312248,43.902524]]}},{"type":"Feature","properties":{"name":"\u7ea2\u5149\u80e1\u540c"},"geometry":{"type":"LineString","coordinates":[[125.313939,43.889791],[125.315261,43.889794],[125.316567,43.889809],[125.317784,43.889823],[125.317896,43.889825]]}},{"type":"Feature","properties":{"name":"\u5317\u4eac\u5927\u8857"},"geometry":{"type":"LineString","coordinates":[[125.312297,43.902011],[125.313457,43.90117],[125.31487,43.900161],[125.316288,43.899099],[125.317124,43.898522],[125.317689,43.89814]]}},{"type":"Feature","properties":{"name":"\u677e\u6c5f\u8def"},"geometry":{"type":"LineString","coordinates":[[125.317783,43.901235],[125.317628,43.90123],[125.31622,43.901207],[125.314852,43.901174],[125.313457,43.90117],[125.313374,43.901169],[125.311944,43.901149],[125.31046,43.901135],[125.309135,43.901133]]}},{"type":"Feature","properties":{"name":"\u4e39\u4e1c\u8def"},"geometry":{"type":"LineString","coordinates":[[125.31188,43.905524],[125.313302,43.905543],[125.314719,43.905631],[125.315977,43.905637],[125.316165,43.905583]]}},{"type":"Feature","properties":{"name":"\u6c49\u53e3\u5927\u8857"},"geometry":{"type":"LineString","coordinates":[[125.316225,43.90564],[125.316165,43.905583],[125.315916,43.905347]]}},{"type":"Feature","properties":{"name":"\u8fbd\u5b81\u8def"},"geometry":{"type":"LineString","coordinates":[[125.317531,43.906894],[125.316724,43.906875],[125.316578,43.906873],[125.315931,43.906864],[125.313241,43.906821]]}},{"type":"Feature","properties":{"name":" "},"geometry":{"type":"LineString","coordinates":[[125.313241,43.906821],[125.312494,43.906827],[125.310828,43.906912],[125.310628,43.906958],[125.310509,43.90704],[125.310435,43.907179],[125.310393,43.907306]]}},{"type":"Feature","properties":{"name":"\u8fbd\u5b81\u8def"},"geometry":{"type":"LineString","coordinates":[[125.313241,43.906821],[125.310054,43.906737],[125.309037,43.906734],[125.308399,43.906707]]}},{"type":"Feature","properties":{"name":"\u957f\u767d\u8def"},"geometry":{"type":"LineString","coordinates":[[125.319022,43.906496],[125.319064,43.906679],[125.319141,43.906791],[125.3192,43.906821],[125.319262,43.906831],[125.319413,43.90684],[125.32048,43.906856],[125.323312,43.906848],[125.324761,43.906852],[125.32612,43.906852],[125.32898,43.906363],[125.331051,43.905996],[125.331673,43.905778],[125.33209,43.905787]]}},{"type":"Feature","properties":{"name":"\u80dc\u5229\u5927\u8857"},"geometry":{"type":"LineString","coordinates":[[125.321975,43.904626],[125.320509,43.905383],[125.319911,43.905668],[125.319248,43.905914],[125.319162,43.905969],[125.319106,43.906029],[125.319037,43.906163]]}},{"type":"Feature","properties":{"name":"\u9ec4\u6cb3\u8def"},"geometry":{"type":"LineString","coordinates":[[125.31773,43.904532],[125.320518,43.904557],[125.321872,43.904606],[125.321975,43.904626],[125.323368,43.90459],[125.324811,43.904609],[125.326184,43.904634],[125.327633,43.904628],[125.329055,43.904656],[125.330051,43.904685],[125.330295,43.904687],[125.331707,43.904696]]}},{"type":"Feature","properties":{"name":"\u4e1c\u4e00\u6761"},"geometry":{"type":"LineString","coordinates":[[125.320527,43.905278],[125.320509,43.905383],[125.320511,43.90568],[125.320487,43.906153],[125.32048,43.906856]]}},{"type":"Feature","properties":{"name":"\u8d35\u9633\u8857"},"geometry":{"type":"LineString","coordinates":[[125.322951,43.894285],[125.322233,43.895672],[125.321961,43.89617],[125.321703,43.896668],[125.321432,43.89719],[125.321282,43.897473],[125.321134,43.897752],[125.320875,43.89824],[125.320611,43.898737]]}},{"type":"Feature","properties":{"name":"\u5357\u4eac\u5927\u8857"},"geometry":{"type":"LineString","coordinates":[[125.320611,43.898737],[125.31992,43.897993],[125.319215,43.897234],[125.319121,43.897134],[125.319107,43.896956]]}},{"type":"Feature","properties":{"name":"\u80dc\u5229\u5927\u8857"},"geometry":{"type":"LineString","coordinates":[[125.32337,43.903911],[125.321975,43.904626]]}},{"type":"Feature","properties":{"name":"\u5e7f\u5dde\u8def"},"geometry":{"type":"LineString","coordinates":[[125.327996,43.897779],[125.327674,43.897695],[125.326226,43.897314],[125.324811,43.896943],[125.323325,43.89654],[125.322657,43.896359],[125.321961,43.89617],[125.320826,43.895877]]}},{"type":"Feature","properties":{"name":" "},"geometry":{"type":"LineString","coordinates":[[125.314715,43.90532],[125.315597,43.905323]]}},{"type":"Feature","properties":{"name":" "},"geometry":{"type":"LineString","coordinates":[[125.315907,43.905328],[125.315756,43.905325],[125.315597,43.905323],[125.315514,43.905305],[125.315434,43.905263],[125.315111,43.904992],[125.315071,43.904938],[125.315062,43.904865],[125.315073,43.904742],[125.315081,43.904658]]}},{"type":"Feature","properties":{"name":" "},"geometry":{"type":"LineString","coordinates":[[125.315756,43.905325],[125.315665,43.905308],[125.315555,43.905252],[125.315147,43.904899],[125.315099,43.904837],[125.315073,43.904742]]}},{"type":"Feature","properties":{"name":"\u4e1c\u4e00\u6761"},"geometry":{"type":"LineString","coordinates":[[125.320536,43.903493],[125.320531,43.90401]]}},{"type":"Feature","properties":{"name":" "},"geometry":{"type":"LineString","coordinates":[[125.316911,43.904544],[125.316947,43.903442]]}},{"type":"Feature","properties":{"name":" "},"geometry":{"type":"LineString","coordinates":[[125.316147,43.903432],[125.316183,43.902326],[125.316202,43.901742],[125.31622,43.901207]]}},{"type":"Feature","properties":{"name":" "},"geometry":{"type":"LineString","coordinates":[[125.31626,43.900177],[125.316274,43.89963],[125.316288,43.899099]]}},{"type":"Feature","properties":{"name":" "},"geometry":{"type":"LineString","coordinates":[[125.317812,43.900205],[125.318431,43.900205]]}},{"type":"Feature","properties":{"name":" "},"geometry":{"type":"LineString","coordinates":[[125.31841,43.900919],[125.318431,43.900205],[125.318461,43.899117]]}},{"type":"Feature","properties":{"name":" "},"geometry":{"type":"LineString","coordinates":[[125.321949,43.902406],[125.321971,43.90126]]}},{"type":"Feature","properties":{"name":"\u82b7\u6c5f\u8def"},"geometry":{"type":"LineString","coordinates":[[125.3206,43.900214],[125.322735,43.90023]]}},{"type":"Feature","properties":{"name":" "},"geometry":{"type":"LineString","coordinates":[[125.313315,43.906739],[125.313302,43.905543],[125.313339,43.904469],[125.31336,43.903407]]}},{"type":"Feature","properties":{"name":" "},"geometry":{"type":"LineString","coordinates":[[125.316224,43.90602],[125.314704,43.906]]}},{"type":"Feature","properties":{"name":"\u8fbd\u5b81\u8def"},"geometry":{"type":"LineString","coordinates":[[125.301207,43.902103],[125.301468,43.902284],[125.302944,43.903311],[125.305588,43.904996],[125.308112,43.90652],[125.308245,43.906566],[125.30842,43.906613],[125.308549,43.906631],[125.308689,43.906634],[125.309033,43.906647],[125.310822,43.906663],[125.31191,43.906699],[125.313315,43.906739],[125.31471,43.90677],[125.315714,43.90678],[125.316034,43.906778],[125.316176,43.906765],[125.316275,43.906736],[125.316339,43.906676],[125.316397,43.906585]]}},{"type":"Feature","properties":{"name":" "},"geometry":{"type":"LineString","coordinates":[[125.315374,43.910195],[125.315437,43.907558]]}},{"type":"Feature","properties":{"name":" "},"geometry":{"type":"LineString","coordinates":[[125.314683,43.911337],[125.315076,43.911304],[125.315637,43.911294],[125.316806,43.91131],[125.317136,43.911313],[125.317274,43.911315],[125.318115,43.911325],[125.318534,43.911331],[125.320389,43.911348],[125.321153,43.911366],[125.321495,43.911377],[125.321812,43.91142]]}},{"type":"Feature","properties":{"name":" "},"geometry":{"type":"LineString","coordinates":[[125.317362,43.911939],[125.317311,43.911861],[125.317223,43.911778]]}},{"type":"Feature","properties":{"name":" "},"geometry":{"type":"LineString","coordinates":[[125.317942,43.911795],[125.317853,43.911838],[125.317802,43.91196]]}},{"type":"Feature","properties":{"name":" "},"geometry":{"type":"LineString","coordinates":[[125.317802,43.91196],[125.317789,43.914323],[125.317773,43.916948],[125.317772,43.917276],[125.317771,43.917666],[125.317756,43.922791],[125.317757,43.924037],[125.317757,43.925217],[125.317757,43.927039],[125.317756,43.928526],[125.31777,43.931365],[125.317777,43.932964],[125.317785,43.934816],[125.317791,43.936164],[125.31778,43.940292],[125.317794,43.942534],[125.317785,43.943977],[125.317779,43.94591],[125.317777,43.946486],[125.31778,43.948852]]}},{"type":"Feature","properties":{"name":"\u5317\u4eba\u6c11\u5927\u8857"},"geometry":{"type":"LineString","coordinates":[[125.317482,43.940288],[125.317485,43.934813],[125.317479,43.931366],[125.317474,43.928529],[125.317453,43.922878],[125.317475,43.917761],[125.31747,43.917372],[125.31748,43.914259],[125.317487,43.912028],[125.317466,43.91188],[125.317361,43.911787]]}},{"type":"Feature","properties":{"name":"\u94c1\u5317\u4e00\u8def Tiebei 1st Rd"},"geometry":{"type":"LineString","coordinates":[[125.332024,43.910347],[125.336678,43.910403],[125.337815,43.910417],[125.34071,43.910463],[125.343615,43.910485],[125.344907,43.91054],[125.345339,43.910558]]}},{"type":"Feature","properties":{"name":"\u5317\u516b\u6761 N.8th Tiao"},"geometry":{"type":"LineString","coordinates":[[125.340629,43.913619],[125.340657,43.912577],[125.340701,43.911692],[125.340706,43.911593]]}},{"type":"Feature","properties":{"name":" "},"geometry":{"type":"LineString","coordinates":[[125.31767,43.899645],[125.316274,43.89963]]}},{"type":"Feature","properties":{"name":"\u5ae9\u6c5f\u80e1\u540c"},"geometry":{"type":"LineString","coordinates":[[125.313444,43.899055],[125.313408,43.90015],[125.313374,43.901169]]}},{"type":"Feature","properties":{"name":" "},"geometry":{"type":"LineString","coordinates":[[125.317742,43.903995],[125.320531,43.90401],[125.321916,43.904029]]}},{"type":"Feature","properties":{"name":" "},"geometry":{"type":"LineString","coordinates":[[125.317615,43.901762],[125.316202,43.901742],[125.314831,43.901723]]}},{"type":"Feature","properties":{"name":" "},"geometry":{"type":"LineString","coordinates":[[125.320875,43.89824],[125.31992,43.897993]]}},{"type":"Feature","properties":{"name":"\u5b81\u6ce2\u8def"},"geometry":{"type":"LineString","coordinates":[[125.321134,43.897752],[125.320254,43.897509],[125.319215,43.897234]]}},{"type":"Feature","properties":{"name":" "},"geometry":{"type":"LineString","coordinates":[[125.322889,43.899375],[125.323598,43.898098],[125.322716,43.89786],[125.32204,43.897678],[125.321282,43.897473],[125.320393,43.897238],[125.319356,43.896965]]}},{"type":"Feature","properties":{"name":" "},"geometry":{"type":"LineString","coordinates":[[125.321703,43.896668],[125.320255,43.896291]]}},{"type":"Feature","properties":{"name":" "},"geometry":{"type":"LineString","coordinates":[[125.320875,43.89824],[125.321633,43.898444],[125.322301,43.898623]]}},{"type":"Feature","properties":{"name":"\u8d35\u9633\u80e1\u540c"},"geometry":{"type":"LineString","coordinates":[[125.322878,43.897564],[125.322716,43.89786],[125.322301,43.898623],[125.322018,43.899131]]}},{"type":"Feature","properties":{"name":" "},"geometry":{"type":"LineString","coordinates":[[125.320254,43.897509],[125.320393,43.897238],[125.320538,43.896956]]}},{"type":"Feature","properties":{"name":" "},"geometry":{"type":"LineString","coordinates":[[125.321633,43.898444],[125.32204,43.897678],[125.322194,43.897388]]}},{"type":"Feature","properties":{"name":" "},"geometry":{"type":"LineString","coordinates":[[125.319107,43.896956],[125.319114,43.896135],[125.31912,43.895491]]}},{"type":"Feature","properties":{"name":" "},"geometry":{"type":"LineString","coordinates":[[125.318021,43.896128],[125.319114,43.896135],[125.320202,43.896145]]}},{"type":"Feature","properties":{"name":"\u5317\u4eac\u80e1\u540c"},"geometry":{"type":"LineString","coordinates":[[125.320164,43.894656],[125.320675,43.89501],[125.32122,43.895382]]}},{"type":"Feature","properties":{"name":"\u5149\u8000\u80e1\u540c"},"geometry":{"type":"LineString","coordinates":[[125.321342,43.894507],[125.320675,43.89501]]}},{"type":"Feature","properties":{"name":" "},"geometry":{"type":"LineString","coordinates":[[125.320187,43.893876],[125.321197,43.893886]]}},{"type":"Feature","properties":{"name":"\u5e08\u8303\u80e1\u540c"},"geometry":{"type":"LineString","coordinates":[[125.323325,43.89654],[125.32359,43.896041],[125.323847,43.895543],[125.324113,43.895033]]}},{"type":"Feature","properties":{"name":" "},"geometry":{"type":"LineString","coordinates":[[125.323847,43.895543],[125.325341,43.895979]]}},{"type":"Feature","properties":{"name":" "},"geometry":{"type":"LineString","coordinates":[[125.32359,43.896041],[125.322927,43.895858],[125.322233,43.895672]]}},{"type":"Feature","properties":{"name":" "},"geometry":{"type":"LineString","coordinates":[[125.322657,43.896359],[125.322927,43.895858]]}},{"type":"Feature","properties":{"name":" "},"geometry":{"type":"LineString","coordinates":[[125.327003,43.89898],[125.328639,43.899417],[125.329718,43.89981],[125.330142,43.899329]]}},{"type":"Feature","properties":{"name":" "},"geometry":{"type":"LineString","coordinates":[[125.323432,43.90182],[125.324512,43.901826],[125.324797,43.90157]]}},{"type":"Feature","properties":{"name":" "},"geometry":{"type":"LineString","coordinates":[[125.324512,43.901826],[125.324507,43.902441]]}},{"type":"Feature","properties":{"name":" "},"geometry":{"type":"LineString","coordinates":[[125.322735,43.90023],[125.323454,43.900231]]}},{"type":"Feature","properties":{"name":"\u5929\u6d25\u8def"},"geometry":{"type":"LineString","coordinates":[[125.326267,43.901326],[125.328312,43.901364]]}},{"type":"Feature","properties":{"name":" "},"geometry":{"type":"LineString","coordinates":[[125.326255,43.901653],[125.32733,43.901666],[125.327437,43.901774]]}},{"type":"Feature","properties":{"name":" "},"geometry":{"type":"LineString","coordinates":[[125.327918,43.901681],[125.3281,43.901867],[125.329122,43.901879],[125.330539,43.901891],[125.331162,43.901896],[125.332006,43.902235]]}},{"type":"Feature","properties":{"name":" "},"geometry":{"type":"LineString","coordinates":[[125.323412,43.902957],[125.324396,43.902966],[125.324592,43.903166]]}},{"type":"Feature","properties":{"name":" "},"geometry":{"type":"LineString","coordinates":[[125.327622,43.903031],[125.329097,43.903034],[125.330499,43.903043]]}},{"type":"Feature","properties":{"name":" "},"geometry":{"type":"LineString","coordinates":[[125.330295,43.904687],[125.330326,43.903576]]}},{"type":"Feature","properties":{"name":" "},"geometry":{"type":"LineString","coordinates":[[125.33036,43.904901],[125.330329,43.905773]]}},{"type":"Feature","properties":{"name":" "},"geometry":{"type":"LineString","coordinates":[[125.32621,43.903808],[125.32766,43.903852],[125.328424,43.903864],[125.32852,43.903782]]}},{"type":"Feature","properties":{"name":" "},"geometry":{"type":"LineString","coordinates":[[125.323369,43.904195],[125.324814,43.904212],[125.324811,43.904609]]}},{"type":"Feature","properties":{"name":" "},"geometry":{"type":"LineString","coordinates":[[125.32334,43.906166],[125.321876,43.90616],[125.320487,43.906153]]}},{"type":"Feature","properties":{"name":" "},"geometry":{"type":"LineString","coordinates":[[125.321876,43.90616],[125.321886,43.905684],[125.321975,43.904626]]}},{"type":"Feature","properties":{"name":" "},"geometry":{"type":"LineString","coordinates":[[125.321956,43.904572],[125.321916,43.904029],[125.321924,43.903502]]}},{"type":"Feature","properties":{"name":" "},"geometry":{"type":"LineString","coordinates":[[125.323461,43.899942],[125.322595,43.899934],[125.322599,43.899706],[125.322603,43.899456],[125.322679,43.899316]]}},{"type":"Feature","properties":{"name":" "},"geometry":{"type":"LineString","coordinates":[[125.322595,43.899934],[125.322458,43.900038]]}},{"type":"Feature","properties":{"name":" "},"geometry":{"type":"LineString","coordinates":[[125.322603,43.899456],[125.321911,43.899459],[125.321778,43.899568]]}},{"type":"Feature","properties":{"name":" "},"geometry":{"type":"LineString","coordinates":[[125.322599,43.899706],[125.323466,43.899711]]}},{"type":"Feature","properties":{"name":" "},"geometry":{"type":"LineString","coordinates":[[125.326687,43.899595],[125.328312,43.900019]]}},{"type":"Feature","properties":{"name":"\u5b81\u6ce2\u8def Ningbo Rd"},"geometry":{"type":"LineString","coordinates":[[125.332743,43.901303],[125.330382,43.900508]]}},{"type":"Feature","properties":{"name":"\u5bbe\u59d4\u8def"},"geometry":{"type":"LineString","coordinates":[[125.32116,43.88182],[125.321204,43.883097]]}},{"type":"Feature","properties":{"name":" "},"geometry":{"type":"LineString","coordinates":[[125.323281,43.883986],[125.322746,43.88338]]}},{"type":"Feature","properties":{"name":"\u8fd1\u57e0\u8857 Jinbu St"},"geometry":{"type":"LineString","coordinates":[[125.325132,43.885603],[125.3246,43.886587]]}},{"type":"Feature","properties":{"name":"\u91cd\u5e86\u80e1\u540c"},"geometry":{"type":"LineString","coordinates":[[125.318199,43.88814],[125.319367,43.888151],[125.321341,43.888169],[125.322001,43.888175],[125.322599,43.888172],[125.323838,43.888189],[125.324454,43.888198],[125.325445,43.888207],[125.326396,43.888216]]}},{"type":"Feature","properties":{"name":" "},"geometry":{"type":"LineString","coordinates":[[125.317549,43.889018],[125.317734,43.88902],[125.317807,43.88902],[125.317927,43.889021],[125.318048,43.889022],[125.318159,43.889023],[125.318231,43.889024],[125.318432,43.889025]]}},{"type":"Feature","properties":{"name":" "},"geometry":{"type":"LineString","coordinates":[[125.317553,43.888845],[125.317741,43.888847],[125.317813,43.888847],[125.317933,43.888848],[125.318053,43.888849],[125.318164,43.88885],[125.318234,43.888851],[125.318437,43.888852]]}},{"type":"Feature","properties":{"name":" "},"geometry":{"type":"LineString","coordinates":[[125.317731,43.889098],[125.317734,43.88902],[125.317738,43.888933],[125.317741,43.888847],[125.317745,43.888735]]}},{"type":"Feature","properties":{"name":" "},"geometry":{"type":"LineString","coordinates":[[125.318235,43.888745],[125.318234,43.888851],[125.318233,43.888935],[125.318231,43.889024],[125.31823,43.889108]]}},{"type":"Feature","properties":{"name":" "},"geometry":{"type":"LineString","coordinates":[[125.345287,43.884034],[125.345309,43.883993],[125.34468,43.883543],[125.344205,43.883149],[125.344214,43.883218],[125.344157,43.883267],[125.344066,43.883284],[125.344099,43.88346],[125.344599,43.883612],[125.344485,43.883806],[125.345287,43.884034]]}},{"type":"Feature","properties":{"name":"\u56e2\u7ed3\u8def"},"geometry":{"type":"LineString","coordinates":[[125.317882,43.895475],[125.317761,43.895471],[125.317625,43.895471],[125.312062,43.895433],[125.310263,43.895687],[125.308326,43.895952],[125.3077,43.896034]]}},{"type":"Feature","properties":{"name":" "},"geometry":{"type":"LineString","coordinates":[[125.324669,43.87771],[125.323428,43.877692],[125.321618,43.877674]]}},{"type":"Feature","properties":{"name":" "},"geometry":{"type":"LineString","coordinates":[[125.323428,43.877692],[125.323431,43.877533]]}},{"type":"Feature","properties":{"name":" "},"geometry":{"type":"LineString","coordinates":[[125.324674,43.877544],[125.323431,43.877533],[125.322784,43.877526]]}},{"type":"Feature","properties":{"name":"\u767e\u8349\u8def Baicao Rd"},"geometry":{"type":"LineString","coordinates":[[125.311177,43.88242],[125.311417,43.882416],[125.3117,43.882349],[125.312337,43.881976],[125.313012,43.88158],[125.313582,43.881335],[125.3139,43.881205],[125.314553,43.880952],[125.314783,43.880875],[125.315088,43.880752]]}},{"type":"Feature","properties":{"name":" "},"geometry":{"type":"LineString","coordinates":[[125.313534,43.878095],[125.313544,43.877607],[125.313611,43.87743],[125.313857,43.87678],[125.313885,43.876022]]}},{"type":"Feature","properties":{"name":" "},"geometry":{"type":"LineString","coordinates":[[125.312583,43.877345],[125.31258,43.877603],[125.312626,43.877604],[125.313544,43.877607]]}},{"type":"Feature","properties":{"name":" "},"geometry":{"type":"LineString","coordinates":[[125.311245,43.879403],[125.311685,43.879409],[125.312389,43.879418],[125.31351,43.879433],[125.314848,43.879451],[125.31531,43.879457],[125.315824,43.879464]]}},{"type":"Feature","properties":{"name":"\u767e\u6c47\u80e1\u540c"},"geometry":{"type":"LineString","coordinates":[[125.314814,43.880747],[125.314827,43.880259],[125.314838,43.87985],[125.314848,43.879451],[125.314861,43.878966]]}},{"type":"Feature","properties":{"name":" "},"geometry":{"type":"LineString","coordinates":[[125.311186,43.881961],[125.312337,43.881976]]}},{"type":"Feature","properties":{"name":" "},"geometry":{"type":"LineString","coordinates":[[125.311234,43.880218],[125.312373,43.880229],[125.313096,43.880237],[125.313496,43.880241],[125.314827,43.880259],[125.315286,43.880265],[125.315799,43.880272]]}},{"type":"Feature","properties":{"name":" "},"geometry":{"type":"LineString","coordinates":[[125.313096,43.880237],[125.313107,43.879832]]}},{"type":"Feature","properties":{"name":" "},"geometry":{"type":"LineString","coordinates":[[125.312399,43.878932],[125.312389,43.879418],[125.312381,43.879825],[125.312373,43.880229],[125.312363,43.880727],[125.312358,43.881168]]}},{"type":"Feature","properties":{"name":" "},"geometry":{"type":"LineString","coordinates":[[125.312135,43.881163],[125.312358,43.881168],[125.313557,43.881186]]}},{"type":"Feature","properties":{"name":" "},"geometry":{"type":"LineString","coordinates":[[125.315328,43.878972],[125.31531,43.879457],[125.315296,43.879855],[125.315286,43.880265],[125.315274,43.880752]]}},{"type":"Feature","properties":{"name":"\u73f2\u6625\u8857\u4e1c\u80e1\u540c"},"geometry":{"type":"LineString","coordinates":[[125.331499,43.877414],[125.331525,43.876038]]}},{"type":"Feature","properties":{"name":"\u89e3\u653e\u5927\u8def\u80e1\u540c"},"geometry":{"type":"LineString","coordinates":[[125.337687,43.876731],[125.337674,43.876752],[125.337091,43.877512]]}},{"type":"Feature","properties":{"name":"\u89e3\u653e\u5927\u8def\u5357\u80e1\u540c"},"geometry":{"type":"LineString","coordinates":[[125.321866,43.874842],[125.322431,43.874848],[125.323182,43.874855],[125.323256,43.874853],[125.324756,43.87487],[125.326346,43.874884],[125.327643,43.874896],[125.328941,43.874911],[125.33033,43.874928],[125.331561,43.874943],[125.332851,43.874959],[125.333286,43.875013],[125.333802,43.875213],[125.334529,43.875495],[125.335049,43.875698],[125.335693,43.875951],[125.336345,43.876206],[125.336963,43.876447],[125.337687,43.876731],[125.339186,43.877317]]}},{"type":"Feature","properties":{"name":"\u6c11\u5eb7\u5357\u80e1\u540c"},"geometry":{"type":"LineString","coordinates":[[125.331333,43.877459],[125.33193,43.878579]]}},{"type":"Feature","properties":{"name":"\u897f\u4e8c\u9053\u8857 West 2nd St"},"geometry":{"type":"LineString","coordinates":[[125.335265,43.877865],[125.335436,43.87818],[125.335996,43.878623],[125.336321,43.878881],[125.337111,43.879506],[125.337223,43.879591],[125.338071,43.880217],[125.33903,43.880925],[125.339675,43.881558],[125.340818,43.882097]]}},{"type":"Feature","properties":{"name":" "},"geometry":{"type":"LineString","coordinates":[[125.324655,43.878033],[125.326907,43.878057],[125.327581,43.878064]]}},{"type":"Feature","properties":{"name":" "},"geometry":{"type":"LineString","coordinates":[[125.326193,43.875967],[125.326189,43.87629],[125.326186,43.876466],[125.326183,43.876711],[125.326161,43.877406]]}},{"type":"Feature","properties":{"name":" "},"geometry":{"type":"LineString","coordinates":[[125.324635,43.878571],[125.325406,43.878577],[125.325576,43.878559],[125.326907,43.878057]]}},{"type":"Feature","properties":{"name":"\u9655\u897f\u8def"},"geometry":{"type":"LineString","coordinates":[[125.341751,43.902285],[125.341005,43.901446],[125.34044,43.900824],[125.339804,43.900126],[125.338155,43.898315],[125.337948,43.898088]]}},{"type":"Feature","properties":{"name":"\u5174\u76db\u8def"},"geometry":{"type":"LineString","coordinates":[[125.347797,43.887759],[125.348241,43.888105],[125.348843,43.888576],[125.34904,43.888584],[125.349777,43.888605]]}},{"type":"Feature","properties":{"name":"\u6765\u5b89\u8857 Lai\u2019an St"},"geometry":{"type":"LineString","coordinates":[[125.34433,43.890062],[125.345543,43.889256]]}},{"type":"Feature","properties":{"name":" "},"geometry":{"type":"LineString","coordinates":[[125.34904,43.888584],[125.349138,43.887489],[125.349126,43.887359],[125.349085,43.887242],[125.34903,43.887135],[125.348931,43.887006]]}},{"type":"Feature","properties":{"name":"\u6c38\u957f\u8def"},"geometry":{"type":"LineString","coordinates":[[125.341226,43.889816],[125.342916,43.888885],[125.344186,43.888179],[125.345581,43.887377],[125.348033,43.885691]]}},{"type":"Feature","properties":{"name":"\u9655\u897f\u8def"},"geometry":{"type":"LineString","coordinates":[[125.338093,43.898047],[125.338742,43.898753],[125.339638,43.899761],[125.340636,43.900868],[125.341112,43.901397],[125.341141,43.901429],[125.341868,43.902273]]}},{"type":"Feature","properties":{"name":" "},"geometry":{"type":"LineString","coordinates":[[125.348241,43.888105],[125.349138,43.887489]]}},{"type":"Feature","properties":{"name":" "},"geometry":{"type":"LineString","coordinates":[[125.331923,43.888896],[125.332428,43.888329],[125.332756,43.888037],[125.333528,43.887352]]}},{"type":"Feature","properties":{"name":" "},"geometry":{"type":"LineString","coordinates":[[125.332428,43.888329],[125.331947,43.887987],[125.331763,43.887857],[125.331591,43.88788],[125.331484,43.887812],[125.330365,43.887102]]}},{"type":"Feature","properties":{"name":"\u6c38\u6625\u8def Yongchun Rd"},"geometry":{"type":"LineString","coordinates":[[125.333048,43.889581],[125.331947,43.890794],[125.331307,43.89176],[125.330518,43.892952],[125.329239,43.894909],[125.328887,43.895635],[125.330393,43.896051]]}},{"type":"Feature","properties":{"name":"\u6cd5\u5236\u80e1\u540c"},"geometry":{"type":"LineString","coordinates":[[125.329454,43.882837],[125.329177,43.883128],[125.328367,43.883805],[125.327621,43.88422],[125.327465,43.884307]]}},{"type":"Feature","properties":{"name":"\u5065\u5eb7\u80e1\u540c"},"geometry":{"type":"LineString","coordinates":[[125.329075,43.882533],[125.329653,43.882189],[125.330335,43.881617],[125.330989,43.880938]]}},{"type":"Feature","properties":{"name":" "},"geometry":{"type":"LineString","coordinates":[[125.345718,43.893885],[125.346039,43.893955],[125.346092,43.893974],[125.347245,43.894381],[125.348417,43.89479]]}},{"type":"Feature","properties":{"name":"\u94f6\u884c\u80e1\u540c"},"geometry":{"type":"LineString","coordinates":[[125.331484,43.887812],[125.332063,43.887339],[125.332698,43.886775],[125.33401,43.885302]]}},{"type":"Feature","properties":{"name":" "},"geometry":{"type":"LineString","coordinates":[[125.347977,43.895114],[125.347913,43.894943],[125.347788,43.894834],[125.346626,43.894425],[125.345911,43.894173],[125.345859,43.894154],[125.34559,43.894021]]}},{"type":"Feature","properties":{"name":"\u5e73\u6cbb\u8857"},"geometry":{"type":"LineString","coordinates":[[125.330212,43.887019],[125.328885,43.885897],[125.328645,43.885694],[125.328101,43.885233],[125.327245,43.884431],[125.325626,43.88291],[125.324451,43.881814],[125.324313,43.881693]]}},{"type":"Feature","properties":{"name":"\u5e86\u5229\u80e1\u540c"},"geometry":{"type":"LineString","coordinates":[[125.329177,43.883128],[125.329487,43.883376],[125.329646,43.883592],[125.329761,43.883831],[125.329841,43.884033],[125.329905,43.884261],[125.329916,43.884482],[125.329879,43.884631],[125.329852,43.884745],[125.329735,43.885042],[125.329625,43.885228],[125.329596,43.885278],[125.329397,43.88551],[125.329193,43.885696],[125.328885,43.885897]]}},{"type":"Feature","properties":{"name":"\u79ef\u5584\u4e8c\u80e1\u540c"},"geometry":{"type":"LineString","coordinates":[[125.33795,43.888842],[125.338809,43.889126],[125.339105,43.889224],[125.339592,43.889385],[125.340809,43.889787]]}},{"type":"Feature","properties":{"name":" "},"geometry":{"type":"LineString","coordinates":[[125.337632,43.881617],[125.337778,43.881874],[125.337539,43.882176],[125.336763,43.883158],[125.336488,43.883507]]}},{"type":"Feature","properties":{"name":"\u5858\u5b50\u80e1\u540c"},"geometry":{"type":"LineString","coordinates":[[125.33903,43.880925],[125.337632,43.881617],[125.33715,43.881732],[125.336956,43.881779],[125.335864,43.882783],[125.335588,43.883038]]}},{"type":"Feature","properties":{"name":" "},"geometry":{"type":"LineString","coordinates":[[125.340406,43.887724],[125.3418,43.88654]]}},{"type":"Feature","properties":{"name":"\u5929\u4e3b\u6559\u80e1\u540c"},"geometry":{"type":"LineString","coordinates":[[125.337296,43.88589],[125.338528,43.886533],[125.339211,43.886892],[125.339355,43.886994],[125.340406,43.887724],[125.340475,43.887772],[125.341815,43.888441]]}},{"type":"Feature","properties":{"name":"\u5929\u4e50\u8def Tianle Rd"},"geometry":{"type":"LineString","coordinates":[[125.338582,43.887923],[125.33795,43.888842],[125.337853,43.888984],[125.337561,43.889409],[125.337267,43.889836]]}},{"type":"Feature","properties":{"name":"\u5929\u4e50\u8def"},"geometry":{"type":"LineString","coordinates":[[125.337778,43.881874],[125.338842,43.882347],[125.340075,43.882896],[125.340977,43.883307],[125.341113,43.883369],[125.341204,43.883411],[125.34161,43.883832],[125.341621,43.884401],[125.341627,43.884776],[125.341632,43.885023],[125.341289,43.885361],[125.340737,43.885905],[125.339355,43.886994],[125.338378,43.887764]]}},{"type":"Feature","properties":{"name":"\u9a6c\u8425\u5b50\u5317\u80e1\u540c"},"geometry":{"type":"LineString","coordinates":[[125.327621,43.88422],[125.327428,43.883971],[125.327359,43.883778],[125.327289,43.883523],[125.327284,43.883233],[125.327321,43.882982],[125.32737,43.882742],[125.327488,43.882525],[125.327601,43.882364],[125.327756,43.882198],[125.327949,43.882024],[125.328185,43.881846]]}},{"type":"Feature","properties":{"name":"\u4e1c\u95e8\u8def"},"geometry":{"type":"LineString","coordinates":[[125.342916,43.888885],[125.343862,43.889672],[125.34433,43.890062],[125.345036,43.890704],[125.345557,43.891178],[125.346595,43.892121],[125.347293,43.892756],[125.347733,43.893155],[125.347957,43.893358],[125.348169,43.893552],[125.349294,43.893932]]}},{"type":"Feature","properties":{"name":" "},"geometry":{"type":"LineString","coordinates":[[125.350634,43.889514],[125.351191,43.889956],[125.351046,43.891611],[125.350989,43.891738],[125.350398,43.892222],[125.349465,43.892176]]}},{"type":"Feature","properties":{"name":"\u65b0\u98ce\u8857 Xinfeng St"},"geometry":{"type":"LineString","coordinates":[[125.34406,43.893316],[125.345442,43.891263],[125.345557,43.891178],[125.34691,43.890314]]}},{"type":"Feature","properties":{"name":"\u65b0\u6c11\u80e1\u540c"},"geometry":{"type":"LineString","coordinates":[[125.333492,43.894719],[125.332364,43.89468],[125.331868,43.894623]]}},{"type":"Feature","properties":{"name":" "},"geometry":{"type":"LineString","coordinates":[[125.35093,43.896947],[125.350141,43.897722],[125.349963,43.898],[125.349064,43.898866],[125.348249,43.899651],[125.346826,43.901052],[125.346298,43.901637],[125.345821,43.902493],[125.345705,43.902958],[125.345601,43.90359],[125.345385,43.90513]]}},{"type":"Feature","properties":{"name":"\u677e\u7af9\u6885\u80e1\u540c"},"geometry":{"type":"LineString","coordinates":[[125.33336,43.897534],[125.332889,43.897425],[125.332128,43.897332],[125.330999,43.89719],[125.33,43.896944]]}},{"type":"Feature","properties":{"name":" "},"geometry":{"type":"LineString","coordinates":[[125.336009,43.895926],[125.336621,43.894996]]}},{"type":"Feature","properties":{"name":"\u957f\u6c5f\u8def"},"geometry":{"type":"LineString","coordinates":[[125.336449,43.903663],[125.334872,43.903645],[125.332136,43.903613]]}},{"type":"Feature","properties":{"name":"\u957f\u5229\u8def"},"geometry":{"type":"LineString","coordinates":[[125.343002,43.904804],[125.340727,43.904385],[125.338205,43.904003],[125.337945,43.903964],[125.336636,43.9038]]}},{"type":"Feature","properties":{"name":"\u65b0\u6c11\u5317\u80e1\u540c"},"geometry":{"type":"LineString","coordinates":[[125.331521,43.895731],[125.331774,43.895202],[125.331868,43.894623]]}},{"type":"Feature","properties":{"name":"\u4e1c\u4e03\u9a6c\u8def East 7th Rd"},"geometry":{"type":"LineString","coordinates":[[125.331507,43.899884],[125.333259,43.900641]]}},{"type":"Feature","properties":{"name":" "},"geometry":{"type":"LineString","coordinates":[[125.350162,43.89652],[125.348219,43.898401],[125.347427,43.899168]]}},{"type":"Feature","properties":{"name":"\u592a\u5e73\u8857"},"geometry":{"type":"LineString","coordinates":[[125.34044,43.900824],[125.339262,43.900753],[125.338075,43.900602],[125.337062,43.900475],[125.335452,43.900271],[125.334563,43.900134],[125.334206,43.899994]]}},{"type":"Feature","properties":{"name":"\u516d\u9a6c\u8def 6th Rd"},"geometry":{"type":"LineString","coordinates":[[125.333056,43.898207],[125.334719,43.898805]]}},{"type":"Feature","properties":{"name":"\u5c0f\u516d\u9a6c\u8def Xiaoliumalu Rd"},"geometry":{"type":"LineString","coordinates":[[125.329333,43.898239],[125.332321,43.89926],[125.333915,43.899805]]}},{"type":"Feature","properties":{"name":" "},"geometry":{"type":"LineString","coordinates":[[125.339804,43.900126],[125.339407,43.900134],[125.338163,43.899957]]}},{"type":"Feature","properties":{"name":" "},"geometry":{"type":"LineString","coordinates":[[125.341296,43.900507],[125.345597,43.899361],[125.346719,43.899067],[125.347427,43.899168],[125.348249,43.899651]]}},{"type":"Feature","properties":{"name":" "},"geometry":{"type":"LineString","coordinates":[[125.348017,43.89117],[125.346595,43.892121]]}},{"type":"Feature","properties":{"name":" "},"geometry":{"type":"LineString","coordinates":[[125.325146,43.894807],[125.326652,43.895483]]}},{"type":"Feature","properties":{"name":"\u957f\u901a\u8def"},"geometry":{"type":"LineString","coordinates":[[125.33513,43.898817],[125.33589,43.89862],[125.336726,43.898404],[125.337948,43.898088],[125.338093,43.898047],[125.340604,43.897356],[125.342033,43.896961],[125.342114,43.896938],[125.342853,43.896757],[125.343134,43.896688],[125.344122,43.896447],[125.346591,43.895808],[125.348003,43.895443]]}},{"type":"Feature","properties":{"name":" "},"geometry":{"type":"LineString","coordinates":[[125.335189,43.901205],[125.336787,43.901431],[125.337835,43.90158],[125.339359,43.90182]]}},{"type":"Feature","properties":{"name":"\u5149\u590d\u5317\u8def Guangfu North Rd"},"geometry":{"type":"LineString","coordinates":[[125.338232,43.902318],[125.341639,43.90235],[125.341751,43.902285],[125.341868,43.902273],[125.343659,43.902084],[125.345821,43.902493]]}},{"type":"Feature","properties":{"name":"\u9ec4\u6cb3\u8def"},"geometry":{"type":"LineString","coordinates":[[125.340664,43.904796],[125.338156,43.904758],[125.337773,43.904749],[125.335932,43.904735],[125.334828,43.904726],[125.332088,43.9047]]}},{"type":"Feature","properties":{"name":" "},"geometry":{"type":"LineString","coordinates":[[125.338156,43.904758],[125.338205,43.904003]]}},{"type":"Feature","properties":{"name":"\u957f\u767d\u8def"},"geometry":{"type":"LineString","coordinates":[[125.332213,43.906522],[125.33476,43.906544],[125.336304,43.906556],[125.337739,43.906566],[125.337848,43.906551],[125.339211,43.906077],[125.339362,43.906025],[125.339783,43.905878],[125.341104,43.905412],[125.342981,43.904899]]}},{"type":"Feature","properties":{"name":"\u8fdc\u8fbe\u5927\u8857"},"geometry":{"type":"LineString","coordinates":[[125.369138,43.894201],[125.36903,43.892466],[125.369181,43.890942],[125.369202,43.890869],[125.369289,43.889955],[125.369354,43.889269],[125.369367,43.888624],[125.369382,43.887715],[125.369409,43.886138],[125.369436,43.884599],[125.369484,43.882992],[125.36929,43.881473],[125.369287,43.881229],[125.369328,43.881015],[125.369481,43.88067],[125.369538,43.880363],[125.369549,43.879864]]}},{"type":"Feature","properties":{"name":"\u5317\u5b89\u8def\u5317\u4e00\u80e1\u540c"},"geometry":{"type":"LineString","coordinates":[[125.318123,43.891588],[125.319315,43.891592],[125.320274,43.891596],[125.321305,43.8916]]}},{"type":"Feature","properties":{"name":"\u6e05\u660e\u8857\u4e1c\u4e8c\u80e1\u540c"},"geometry":{"type":"LineString","coordinates":[[125.322349,43.890744],[125.322332,43.89132],[125.322288,43.89243],[125.322271,43.893012],[125.321951,43.893296]]}},{"type":"Feature","properties":{"name":"\u6e05\u660e\u8857\u897f\u4e8c\u80e1\u540c"},"geometry":{"type":"LineString","coordinates":[[125.319379,43.887325],[125.319372,43.887783],[125.319367,43.888151],[125.319355,43.888939],[125.319346,43.88945],[125.319328,43.890707],[125.319315,43.891592],[125.319303,43.892379],[125.31929,43.893268]]}},{"type":"Feature","properties":{"name":"\u6e05\u660e\u8857\u897f\u80e1\u540c"},"geometry":{"type":"LineString","coordinates":[[125.320301,43.890718],[125.320274,43.891596],[125.32025,43.892392],[125.320223,43.893278]]}},{"type":"Feature","properties":{"name":"\u5d07\u667a\u80e1\u540c"},"geometry":{"type":"LineString","coordinates":[[125.300342,43.891831],[125.3014,43.891456],[125.30248,43.891074],[125.303756,43.890623],[125.305049,43.890166],[125.305177,43.89012],[125.306487,43.889651],[125.307903,43.889145],[125.309208,43.888678],[125.3106,43.88818],[125.311686,43.887792],[125.31286,43.887372]]}},{"type":"Feature","properties":{"name":"\u4ea7\u9662\u80e1\u540c"},"geometry":{"type":"LineString","coordinates":[[125.325794,43.893705],[125.325329,43.89439],[125.325367,43.89458],[125.325146,43.894807],[125.32471,43.895254]]}},{"type":"Feature","properties":{"name":"\u6606\u660e\u8857"},"geometry":{"type":"LineString","coordinates":[[125.349064,43.898866],[125.348219,43.898401],[125.34704,43.897754],[125.34506,43.898285]]}},{"type":"Feature","properties":{"name":"\u5eb7\u5b81\u8857"},"geometry":{"type":"LineString","coordinates":[[125.343776,43.895763],[125.3426,43.896055],[125.342237,43.896096],[125.341963,43.896072],[125.340695,43.895629],[125.339166,43.895095],[125.338053,43.894707]]}},{"type":"Feature","properties":{"name":" "},"geometry":{"type":"LineString","coordinates":[[125.345827,43.895553],[125.346626,43.894425]]}},{"type":"Feature","properties":{"name":" "},"geometry":{"type":"LineString","coordinates":[[125.345098,43.895302],[125.345911,43.894173]]}},{"type":"Feature","properties":{"name":"\u6c38\u957f\u8def Yongchang Rd"},"geometry":{"type":"LineString","coordinates":[[125.338741,43.895727],[125.339166,43.895095],[125.339538,43.894542],[125.340153,43.893628],[125.340958,43.892431]]}},{"type":"Feature","properties":{"name":"\u4e50\u4ead\u8857 Leting St"},"geometry":{"type":"LineString","coordinates":[[125.340313,43.896291],[125.340558,43.895931],[125.340695,43.895629],[125.340978,43.895006],[125.341412,43.894054],[125.341416,43.894044],[125.342113,43.892823]]}},{"type":"Feature","properties":{"name":" "},"geometry":{"type":"LineString","coordinates":[[125.337062,43.900475],[125.336787,43.901431],[125.336661,43.901869],[125.336228,43.903506]]}},{"type":"Feature","properties":{"name":" "},"geometry":{"type":"LineString","coordinates":[[125.338155,43.898315],[125.338163,43.899957],[125.338147,43.900297],[125.338075,43.900602],[125.337835,43.90158]]}},{"type":"Feature","properties":{"name":"\u5bcc\u6c11\u8857"},"geometry":{"type":"LineString","coordinates":[[125.343311,43.893229],[125.342526,43.894431],[125.342456,43.894544],[125.342418,43.894699],[125.342408,43.894851],[125.34243,43.895089],[125.342462,43.895438],[125.3426,43.896055],[125.342853,43.896757]]}},{"type":"Feature","properties":{"name":"\u8001\u5e02\u573a\u80e1\u540c"},"geometry":{"type":"LineString","coordinates":[[125.334029,43.894154],[125.334499,43.893439],[125.335426,43.892016],[125.335478,43.891936]]}},{"type":"Feature","properties":{"name":"\u4e1c\u4e09\u9a6c\u8def"},"geometry":{"type":"LineString","coordinates":[[125.346591,43.895808],[125.345827,43.895553],[125.345098,43.895302],[125.343683,43.894823],[125.342526,43.894431],[125.341412,43.894054],[125.340153,43.893628],[125.338898,43.893203]]}},{"type":"Feature","properties":{"name":"\u798f\u7984\u8857"},"geometry":{"type":"LineString","coordinates":[[125.34354,43.895183],[125.342462,43.895438],[125.342307,43.895435],[125.340978,43.895006],[125.339538,43.894542],[125.33839,43.894172]]}},{"type":"Feature","properties":{"name":"\u901a\u987a\u80e1\u540c"},"geometry":{"type":"LineString","coordinates":[[125.32812,43.894513],[125.328826,43.893406],[125.329358,43.892574]]}},{"type":"Feature","properties":{"name":"\u798f\u5bff\u8857"},"geometry":{"type":"LineString","coordinates":[[125.327416,43.89194],[125.328286,43.891089],[125.329195,43.889927],[125.329706,43.889274],[125.33037,43.888426]]}},{"type":"Feature","properties":{"name":"\u91cd\u5e86\u5c0f\u80e1\u540c"},"geometry":{"type":"LineString","coordinates":[[125.321332,43.888547],[125.322595,43.888555],[125.323834,43.888562],[125.325438,43.888572],[125.326392,43.888578]]}},{"type":"Feature","properties":{"name":"\u793c\u4e50\u80e1\u540c"},"geometry":{"type":"LineString","coordinates":[[125.325928,43.893752],[125.326616,43.892694],[125.326696,43.892282],[125.326995,43.891803]]}},{"type":"Feature","properties":{"name":"\u5927\u7ecf\u8def\u5357\u80e1\u540c"},"geometry":{"type":"LineString","coordinates":[[125.325028,43.89116],[125.325852,43.890248],[125.326468,43.889567]]}},{"type":"Feature","properties":{"name":"\u8fd1\u57e0\u80e1\u540c"},"geometry":{"type":"LineString","coordinates":[[125.325915,43.887073],[125.325594,43.887656],[125.32545,43.887917],[125.325445,43.888207],[125.325438,43.888572],[125.32543,43.888984]]}},{"type":"Feature","properties":{"name":"\u8fd1\u57e0\u80e1\u540c"},"geometry":{"type":"LineString","coordinates":[[125.324247,43.89091],[125.325116,43.889894],[125.325446,43.889491]]}},{"type":"Feature","properties":{"name":"\u4ea4\u901a\u80e1\u540c"},"geometry":{"type":"LineString","coordinates":[[125.325594,43.887656],[125.326424,43.88788],[125.328724,43.888498]]}},{"type":"Feature","properties":{"name":"\u51c0\u6708\u80e1\u540c"},"geometry":{"type":"LineString","coordinates":[[125.319346,43.88945],[125.321325,43.889464],[125.322581,43.889473],[125.323806,43.889481],[125.325446,43.889491],[125.326275,43.889505],[125.326468,43.889567],[125.327337,43.88985]]}},{"type":"Feature","properties":{"name":"\u51c0\u6708\u4e8c\u80e1\u540c"},"geometry":{"type":"LineString","coordinates":[[125.322051,43.886939],[125.322542,43.887112],[125.32303,43.88727],[125.32417,43.887581],[125.3247,43.887725],[125.32545,43.887917]]}},{"type":"Feature","properties":{"name":"\u6e05\u660e\u8857\u4e1c\u4e8c\u80e1\u540c"},"geometry":{"type":"LineString","coordinates":[[125.322599,43.888172],[125.322607,43.887932],[125.32303,43.88727]]}},{"type":"Feature","properties":{"name":"\u6606\u660e\u8857 Kunming St"},"geometry":{"type":"LineString","coordinates":[[125.339638,43.899761],[125.340874,43.899414],[125.342136,43.899059]]}},{"type":"Feature","properties":{"name":" "},"geometry":{"type":"LineString","coordinates":[[125.335315,43.895692],[125.334971,43.896187],[125.334726,43.896538],[125.334646,43.896874]]}},{"type":"Feature","properties":{"name":" "},"geometry":{"type":"LineString","coordinates":[[125.334538,43.899572],[125.334965,43.899728],[125.336363,43.899909],[125.336435,43.89981],[125.33589,43.89862]]}},{"type":"Feature","properties":{"name":"\u548c\u5e73\u897f\u80e1\u540c"},"geometry":{"type":"LineString","coordinates":[[125.33459,43.891728],[125.334077,43.892521],[125.334058,43.893277],[125.334499,43.893439]]}},{"type":"Feature","properties":{"name":" "},"geometry":{"type":"LineString","coordinates":[[125.33311,43.878418],[125.333257,43.8787],[125.334107,43.879436],[125.334187,43.879506],[125.334518,43.879732]]}},{"type":"Feature","properties":{"name":" "},"geometry":{"type":"LineString","coordinates":[[125.3247,43.887725],[125.324454,43.888198]]}},{"type":"Feature","properties":{"name":" "},"geometry":{"type":"LineString","coordinates":[[125.33014,43.880567],[125.331687,43.880127],[125.332567,43.879877],[125.332778,43.880016],[125.33304,43.879841]]}},{"type":"Feature","properties":{"name":" "},"geometry":{"type":"LineString","coordinates":[[125.33528,43.877662],[125.334976,43.877046],[125.335042,43.876931]]}},{"type":"Feature","properties":{"name":"\u4e1c\u56db\u9053\u8857"},"geometry":{"type":"LineString","coordinates":[[125.336583,43.88666],[125.337564,43.887198],[125.338107,43.887495],[125.338378,43.887764],[125.338491,43.887876],[125.338582,43.887923],[125.33962,43.888459],[125.341187,43.889268],[125.341529,43.889383]]}},{"type":"Feature","properties":{"name":"\u4e1c\u4e8c\u9053\u8857"},"geometry":{"type":"LineString","coordinates":[[125.340818,43.882097],[125.341345,43.882273],[125.341875,43.882341],[125.342466,43.882327],[125.342566,43.882324]]}},{"type":"Feature","properties":{"name":"\u897f\u5934\u9053\u8857 West 1st St"},"geometry":{"type":"LineString","coordinates":[[125.34068,43.879064],[125.34018,43.879751],[125.340988,43.880343],[125.341055,43.880393],[125.341895,43.880831],[125.342546,43.881189]]}},{"type":"Feature","properties":{"name":"\u4e1c\u4e09\u9053\u8857"},"geometry":{"type":"LineString","coordinates":[[125.338484,43.884607],[125.339305,43.88508],[125.33973,43.885325],[125.339979,43.885469],[125.340737,43.885905],[125.341263,43.886208],[125.3418,43.88654],[125.342571,43.887015],[125.342885,43.887256],[125.344186,43.888179]]}},{"type":"Feature","properties":{"name":"\u81ea\u5f3a\u8857 Ziqiang St"},"geometry":{"type":"LineString","coordinates":[[125.329951,43.887292],[125.328084,43.886305],[125.327524,43.886102],[125.325132,43.885603],[125.324487,43.885469],[125.323268,43.885217],[125.322663,43.886051]]}},{"type":"Feature","properties":{"name":"\u4e0a\u6d77\u8def Shanghai Rd"},"geometry":{"type":"LineString","coordinates":[[125.323118,43.894126],[125.32471,43.895254],[125.326127,43.89629],[125.329196,43.898443],[125.331327,43.90001],[125.332908,43.901089],[125.333132,43.901344]]}},{"type":"Feature","properties":{"name":"\u6843\u6e90\u8def Taoyuan Rd"},"geometry":{"type":"LineString","coordinates":[[125.344186,43.888179],[125.345543,43.889256],[125.345997,43.889607],[125.346331,43.889865],[125.34691,43.890314],[125.348017,43.89117],[125.349547,43.891254]]}},{"type":"Feature","properties":{"name":"\u56db\u5e73\u8def"},"geometry":{"type":"LineString","coordinates":[[125.309089,43.903327],[125.3106,43.903363],[125.311932,43.903381],[125.31336,43.903407],[125.313471,43.903409],[125.31477,43.90341],[125.316147,43.903432],[125.316947,43.903442],[125.317583,43.903451]]}},{"type":"Feature","properties":{"name":"\u6587\u5e99\u8def Wenmiao Rd"},"geometry":{"type":"LineString","coordinates":[[125.343026,43.884925],[125.346091,43.88575]]}},{"type":"Feature","properties":{"name":"\u4e1c\u4e94\u9a6c\u8def East 5th Rd"},"geometry":{"type":"LineString","coordinates":[[125.337948,43.898088],[125.336128,43.897443],[125.335783,43.897267]]}},{"type":"Feature","properties":{"name":"\u65b0\u534e\u8def"},"geometry":{"type":"LineString","coordinates":[[125.314103,43.884651],[125.313131,43.884407],[125.312927,43.884394],[125.312472,43.884568],[125.311243,43.885016],[125.311143,43.885062],[125.310045,43.885446],[125.30899,43.885815],[125.308809,43.885878],[125.307633,43.886293],[125.306277,43.88677],[125.30488,43.887273],[125.303568,43.887746],[125.303438,43.887792],[125.302119,43.88826],[125.300879,43.8887],[125.29978,43.889083],[125.298692,43.889462],[125.298559,43.889508],[125.297722,43.889794],[125.297602,43.889835],[125.296911,43.890072],[125.295562,43.890546],[125.294176,43.891046],[125.294052,43.891077]]}},{"type":"Feature","properties":{"name":"\u65b0\u53d1\u8def Xinfa Rd"},"geometry":{"type":"LineString","coordinates":[[125.322998,43.894244],[125.322867,43.894137],[125.32195,43.893438],[125.321223,43.893431],[125.320199,43.893414],[125.319298,43.893398],[125.318606,43.893385],[125.318078,43.893385],[125.317951,43.893385],[125.317813,43.893382],[125.317697,43.893381],[125.317235,43.893372],[125.316235,43.893367],[125.313668,43.893341],[125.313,43.893329],[125.311718,43.893307],[125.309439,43.892831],[125.307462,43.892395]]}},{"type":"Feature","properties":{"name":"\u897f\u4e09\u9a6c\u8def West 3rd Rd"},"geometry":{"type":"LineString","coordinates":[[125.333548,43.891376],[125.331947,43.890794],[125.33133,43.890601],[125.330188,43.890243],[125.329195,43.889927],[125.327873,43.889506]]}},{"type":"Feature","properties":{"name":"\u539f\u58f0\u8857 Yuansheng St"},"geometry":{"type":"LineString","coordinates":[[125.342109,43.892646],[125.342533,43.891779],[125.34272,43.891651],[125.343803,43.89048],[125.34399,43.890305],[125.34433,43.890062]]}},{"type":"Feature","properties":{"name":"\u4e1c\u4e94\u9a6c\u8def East 5th Rd"},"geometry":{"type":"LineString","coordinates":[[125.335783,43.897267],[125.336192,43.897354],[125.338039,43.898004],[125.338093,43.898047]]}},{"type":"Feature","properties":{"name":"\u540c\u4e50\u8def"},"geometry":{"type":"LineString","coordinates":[[125.346777,43.888437],[125.34726,43.888789],[125.348725,43.889859],[125.34966,43.889904]]}},{"type":"Feature","properties":{"name":"\u6765\u5b89\u5357\u8857"},"geometry":{"type":"LineString","coordinates":[[125.345543,43.889256],[125.346777,43.888437],[125.347797,43.887759],[125.348931,43.887006],[125.349483,43.886639]]}},{"type":"Feature","properties":{"name":"\u897f\u4e94\u9a6c\u8def West 5th Rd"},"geometry":{"type":"LineString","coordinates":[[125.333569,43.896502],[125.331694,43.895793],[125.331521,43.895731],[125.330674,43.895412],[125.329239,43.894909],[125.328394,43.894608],[125.32812,43.894513],[125.32711,43.894162],[125.325928,43.893752],[125.325794,43.893705],[125.3251,43.893465],[125.324183,43.893146]]}},{"type":"Feature","properties":{"name":"\u4e1c\u65b0\u8def Dongxin Rd"},"geometry":{"type":"LineString","coordinates":[[125.369582,43.890943],[125.369181,43.890942],[125.364552,43.890895],[125.363533,43.890879],[125.362351,43.890864],[125.359555,43.890855],[125.359357,43.890845],[125.359298,43.890795]]}},{"type":"Feature","properties":{"name":"\u4e1c\u65b0\u8def"},"geometry":{"type":"LineString","coordinates":[[125.369202,43.890869],[125.36956,43.89087],[125.369604,43.890871],[125.36993,43.890872]]}},{"type":"Feature","properties":{"name":"\u4e1c\u90e8\u5feb\u901f\u8def"},"geometry":{"type":"LineString","coordinates":[[125.369101,43.92296],[125.369225,43.916455],[125.369264,43.914417]]}},{"type":"Feature","properties":{"name":"\u4e1c\u76db\u5927\u8857 Dongsheng St"},"geometry":{"type":"LineString","coordinates":[[125.37079,43.849967],[125.370698,43.850094],[125.370655,43.85016],[125.370619,43.850256],[125.370615,43.850446],[125.370631,43.85095],[125.370735,43.851224],[125.370731,43.8525],[125.370551,43.855479],[125.370583,43.858121],[125.370523,43.860458],[125.370503,43.861089],[125.370463,43.86125],[125.370387,43.862263],[125.370384,43.862339],[125.370393,43.863228],[125.370464,43.863418],[125.37047,43.863816],[125.370421,43.864592],[125.370416,43.865284],[125.370366,43.867121],[125.370186,43.868949],[125.370164,43.870187],[125.370141,43.871286],[125.370115,43.872531],[125.370069,43.875427],[125.370057,43.876132],[125.369997,43.879709]]}},{"type":"Feature","properties":{"name":" "},"geometry":{"type":"LineString","coordinates":[[125.369354,43.889269],[125.367525,43.889246],[125.365906,43.889227],[125.364792,43.889213],[125.363082,43.889192],[125.361344,43.889181],[125.359606,43.889172]]}},{"type":"Feature","properties":{"name":" "},"geometry":{"type":"LineString","coordinates":[[125.367852,43.887697],[125.367891,43.886114],[125.367927,43.884639]]}},{"type":"Feature","properties":{"name":" "},"geometry":{"type":"LineString","coordinates":[[125.369409,43.886138],[125.367891,43.886114],[125.367381,43.886108]]}},{"type":"Feature","properties":{"name":" "},"geometry":{"type":"LineString","coordinates":[[125.359528,43.893084],[125.359582,43.893474],[125.359591,43.893595],[125.359582,43.893692],[125.359564,43.893783],[125.359456,43.893915],[125.359272,43.894069],[125.359096,43.894128],[125.358898,43.894159],[125.358745,43.894203],[125.358658,43.894287],[125.35863,43.894422],[125.358564,43.8956],[125.358495,43.89571]]}},{"type":"Feature","properties":{"name":" "},"geometry":{"type":"LineString","coordinates":[[125.35828,43.896341],[125.35831,43.896087],[125.35836,43.895595],[125.358433,43.893644],[125.358414,43.893221]]}},{"type":"Feature","properties":{"name":" "},"geometry":{"type":"LineString","coordinates":[[125.357756,43.89605],[125.357996,43.89599],[125.358144,43.895897],[125.358261,43.895795],[125.358299,43.895718],[125.35836,43.895595]]}},{"type":"Feature","properties":{"name":" "},"geometry":{"type":"LineString","coordinates":[[125.35847,43.895596],[125.358495,43.89571],[125.358508,43.895773],[125.358563,43.89587],[125.358668,43.895968],[125.358804,43.896048],[125.358933,43.896106],[125.359111,43.896154]]}},{"type":"Feature","properties":{"name":"\u94c1\u5317\u4e09\u8def Tiebei 3rd Rd"},"geometry":{"type":"LineString","coordinates":[[125.345119,43.912614],[125.340657,43.912577],[125.337771,43.912554],[125.334828,43.912529],[125.332097,43.91251]]}},{"type":"Feature","properties":{"name":"\u94c1\u5317\u4e09\u8def Tiebei 3rd Rd"},"geometry":{"type":"LineString","coordinates":[[125.331643,43.912487],[125.328861,43.912445]]}},{"type":"Feature","properties":{"name":"\u5317\u516d\u6761 N.6th Tiao"},"geometry":{"type":"LineString","coordinates":[[125.334828,43.912529],[125.334845,43.911522]]}},{"type":"Feature","properties":{"name":"\u51ef\u4e30\u8def"},"geometry":{"type":"LineString","coordinates":[[125.310745,43.917267],[125.313288,43.916956],[125.3145,43.916807]]}},{"type":"Feature","properties":{"name":" "},"geometry":{"type":"LineString","coordinates":[[125.312858,43.913492],[125.312878,43.911399],[125.312875,43.909921]]}},{"type":"Feature","properties":{"name":" "},"geometry":{"type":"LineString","coordinates":[[125.313288,43.916956],[125.312996,43.91544],[125.312638,43.913513]]}},{"type":"Feature","properties":{"name":" "},"geometry":{"type":"LineString","coordinates":[[125.310646,43.913553],[125.312638,43.913513],[125.312858,43.913492],[125.315036,43.913704],[125.317343,43.914231],[125.31748,43.914259],[125.317651,43.914294],[125.317789,43.914323]]}},{"type":"Feature","properties":{"name":" "},"geometry":{"type":"LineString","coordinates":[[125.310696,43.915662],[125.312996,43.91544]]}},{"type":"Feature","properties":{"name":" "},"geometry":{"type":"LineString","coordinates":[[125.366052,43.909449],[125.366106,43.909078],[125.366095,43.908607],[125.365736,43.908622],[125.365629,43.908645],[125.365457,43.908688],[125.365205,43.908672],[125.364695,43.908649],[125.364567,43.908672],[125.364438,43.908692],[125.363234,43.908676]]}},{"type":"Feature","properties":{"name":"\u5e7f\u5fb7\u8857 Guangde St"},"geometry":{"type":"LineString","coordinates":[[125.365993,43.913712],[125.366052,43.909449]]}},{"type":"Feature","properties":{"name":" "},"geometry":{"type":"LineString","coordinates":[[125.363188,43.908927],[125.361331,43.908692],[125.361246,43.908545],[125.361289,43.908386],[125.361987,43.906609]]}},{"type":"Feature","properties":{"name":" "},"geometry":{"type":"LineString","coordinates":[[125.369148,43.908641],[125.366095,43.908607]]}},{"type":"Feature","properties":{"name":" "},"geometry":{"type":"LineString","coordinates":[[125.358125,43.913755],[125.358135,43.913132],[125.358403,43.910342],[125.358396,43.910273],[125.358392,43.910222],[125.358274,43.910114],[125.358081,43.90999],[125.357952,43.909998],[125.357555,43.910176],[125.357308,43.910191]]}},{"type":"Feature","properties":{"name":"\u592a\u548c\u8857 Taihe St"},"geometry":{"type":"LineString","coordinates":[[125.363027,43.913681],[125.363187,43.90921],[125.363188,43.908927],[125.363234,43.908676],[125.363252,43.908576],[125.363627,43.907022],[125.363649,43.906886],[125.36366,43.906619]]}},{"type":"Feature","properties":{"name":"\u5e7f\u5fb7\u8857 Guangde St"},"geometry":{"type":"LineString","coordinates":[[125.366095,43.908607],[125.366139,43.906633],[125.366128,43.906423],[125.36616,43.903314],[125.366192,43.903161],[125.366202,43.901885],[125.366214,43.900451],[125.366204,43.897672]]}},{"type":"Feature","properties":{"name":"\u4e1c\u6cb3\u5824\u8def"},"geometry":{"type":"LineString","coordinates":[[125.35932,43.913722],[125.359958,43.911443],[125.36027,43.910743],[125.361075,43.908935],[125.361117,43.908742],[125.361064,43.908525],[125.360334,43.907239],[125.360216,43.906995],[125.360162,43.906783],[125.360152,43.906598],[125.360023,43.906365]]}},{"type":"Feature","properties":{"name":" "},"geometry":{"type":"LineString","coordinates":[[125.367641,43.903328],[125.36764,43.90274],[125.368091,43.902005],[125.368092,43.901897],[125.368102,43.901224],[125.367994,43.90083]]}},{"type":"Feature","properties":{"name":"\u4e1c\u6cb3\u5824\u8def"},"geometry":{"type":"LineString","coordinates":[[125.360023,43.906365],[125.359797,43.905763],[125.359432,43.904974],[125.359346,43.904572],[125.359303,43.903212],[125.35941,43.90281],[125.359604,43.902361],[125.360784,43.900197],[125.360934,43.899826],[125.360955,43.899439],[125.360891,43.898991],[125.360762,43.898481],[125.36044,43.897908],[125.35999,43.897414],[125.359732,43.897244],[125.359453,43.897166],[125.35896,43.89712],[125.356771,43.897058],[125.356192,43.896996],[125.3535,43.896369]]}},{"type":"Feature","properties":{"name":" "},"geometry":{"type":"LineString","coordinates":[[125.358396,43.910273],[125.36027,43.910743]]}},{"type":"Feature","properties":{"name":"\u548c\u987a\u897f\u8857 Heshun West St"},"geometry":{"type":"LineString","coordinates":[[125.360401,43.879738],[125.360393,43.880188],[125.360316,43.88446]]}},{"type":"Feature","properties":{"name":" "},"geometry":{"type":"LineString","coordinates":[[125.367353,43.887691],[125.367381,43.886108],[125.367407,43.884634]]}},{"type":"Feature","properties":{"name":"\u4e1c\u7eff\u5b89\u8857 Lv\u2018anEast St"},"geometry":{"type":"LineString","coordinates":[[125.364751,43.89082],[125.364792,43.889213],[125.364832,43.887662],[125.364864,43.88461]]}},{"type":"Feature","properties":{"name":"\u798f\u4e34\u8def"},"geometry":{"type":"LineString","coordinates":[[125.363245,43.88022],[125.360393,43.880188],[125.357677,43.880168]]}},{"type":"Feature","properties":{"name":" "},"geometry":{"type":"LineString","coordinates":[[125.351827,43.877577],[125.351813,43.876771]]}},{"type":"Feature","properties":{"name":" "},"geometry":{"type":"LineString","coordinates":[[125.359297,43.877507],[125.359323,43.876006]]}},{"type":"Feature","properties":{"name":" "},"geometry":{"type":"LineString","coordinates":[[125.348674,43.879624],[125.348647,43.88133],[125.34865,43.882065],[125.348478,43.882239],[125.348462,43.882483]]}},{"type":"Feature","properties":{"name":" "},"geometry":{"type":"LineString","coordinates":[[125.348647,43.88133],[125.347572,43.881338],[125.347157,43.881534]]}},{"type":"Feature","properties":{"name":"\u4e1c\u7ad9\u8857 Dongzhan St"},"geometry":{"type":"LineString","coordinates":[[125.365937,43.887675],[125.365906,43.889227],[125.365873,43.890834]]}},{"type":"Feature","properties":{"name":"\u4e1c\u95e8\u91cc\u80e1\u540c"},"geometry":{"type":"LineString","coordinates":[[125.347293,43.892756],[125.346671,43.893405],[125.34633,43.893595],[125.346092,43.893974]]}},{"type":"Feature","properties":{"name":" "},"geometry":{"type":"LineString","coordinates":[[125.335436,43.87818],[125.336081,43.877994],[125.336695,43.878027],[125.337172,43.878217],[125.337301,43.878287]]}},{"type":"Feature","properties":{"name":" "},"geometry":{"type":"LineString","coordinates":[[125.332874,43.883078],[125.331889,43.88414]]}},{"type":"Feature","properties":{"name":"\u65b0\u5efa\u80e1\u540c"},"geometry":{"type":"LineString","coordinates":[[125.327805,43.893077],[125.32711,43.894162]]}},{"type":"Feature","properties":{"name":"\u798f\u5bff\u80e1\u540c"},"geometry":{"type":"LineString","coordinates":[[125.329706,43.889274],[125.328597,43.888809]]}},{"type":"Feature","properties":{"name":" "},"geometry":{"type":"LineString","coordinates":[[125.329714,43.892691],[125.330493,43.89148]]}},{"type":"Feature","properties":{"name":" "},"geometry":{"type":"LineString","coordinates":[[125.332108,43.882091],[125.332954,43.882472],[125.333917,43.882904]]}},{"type":"Feature","properties":{"name":" "},"geometry":{"type":"LineString","coordinates":[[125.332954,43.882472],[125.333385,43.881953]]}},{"type":"Feature","properties":{"name":" "},"geometry":{"type":"LineString","coordinates":[[125.332,43.878725],[125.332299,43.879239],[125.33304,43.879841],[125.333093,43.879884],[125.333579,43.880437]]}},{"type":"Feature","properties":{"name":"\u8f98\u8f73\u628a\u80e1\u540c"},"geometry":{"type":"LineString","coordinates":[[125.33763,43.877885],[125.337301,43.878287],[125.336321,43.878881]]}},{"type":"Feature","properties":{"name":" "},"geometry":{"type":"LineString","coordinates":[[125.322542,43.887112],[125.322005,43.887907],[125.322001,43.888175]]}},{"type":"Feature","properties":{"name":"\u6cd5\u9662\u897f\u80e1\u540c"},"geometry":{"type":"LineString","coordinates":[[125.331701,43.884028],[125.331303,43.884415],[125.330942,43.884667],[125.33076,43.884714],[125.330427,43.884682],[125.329879,43.884631]]}},{"type":"Feature","properties":{"name":"\u540c\u4e50\u8def"},"geometry":{"type":"LineString","coordinates":[[125.34726,43.888789],[125.345997,43.889607]]}},{"type":"Feature","properties":{"name":" "},"geometry":{"type":"LineString","coordinates":[[125.3251,43.893465],[125.32473,43.894004],[125.324285,43.894429]]}},{"type":"Feature","properties":{"name":"\u94f6\u884c\u80e1\u540c"},"geometry":{"type":"LineString","coordinates":[[125.331758,43.882524],[125.332309,43.882798],[125.332874,43.883078],[125.333489,43.883384]]}},{"type":"Feature","properties":{"name":" "},"geometry":{"type":"LineString","coordinates":[[125.33133,43.890601],[125.330693,43.891562]]}},{"type":"Feature","properties":{"name":" "},"geometry":{"type":"LineString","coordinates":[[125.321345,43.88797],[125.320866,43.887803],[125.319372,43.887783]]}},{"type":"Feature","properties":{"name":" "},"geometry":{"type":"LineString","coordinates":[[125.332309,43.882798],[125.331349,43.883821]]}},{"type":"Feature","properties":{"name":"\u6625\u56ed\u8857 Chunyuan St"},"geometry":{"type":"LineString","coordinates":[[125.345036,43.890704],[125.346331,43.889865]]}},{"type":"Feature","properties":{"name":"\u9b41\u661f\u8857 Kuixing St"},"geometry":{"type":"LineString","coordinates":[[125.331307,43.89176],[125.330693,43.891562],[125.330493,43.89148],[125.329555,43.891194]]}},{"type":"Feature","properties":{"name":" "},"geometry":{"type":"LineString","coordinates":[[125.341204,43.883411],[125.342524,43.88337],[125.342591,43.883368]]}},{"type":"Feature","properties":{"name":"\u5927\u5b89\u80e1\u540c"},"geometry":{"type":"LineString","coordinates":[[125.328826,43.893406],[125.327805,43.893077],[125.326616,43.892694]]}},{"type":"Feature","properties":{"name":"\u53cc\u9633\u8857 Shuangyang St"},"geometry":{"type":"LineString","coordinates":[[125.365489,43.877244],[125.364341,43.877235]]}},{"type":"Feature","properties":{"name":"\u4e34\u6cb3\u8857"},"geometry":{"type":"LineString","coordinates":[[125.357047,43.894351],[125.357533,43.894163],[125.357799,43.894075],[125.358012,43.893952],[125.358175,43.893808],[125.358301,43.893592],[125.358353,43.893467],[125.358414,43.893221],[125.358494,43.893088],[125.358578,43.893025],[125.358704,43.892957],[125.359035,43.892789],[125.35916,43.89269],[125.359247,43.89257],[125.359269,43.892484],[125.359287,43.892312],[125.359284,43.892141],[125.359298,43.890795],[125.359371,43.888975],[125.359407,43.887625],[125.359389,43.887392],[125.359338,43.887211],[125.359283,43.8871],[125.359123,43.886854],[125.35894,43.886543],[125.35888,43.886475],[125.358777,43.886356],[125.358528,43.886097],[125.357974,43.885521],[125.35793,43.885473],[125.357759,43.885285],[125.357593,43.885057],[125.357464,43.884802],[125.357362,43.884518],[125.357339,43.884416],[125.357321,43.884303],[125.35735,43.882802],[125.357473,43.879754],[125.357489,43.879595],[125.357523,43.876789],[125.35754,43.875991],[125.357651,43.872441],[125.357736,43.870119],[125.357778,43.868914],[125.357788,43.867962],[125.357845,43.865113],[125.357858,43.863541],[125.357853,43.862397],[125.357844,43.862162],[125.357834,43.862048],[125.357855,43.861746],[125.357906,43.860515],[125.357953,43.859006],[125.358052,43.855387],[125.358043,43.855111],[125.358097,43.8527],[125.35815,43.849293],[125.358155,43.849218],[125.358142,43.849104],[125.358145,43.848971],[125.358207,43.845533],[125.358228,43.843904],[125.358289,43.842887],[125.358318,43.841508],[125.358356,43.840122],[125.358394,43.838531],[125.35845,43.834772],[125.358491,43.831113],[125.358504,43.830765],[125.358537,43.829012]]}},{"type":"Feature","properties":{"name":"\u65b0\u7acb\u8857 Xinli St"},"geometry":{"type":"LineString","coordinates":[[125.331694,43.895793],[125.330999,43.89719]]}},{"type":"Feature","properties":{"name":"\u53cc\u9633\u8857 Shuangyang St"},"geometry":{"type":"LineString","coordinates":[[125.361197,43.877215],[125.362257,43.877218]]}},{"type":"Feature","properties":{"name":" "},"geometry":{"type":"LineString","coordinates":[[125.362257,43.877218],[125.363282,43.878165]]}},{"type":"Feature","properties":{"name":"\u6c38\u5b81\u8def"},"geometry":{"type":"LineString","coordinates":[[125.342981,43.904899],[125.346493,43.905366],[125.347993,43.905604],[125.348163,43.905631],[125.348847,43.905869],[125.350431,43.906419],[125.353383,43.906434]]}},{"type":"Feature","properties":{"name":" "},"geometry":{"type":"LineString","coordinates":[[125.364341,43.877235],[125.363282,43.878165]]}},{"type":"Feature","properties":{"name":" "},"geometry":{"type":"LineString","coordinates":[[125.339105,43.889224],[125.33962,43.888459]]}},{"type":"Feature","properties":{"name":" "},"geometry":{"type":"LineString","coordinates":[[125.319945,43.89497],[125.318453,43.894956]]}},{"type":"Feature","properties":{"name":" "},"geometry":{"type":"LineString","coordinates":[[125.315302,43.894824],[125.315222,43.894877],[125.315121,43.89495],[125.315,43.894979],[125.314871,43.894972],[125.314749,43.894928],[125.3142,43.894923],[125.314119,43.894885],[125.314084,43.894824],[125.314084,43.894797],[125.314097,43.894136],[125.314128,43.894066],[125.314161,43.894048],[125.314212,43.89402],[125.314291,43.894011],[125.315101,43.894023],[125.315197,43.894011]]}},{"type":"Feature","properties":{"name":" "},"geometry":{"type":"LineString","coordinates":[[125.312977,43.894441],[125.31299,43.893808],[125.313,43.893329]]}},{"type":"Feature","properties":{"name":" "},"geometry":{"type":"LineString","coordinates":[[125.319945,43.894765],[125.319945,43.89497],[125.319945,43.895055],[125.319961,43.895098],[125.319956,43.895353],[125.319919,43.895406],[125.319838,43.895422],[125.318538,43.895411],[125.31847,43.895384],[125.31844,43.895334],[125.318453,43.894956],[125.318459,43.894761]]}},{"type":"Feature","properties":{"name":" "},"geometry":{"type":"LineString","coordinates":[[125.314161,43.894048],[125.313606,43.893834],[125.31349,43.893815],[125.31299,43.893808]]}},{"type":"Feature","properties":{"name":" "},"geometry":{"type":"LineString","coordinates":[[125.316454,43.893877],[125.316519,43.893966],[125.316539,43.89405],[125.316522,43.894132],[125.31646,43.894206],[125.316392,43.894248],[125.316305,43.894267]]}},{"type":"Feature","properties":{"name":" "},"geometry":{"type":"LineString","coordinates":[[125.312977,43.894441],[125.313009,43.894634],[125.313041,43.89473],[125.313108,43.894792]]}},{"type":"Feature","properties":{"name":" "},"geometry":{"type":"LineString","coordinates":[[125.316235,43.893367],[125.316228,43.893571],[125.316271,43.89369],[125.316321,43.893769],[125.316385,43.893838],[125.31642,43.893858],[125.316454,43.893877],[125.316508,43.893908],[125.316603,43.893938],[125.317142,43.893954],[125.317232,43.893993],[125.317296,43.894063],[125.317342,43.894132],[125.317353,43.89418],[125.317359,43.894207],[125.317347,43.894469],[125.317335,43.894713],[125.317273,43.894789],[125.317185,43.894829],[125.31707,43.894843],[125.315302,43.894824],[125.315224,43.894823],[125.315143,43.894789],[125.31508,43.894726],[125.315066,43.894691],[125.315053,43.894657],[125.315073,43.894176],[125.3151,43.894097],[125.315156,43.894036],[125.315197,43.894011],[125.315241,43.893984],[125.315323,43.893947],[125.315407,43.893926],[125.315859,43.893931],[125.315948,43.89391],[125.316029,43.893868],[125.316106,43.893792],[125.316169,43.893698],[125.316228,43.893571]]}},{"type":"Feature","properties":{"name":" "},"geometry":{"type":"LineString","coordinates":[[125.318427,43.894352],[125.318044,43.894345]]}},{"type":"Feature","properties":{"name":" "},"geometry":{"type":"LineString","coordinates":[[125.316029,43.893868],[125.31613,43.893834],[125.316225,43.893828],[125.316323,43.893834],[125.31642,43.893858]]}},{"type":"Feature","properties":{"name":" "},"geometry":{"type":"LineString","coordinates":[[125.314084,43.894797],[125.313108,43.894792],[125.31297,43.894791]]}},{"type":"Feature","properties":{"name":" "},"geometry":{"type":"LineString","coordinates":[[125.319289,43.893791],[125.31954,43.893796],[125.319926,43.8938],[125.319999,43.89383],[125.320036,43.893879],[125.320019,43.894698],[125.319945,43.894765],[125.31984,43.894801],[125.318563,43.894782],[125.318459,43.894761],[125.31842,43.894704],[125.318427,43.894352],[125.318443,43.893977],[125.318459,43.893903],[125.318524,43.893849],[125.318599,43.893803],[125.318695,43.893783],[125.319075,43.893788],[125.319289,43.893791]]}},{"type":"Feature","properties":{"name":" "},"geometry":{"type":"LineString","coordinates":[[125.319298,43.893398],[125.319289,43.893791],[125.319285,43.893968]]}},{"type":"Feature","properties":{"name":" "},"geometry":{"type":"LineString","coordinates":[[125.317662,43.89448],[125.317347,43.894469]]}},{"type":"Feature","properties":{"name":" "},"geometry":{"type":"LineString","coordinates":[[125.31297,43.894791],[125.312977,43.894441]]}},{"type":"Feature","properties":{"name":" "},"geometry":{"type":"LineString","coordinates":[[125.363804,43.918036],[125.363779,43.921178],[125.363738,43.925069],[125.363737,43.925175],[125.363714,43.928879],[125.363708,43.929884],[125.363622,43.930248],[125.363471,43.930511],[125.363171,43.930766],[125.361988,43.931836]]}},{"type":"Feature","properties":{"name":"\u540c\u5eb7\u8def"},"geometry":{"type":"LineString","coordinates":[[125.359895,43.921118],[125.363779,43.921178],[125.366523,43.921159],[125.369017,43.921193],[125.369396,43.921199],[125.373769,43.921258],[125.376341,43.921282],[125.376783,43.921561]]}},{"type":"Feature","properties":{"name":"\u4e1c\u6cb3\u5824\u8def"},"geometry":{"type":"LineString","coordinates":[[125.359459,43.91405],[125.36086,43.917962],[125.360903,43.918136],[125.360919,43.918368],[125.360903,43.918573],[125.360873,43.918775],[125.36079,43.918986],[125.359895,43.921118],[125.358807,43.923142],[125.358762,43.92326],[125.358746,43.923426],[125.358709,43.925756],[125.358682,43.926675],[125.358693,43.927572],[125.358617,43.928406],[125.358616,43.92891],[125.358612,43.930091],[125.358633,43.930261],[125.358714,43.930396],[125.358864,43.930546],[125.36167,43.93244],[125.361922,43.93259],[125.365012,43.934023]]}},{"type":"Feature","properties":{"name":"\u65b0\u4e61\u8def"},"geometry":{"type":"LineString","coordinates":[[125.381143,43.915451],[125.380269,43.915442],[125.379689,43.915436],[125.379079,43.915429],[125.377073,43.915408],[125.376438,43.915402],[125.375771,43.915394],[125.374454,43.915377],[125.373871,43.91537],[125.373842,43.915369],[125.373261,43.915361],[125.371505,43.915344],[125.369906,43.915328],[125.369531,43.91533],[125.369129,43.91532],[125.365964,43.915287],[125.363818,43.915263],[125.360744,43.915232]]}},{"type":"Feature","properties":{"name":" "},"geometry":{"type":"LineString","coordinates":[[125.366527,43.918053],[125.366561,43.918706],[125.366523,43.921159],[125.366455,43.923356],[125.366403,43.925036],[125.3664,43.925141],[125.366394,43.928571]]}},{"type":"Feature","properties":{"name":" "},"geometry":{"type":"LineString","coordinates":[[125.365915,43.918052],[125.365946,43.916302],[125.365964,43.915287],[125.365988,43.91405]]}},{"type":"Feature","properties":{"name":"\u5317\u90e8\u5feb\u901f\u8def"},"geometry":{"type":"LineString","coordinates":[[125.344722,43.913892],[125.342039,43.913843],[125.339759,43.913896],[125.337871,43.913878],[125.33434,43.91381],[125.332829,43.913712],[125.332096,43.913687],[125.331597,43.913712],[125.331373,43.913729],[125.330555,43.913793],[125.33041,43.913828],[125.330092,43.913904],[125.329571,43.914006],[125.328761,43.914192],[125.327277,43.914638],[125.32698,43.914727]]}},{"type":"Feature","properties":{"name":"\u5317\u90e8\u5feb\u901f\u8def"},"geometry":{"type":"LineString","coordinates":[[125.326892,43.914661],[125.327909,43.914344],[125.328658,43.91413],[125.329614,43.913856],[125.329804,43.913813],[125.330126,43.91374],[125.330895,43.913645],[125.331386,43.913621],[125.331534,43.913615],[125.332128,43.913603],[125.332917,43.913653],[125.334423,43.913658],[125.337794,43.913737],[125.339594,43.91374],[125.342042,43.913761],[125.344725,43.913804]]}},{"type":"Feature","properties":{"name":"\u5317\u90e8\u5feb\u901f\u8def"},"geometry":{"type":"LineString","coordinates":[[125.32698,43.914727],[125.326095,43.914997],[125.322691,43.915952],[125.317817,43.91753],[125.316466,43.917964],[125.313857,43.918801],[125.313009,43.919046],[125.312425,43.919176],[125.311775,43.919263],[125.311123,43.91932],[125.310149,43.919378],[125.308514,43.919511]]}},{"type":"Feature","properties":{"name":"\u5317\u90e8\u5feb\u901f\u8def"},"geometry":{"type":"LineString","coordinates":[[125.30847,43.919378],[125.310136,43.919235],[125.31112,43.919183],[125.311722,43.919134],[125.312392,43.919021],[125.312927,43.918908],[125.313861,43.918697],[125.316308,43.917938],[125.316592,43.917833],[125.317749,43.917406],[125.322665,43.915836],[125.32606,43.914892],[125.326892,43.914661]]}},{"type":"Feature","properties":{"name":"\u53f0\u5317\u5927\u8857 Taibei St"},"geometry":{"type":"LineString","coordinates":[[125.305612,43.91989],[125.306098,43.919717],[125.306254,43.919662],[125.307004,43.919494],[125.307783,43.919357],[125.308503,43.919258],[125.310155,43.919116],[125.310421,43.919103],[125.310545,43.919093],[125.310685,43.919087],[125.310799,43.919083],[125.311087,43.919068],[125.311699,43.919011],[125.312073,43.91898],[125.312333,43.918919],[125.31288,43.918809],[125.313752,43.918588],[125.317343,43.917413],[125.31747,43.917372],[125.317645,43.917316],[125.317691,43.917302],[125.317755,43.917281],[125.317772,43.917276],[125.318194,43.91714],[125.322966,43.915605],[125.326659,43.914562],[125.326973,43.91448],[125.327334,43.914376]]}},{"type":"Feature","properties":{"name":"\u4e1c\u8363\u5927\u8def Donrong Rd"},"geometry":{"type":"LineString","coordinates":[[125.355348,43.91407],[125.354473,43.914061],[125.353857,43.914054],[125.352515,43.914148],[125.351999,43.914178],[125.350583,43.914173],[125.350023,43.914166]]}},{"type":"Feature","properties":{"name":"\u56e2\u5c71\u8857"},"geometry":{"type":"LineString","coordinates":[[125.350583,43.914173],[125.350557,43.914851],[125.350541,43.914958],[125.350507,43.915061],[125.348948,43.918606],[125.348883,43.918753],[125.348646,43.91936]]}},{"type":"Feature","properties":{"name":" "},"geometry":{"type":"LineString","coordinates":[[125.35536,43.913737],[125.357451,43.913741]]}},{"type":"Feature","properties":{"name":"\u4e1c\u8363\u5927\u8def Donrong Rd"},"geometry":{"type":"LineString","coordinates":[[125.350008,43.913854],[125.351547,43.913857],[125.35201,43.913858],[125.353868,43.913729],[125.355007,43.913733]]}},{"type":"Feature","properties":{"name":"\u94c1\u5317\u56db\u8def Tiebei 4th Rd"},"geometry":{"type":"LineString","coordinates":[[125.350023,43.914166],[125.348159,43.914141],[125.346708,43.914045],[125.345004,43.914001],[125.33867,43.914002]]}},{"type":"Feature","properties":{"name":" "},"geometry":{"type":"LineString","coordinates":[[125.357433,43.914094],[125.355348,43.91407]]}},{"type":"Feature","properties":{"name":"\u5317\u90e8\u5feb\u901f\u8def"},"geometry":{"type":"LineString","coordinates":[[125.359442,43.913949],[125.35876,43.913982],[125.357439,43.913981]]}},{"type":"Feature","properties":{"name":" "},"geometry":{"type":"LineString","coordinates":[[125.36952,43.913739],[125.371543,43.913753],[125.372713,43.913761],[125.377647,43.913796],[125.377933,43.913956]]}},{"type":"Feature","properties":{"name":"\u5317\u90e8\u5feb\u901f\u8def"},"geometry":{"type":"LineString","coordinates":[[125.359424,43.913824],[125.360505,43.913774],[125.365266,43.913807],[125.369035,43.913834],[125.369275,43.913835],[125.369456,43.913837],[125.369586,43.913838],[125.373915,43.913868],[125.377647,43.913895]]}},{"type":"Feature","properties":{"name":"\u4e1c\u90e8\u5feb\u901f\u8def"},"geometry":{"type":"LineString","coordinates":[[125.369091,43.923614],[125.369101,43.92296]]}},{"type":"Feature","properties":{"name":" "},"geometry":{"type":"LineString","coordinates":[[125.369284,43.902362],[125.369425,43.901904],[125.3695,43.901656],[125.369737,43.902362]]}},{"type":"Feature","properties":{"name":"\u8fdc\u8fbe\u5927\u8857 Yuanda St"},"geometry":{"type":"LineString","coordinates":[[125.369751,43.903407],[125.369674,43.906449],[125.369669,43.906654],[125.36952,43.913739],[125.369523,43.914082]]}},{"type":"Feature","properties":{"name":"\u4e1c\u76db\u5927\u8857 Dongsheng St"},"geometry":{"type":"LineString","coordinates":[[125.369549,43.879864],[125.369544,43.8797],[125.369611,43.876127],[125.369643,43.873755],[125.369659,43.872527],[125.369661,43.872445],[125.369695,43.870212],[125.369715,43.868943],[125.369752,43.866902],[125.36974,43.865268],[125.369707,43.864539],[125.369784,43.863462],[125.369875,43.863121],[125.369916,43.862347],[125.369917,43.862269],[125.36995,43.861239],[125.369841,43.860941],[125.369917,43.858096],[125.370073,43.855482],[125.370012,43.852489],[125.370014,43.851329],[125.370169,43.850968],[125.370158,43.85042],[125.37011,43.850303],[125.369985,43.850142],[125.36997,43.850118],[125.369812,43.849935]]}},{"type":"Feature","properties":{"name":"\u8fdc\u8fbe\u5927\u8857"},"geometry":{"type":"LineString","coordinates":[[125.369999,43.879883],[125.370023,43.88057],[125.37011,43.880742],[125.370209,43.881033],[125.370253,43.88129],[125.370257,43.881427],[125.370238,43.881624],[125.370069,43.882999],[125.369896,43.884604],[125.369838,43.887718],[125.36984,43.889284],[125.369881,43.889998],[125.36993,43.890872],[125.36993,43.890951],[125.36997,43.89191],[125.369998,43.892581],[125.370091,43.894249]]}},{"type":"Feature","properties":{"name":"\u4e1c\u90e8\u5feb\u901f\u8def"},"geometry":{"type":"LineString","coordinates":[[125.369275,43.922979],[125.369266,43.923619]]}},{"type":"Feature","properties":{"name":" "},"geometry":{"type":"LineString","coordinates":[[125.369881,43.889998],[125.369604,43.890871],[125.369582,43.890943],[125.36956,43.89087],[125.369289,43.889955]]}},{"type":"Feature","properties":{"name":"\u540c\u5174\u8def"},"geometry":{"type":"LineString","coordinates":[[125.388433,43.883151],[125.387034,43.883139],[125.385555,43.883126],[125.384343,43.883115],[125.382883,43.883103],[125.379939,43.88308],[125.377506,43.883063],[125.375006,43.883038],[125.370069,43.882999],[125.369484,43.882992],[125.367968,43.882973],[125.366016,43.882949]]}},{"type":"Feature","properties":{"name":" "},"geometry":{"type":"LineString","coordinates":[[125.379748,43.892575],[125.377257,43.892551],[125.376939,43.892548],[125.369998,43.892581]]}},{"type":"Feature","properties":{"name":" "},"geometry":{"type":"LineString","coordinates":[[125.366028,43.882804],[125.365016,43.882799],[125.364166,43.882794],[125.363201,43.882789]]}},{"type":"Feature","properties":{"name":" "},"geometry":{"type":"LineString","coordinates":[[125.358408,43.872439],[125.358403,43.873939],[125.358401,43.874352],[125.3584,43.874462],[125.358378,43.876002],[125.358357,43.877505],[125.358321,43.879603]]}},{"type":"Feature","properties":{"name":" "},"geometry":{"type":"LineString","coordinates":[[125.325697,43.879926],[125.32676,43.87935],[125.327487,43.880053]]}},{"type":"Feature","properties":{"name":" "},"geometry":{"type":"LineString","coordinates":[[125.329653,43.882189],[125.331355,43.883025]]}},{"type":"Feature","properties":{"name":" "},"geometry":{"type":"LineString","coordinates":[[125.328645,43.885694],[125.328084,43.886305],[125.32751,43.886945]]}},{"type":"Feature","properties":{"name":" "},"geometry":{"type":"LineString","coordinates":[[125.33715,43.881732],[125.336777,43.881522],[125.33618,43.881186],[125.335892,43.881023]]}},{"type":"Feature","properties":{"name":" "},"geometry":{"type":"LineString","coordinates":[[125.336777,43.881522],[125.338071,43.880217]]}},{"type":"Feature","properties":{"name":"\u5317\u56db\u6761 N.4th Tiao"},"geometry":{"type":"LineString","coordinates":[[125.328925,43.910341],[125.328894,43.911513],[125.328861,43.912445]]}},{"type":"Feature","properties":{"name":"\u5929\u6ce2\u8def"},"geometry":{"type":"LineString","coordinates":[[125.327107,43.921434],[125.327191,43.917961],[125.32726,43.916372]]}},{"type":"Feature","properties":{"name":"\u4e5d\u53f0\u8def Jiutai Rd"},"geometry":{"type":"LineString","coordinates":[[125.322922,43.917989],[125.322785,43.92135],[125.32273,43.923483],[125.322724,43.923681],[125.322679,43.925239],[125.322666,43.925677],[125.322619,43.927289],[125.322584,43.928486]]}},{"type":"Feature","properties":{"name":"\u5929\u5149\u8def Tianguang Rd"},"geometry":{"type":"LineString","coordinates":[[125.322922,43.917989],[125.327191,43.917961],[125.329043,43.918018],[125.329112,43.918019],[125.331437,43.918064]]}},{"type":"Feature","properties":{"name":"\u978d\u5c71\u8def"},"geometry":{"type":"LineString","coordinates":[[125.322939,43.916299],[125.32726,43.916372],[125.329283,43.916567],[125.33164,43.916657]]}},{"type":"Feature","properties":{"name":"\u957f\u5cad\u8857 Changling St"},"geometry":{"type":"LineString","coordinates":[[125.308498,43.922762],[125.3087,43.922715],[125.308911,43.9227],[125.310506,43.922269],[125.310611,43.922246],[125.310766,43.922203],[125.310893,43.922167],[125.312967,43.921512],[125.315561,43.9207]]}},{"type":"Feature","properties":{"name":"\u957f\u76db\u8857 Changsheng St"},"geometry":{"type":"LineString","coordinates":[[125.311613,43.923369],[125.3135,43.922793],[125.313699,43.922732],[125.316293,43.921915]]}},{"type":"Feature","properties":{"name":" "},"geometry":{"type":"LineString","coordinates":[[125.313699,43.922732],[125.312967,43.921512]]}},{"type":"Feature","properties":{"name":" "},"geometry":{"type":"LineString","coordinates":[[125.3135,43.922793],[125.314149,43.923883]]}},{"type":"Feature","properties":{"name":"\u4e94\u798f\u8857 Wufu St"},"geometry":{"type":"LineString","coordinates":[[125.320814,43.923072],[125.320283,43.922182],[125.320201,43.922045]]}},{"type":"Feature","properties":{"name":" "},"geometry":{"type":"LineString","coordinates":[[125.310843,43.920518],[125.312421,43.920502],[125.313039,43.920408],[125.315006,43.919778]]}},{"type":"Feature","properties":{"name":"\u5229\u56fd\u8857"},"geometry":{"type":"LineString","coordinates":[[125.337635,43.915386],[125.3376,43.916673],[125.33756,43.918134],[125.337559,43.918178],[125.337429,43.921619],[125.337475,43.921862],[125.337654,43.922075],[125.337872,43.92232],[125.338402,43.92259],[125.338739,43.922778],[125.339046,43.922946],[125.33946,43.923056],[125.339853,43.923117],[125.342771,43.923536]]}},{"type":"Feature","properties":{"name":"\u978d\u5c71\u8def Anshan Rd"},"geometry":{"type":"LineString","coordinates":[[125.332082,43.916638],[125.334739,43.916651],[125.3376,43.916673]]}},{"type":"Feature","properties":{"name":" "},"geometry":{"type":"LineString","coordinates":[[125.334739,43.916651],[125.33471,43.918132]]}},{"type":"Feature","properties":{"name":"\u4e1c\u65b0\u8def"},"geometry":{"type":"LineString","coordinates":[[125.36993,43.890872],[125.370288,43.890875],[125.376978,43.890948],[125.379012,43.890957],[125.379775,43.890964]]}},{"type":"Feature","properties":{"name":" "},"geometry":{"type":"LineString","coordinates":[[125.369367,43.888624],[125.367952,43.888616],[125.367549,43.888618]]}},{"type":"Feature","properties":{"name":" "},"geometry":{"type":"LineString","coordinates":[[125.367525,43.889246],[125.367549,43.888618],[125.367554,43.887693]]}},{"type":"Feature","properties":{"name":" "},"geometry":{"type":"LineString","coordinates":[[125.365731,43.887669],[125.365762,43.884613]]}},{"type":"Feature","properties":{"name":" "},"geometry":{"type":"LineString","coordinates":[[125.366445,43.887681],[125.366462,43.885798],[125.366681,43.885587],[125.366681,43.884625]]}},{"type":"Feature","properties":{"name":" "},"geometry":{"type":"LineString","coordinates":[[125.360461,43.887631],[125.360472,43.886703],[125.360474,43.886504],[125.360333,43.886305],[125.360333,43.885754],[125.360496,43.885529],[125.36051,43.884557]]}},{"type":"Feature","properties":{"name":" "},"geometry":{"type":"LineString","coordinates":[[125.361378,43.886713],[125.360472,43.886703],[125.359533,43.886692],[125.359328,43.886741]]}},{"type":"Feature","properties":{"name":" "},"geometry":{"type":"LineString","coordinates":[[125.363144,43.886049],[125.362445,43.886038],[125.361385,43.886023]]}},{"type":"Feature","properties":{"name":" "},"geometry":{"type":"LineString","coordinates":[[125.362445,43.886038],[125.362459,43.884583]]}},{"type":"Feature","properties":{"name":" "},"geometry":{"type":"LineString","coordinates":[[125.359123,43.886854],[125.358661,43.887066],[125.358513,43.887112],[125.35835,43.887137],[125.357393,43.887151]]}},{"type":"Feature","properties":{"name":" "},"geometry":{"type":"LineString","coordinates":[[125.35888,43.886475],[125.358541,43.886648],[125.358392,43.886699],[125.358222,43.886719],[125.357266,43.886724]]}},{"type":"Feature","properties":{"name":" "},"geometry":{"type":"LineString","coordinates":[[125.358528,43.886097],[125.358181,43.886308],[125.358082,43.886364],[125.357941,43.88639],[125.357042,43.886385]]}},{"type":"Feature","properties":{"name":" "},"geometry":{"type":"LineString","coordinates":[[125.365016,43.882799],[125.365001,43.883866],[125.364945,43.883927],[125.36486,43.883948],[125.364251,43.883943],[125.364187,43.883917],[125.364152,43.883856],[125.364166,43.882794],[125.364192,43.881356],[125.364209,43.880392],[125.364244,43.880341],[125.364322,43.88031],[125.364959,43.88031],[125.36503,43.880351],[125.365058,43.880402],[125.365041,43.881366],[125.365016,43.882799]]}},{"type":"Feature","properties":{"name":" "},"geometry":{"type":"LineString","coordinates":[[125.365041,43.881366],[125.364192,43.881356]]}},{"type":"Feature","properties":{"name":" "},"geometry":{"type":"LineString","coordinates":[[125.367932,43.884544],[125.367968,43.882973]]}},{"type":"Feature","properties":{"name":" "},"geometry":{"type":"LineString","coordinates":[[125.357523,43.876789],[125.356223,43.876778],[125.355786,43.876777],[125.355648,43.876789],[125.35551,43.876829],[125.353314,43.878312],[125.353087,43.878459],[125.352802,43.878506],[125.352379,43.878506],[125.351802,43.878506]]}},{"type":"Feature","properties":{"name":" "},"geometry":{"type":"LineString","coordinates":[[125.356599,43.875218],[125.356412,43.875845],[125.356412,43.876314],[125.356225,43.876589],[125.356223,43.876778],[125.356209,43.878435],[125.356177,43.878523],[125.3559,43.878758],[125.355778,43.878793],[125.352818,43.878787],[125.352607,43.878752],[125.352452,43.878658],[125.352379,43.878506]]}},{"type":"Feature","properties":{"name":" "},"geometry":{"type":"LineString","coordinates":[[125.348613,43.878103],[125.348508,43.877759]]}},{"type":"Feature","properties":{"name":" "},"geometry":{"type":"LineString","coordinates":[[125.34238,43.876912],[125.343214,43.876792],[125.343678,43.876733],[125.343871,43.876733],[125.344064,43.876763],[125.344236,43.87681],[125.345262,43.877179]]}},{"type":"Feature","properties":{"name":" "},"geometry":{"type":"LineString","coordinates":[[125.342727,43.878304],[125.343482,43.878213],[125.34357,43.878211],[125.343743,43.878206],[125.343977,43.878247],[125.344389,43.878385]]}},{"type":"Feature","properties":{"name":" "},"geometry":{"type":"LineString","coordinates":[[125.34357,43.878211],[125.343214,43.876792]]}},{"type":"Feature","properties":{"name":"\u5ddd\u5fc3\u9662\u80e1\u540c"},"geometry":{"type":"LineString","coordinates":[[125.33252,43.881586],[125.332108,43.882091],[125.331974,43.882255],[125.331758,43.882524],[125.331355,43.883025],[125.331313,43.883077],[125.330883,43.883545]]}},{"type":"Feature","properties":{"name":"\u8d22\u795e\u5e99\u80e1\u540c"},"geometry":{"type":"LineString","coordinates":[[125.337367,43.883985],[125.3355,43.886102]]}},{"type":"Feature","properties":{"name":"\u79ef\u5584\u4e00\u80e1\u540c"},"geometry":{"type":"LineString","coordinates":[[125.340121,43.890733],[125.338913,43.890299],[125.33815,43.890025],[125.338092,43.890005],[125.337848,43.889518],[125.337561,43.889409]]}},{"type":"Feature","properties":{"name":"\u79ef\u5584\u4e8c\u80e1\u540c"},"geometry":{"type":"LineString","coordinates":[[125.337853,43.888984],[125.336624,43.888566],[125.335232,43.888093]]}},{"type":"Feature","properties":{"name":" "},"geometry":{"type":"LineString","coordinates":[[125.34937,43.893259],[125.347733,43.893155]]}},{"type":"Feature","properties":{"name":"\u957f\u6e90\u80e1\u540c"},"geometry":{"type":"LineString","coordinates":[[125.347957,43.893358],[125.347245,43.894381]]}},{"type":"Feature","properties":{"name":"\u5411\u798f\u8def"},"geometry":{"type":"LineString","coordinates":[[125.343579,43.894996],[125.34243,43.895089]]}},{"type":"Feature","properties":{"name":"\u4e1c\u5b81\u4e8c\u80e1\u540c"},"geometry":{"type":"LineString","coordinates":[[125.335478,43.891936],[125.336246,43.89078]]}},{"type":"Feature","properties":{"name":"\u4e1c\u5b81\u4e00\u80e1\u540c"},"geometry":{"type":"LineString","coordinates":[[125.334749,43.890247],[125.334299,43.890901],[125.334117,43.890848],[125.333624,43.890827]]}},{"type":"Feature","properties":{"name":" "},"geometry":{"type":"LineString","coordinates":[[125.334971,43.896187],[125.333546,43.895705]]}},{"type":"Feature","properties":{"name":" "},"geometry":{"type":"LineString","coordinates":[[125.3335,43.894808],[125.334576,43.89516]]}},{"type":"Feature","properties":{"name":"\u65b0\u6c11\u5357\u80e1\u540c"},"geometry":{"type":"LineString","coordinates":[[125.331868,43.894623],[125.332055,43.893484]]}},{"type":"Feature","properties":{"name":"Jianhe Hutong"},"geometry":{"type":"LineString","coordinates":[[125.3131,43.889787],[125.313939,43.889791]]}},{"type":"Feature","properties":{"name":"\u767e\u8349\u80e1\u540c"},"geometry":{"type":"LineString","coordinates":[[125.311075,43.881556],[125.311194,43.881556],[125.312123,43.881568],[125.312345,43.881571]]}},{"type":"Feature","properties":{"name":" "},"geometry":{"type":"LineString","coordinates":[[125.342033,43.896961],[125.342082,43.897967],[125.342136,43.899059]]}},{"type":"Feature","properties":{"name":" "},"geometry":{"type":"LineString","coordinates":[[125.342082,43.897967],[125.341011,43.898162],[125.34033,43.898339],[125.338742,43.898753]]}},{"type":"Feature","properties":{"name":" "},"geometry":{"type":"LineString","coordinates":[[125.341011,43.898162],[125.340604,43.897356]]}},{"type":"Feature","properties":{"name":" "},"geometry":{"type":"LineString","coordinates":[[125.34033,43.898339],[125.340874,43.899414],[125.341296,43.900507],[125.341373,43.900705],[125.340636,43.900868]]}},{"type":"Feature","properties":{"name":" "},"geometry":{"type":"LineString","coordinates":[[125.335932,43.904735],[125.335889,43.905818]]}},{"type":"Feature","properties":{"name":" "},"geometry":{"type":"LineString","coordinates":[[125.336325,43.905823],[125.336304,43.906556]]}},{"type":"Feature","properties":{"name":" "},"geometry":{"type":"LineString","coordinates":[[125.331691,43.905085],[125.331476,43.905116],[125.331327,43.905162],[125.331171,43.905233],[125.331014,43.905338],[125.330945,43.905406],[125.330874,43.905508],[125.330832,43.905616],[125.33081,43.905775]]}},{"type":"Feature","properties":{"name":" "},"geometry":{"type":"LineString","coordinates":[[125.33209,43.905095],[125.332297,43.905131],[125.332481,43.905202],[125.332637,43.905304],[125.33275,43.905422],[125.332828,43.905549],[125.332878,43.905696],[125.332885,43.905793]]}},{"type":"Feature","properties":{"name":" "},"geometry":{"type":"LineString","coordinates":[[125.331051,43.905996],[125.331069,43.906061],[125.331078,43.906092],[125.331156,43.906192],[125.331306,43.906308],[125.331462,43.906382],[125.331653,43.906424]]}},{"type":"Feature","properties":{"name":" "},"geometry":{"type":"LineString","coordinates":[[125.337739,43.906566],[125.337724,43.907482],[125.337953,43.907491],[125.339196,43.907044],[125.339211,43.906077]]}},{"type":"Feature","properties":{"name":"\u5b89\u5b81\u8def"},"geometry":{"type":"LineString","coordinates":[[125.379664,43.916442],[125.379058,43.916436],[125.377069,43.916417],[125.376421,43.916411],[125.375756,43.916403],[125.37445,43.916388],[125.373858,43.916381],[125.369531,43.916338],[125.369111,43.916333],[125.365946,43.916302],[125.363804,43.916291],[125.361026,43.916271]]}},{"type":"Feature","properties":{"name":"\u5927\u9a6c\u8def"},"geometry":{"type":"LineString","coordinates":[[125.342375,43.880169],[125.342368,43.880057],[125.341759,43.879568],[125.341537,43.879389]]}},{"type":"Feature","properties":{"name":" "},"geometry":{"type":"LineString","coordinates":[[125.327471,43.901889],[125.327634,43.902073],[125.327626,43.902463],[125.327622,43.903031],[125.327472,43.903176]]}},{"type":"Feature","properties":{"name":"\u4eba\u6c11\u5927\u8857"},"geometry":{"type":"LineString","coordinates":[[125.31952,43.831136],[125.3194,43.831332],[125.319219,43.837649],[125.319162,43.842029],[125.319027,43.848631],[125.319025,43.848764],[125.318932,43.852738],[125.318829,43.857122],[125.318725,43.861595],[125.318714,43.861735],[125.318676,43.863204],[125.318642,43.864535],[125.318624,43.865176],[125.318607,43.865828],[125.318479,43.869793],[125.318439,43.871723],[125.318424,43.872509],[125.318409,43.87327],[125.318344,43.875622],[125.318343,43.875708],[125.318339,43.87582],[125.318337,43.875893],[125.318309,43.877102],[125.318255,43.878884],[125.318166,43.881808],[125.318149,43.883094],[125.318178,43.883167],[125.318224,43.88325],[125.318331,43.883369]]}},{"type":"Feature","properties":{"name":"\u897f\u6cb3\u5824\u8def"},"geometry":{"type":"LineString","coordinates":[[125.352564,43.903931],[125.352538,43.903518]]}},{"type":"Feature","properties":{"name":"\u897f\u6cb3\u5824\u8def"},"geometry":{"type":"LineString","coordinates":[[125.352538,43.903518],[125.352606,43.903221],[125.352747,43.902924],[125.352992,43.902639],[125.353388,43.902323],[125.355235,43.901173],[125.355673,43.900838],[125.355996,43.900466],[125.35621,43.900109],[125.356408,43.899718],[125.356424,43.899395],[125.356351,43.899147],[125.356268,43.898899],[125.356059,43.898628],[125.355689,43.898328],[125.355485,43.89823],[125.353868,43.897805],[125.353576,43.897749],[125.353023,43.897674],[125.352445,43.897633],[125.352254,43.897617]]}},{"type":"Feature","properties":{"name":"\u897f\u5b89\u5927\u8def"},"geometry":{"type":"LineString","coordinates":[[125.295039,43.892552],[125.29515,43.89251],[125.295294,43.892464],[125.296589,43.892026],[125.297926,43.891559],[125.299583,43.890957],[125.299712,43.890913],[125.301872,43.89016],[125.304423,43.889256],[125.304553,43.889209],[125.307288,43.888234],[125.309981,43.887271],[125.310012,43.887265],[125.311058,43.886881],[125.312168,43.886496],[125.312293,43.886453],[125.313945,43.885848],[125.314735,43.885563],[125.316297,43.885001],[125.316386,43.884978],[125.316479,43.884941],[125.316545,43.884887],[125.316619,43.884719]]}},{"type":"Feature","properties":{"name":"\u897f\u5b89\u5927\u8def"},"geometry":{"type":"LineString","coordinates":[[125.316838,43.885058],[125.316643,43.885045],[125.316537,43.885045],[125.316381,43.885093],[125.314801,43.885654],[125.313471,43.886133],[125.312347,43.886539],[125.312232,43.886579],[125.31111,43.886965],[125.310028,43.887343],[125.307342,43.888309],[125.304602,43.889279],[125.304469,43.889325],[125.301921,43.890223],[125.299759,43.890981],[125.299631,43.891027],[125.297983,43.891626],[125.29664,43.892097],[125.295351,43.892541],[125.295205,43.89259],[125.295095,43.892631]]}},{"type":"Feature","properties":{"name":" "},"geometry":{"type":"LineString","coordinates":[[125.322784,43.877526],[125.322788,43.877231]]}},{"type":"Feature","properties":{"name":" "},"geometry":{"type":"LineString","coordinates":[[125.322788,43.877231],[125.322249,43.877221]]}},{"type":"Feature","properties":{"name":" "},"geometry":{"type":"LineString","coordinates":[[125.322249,43.877221],[125.322034,43.877325],[125.32163,43.877318]]}},{"type":"Feature","properties":{"name":" "},"geometry":{"type":"LineString","coordinates":[[125.315374,43.910195],[125.315373,43.910425]]}},{"type":"Feature","properties":{"name":" "},"geometry":{"type":"LineString","coordinates":[[125.315437,43.907558],[125.315442,43.907269]]}},{"type":"Feature","properties":{"name":"\u4e1c\u516b\u6761 E.8th Tiao"},"geometry":{"type":"LineString","coordinates":[[125.345459,43.905333],[125.345465,43.905258],[125.345472,43.905176]]}},{"type":"Feature","properties":{"name":"\u4e1c\u516b\u6761 E.8th Tiao"},"geometry":{"type":"LineString","coordinates":[[125.345472,43.905176],[125.345385,43.90513]]}},{"type":"Feature","properties":{"name":" "},"geometry":{"type":"LineString","coordinates":[[125.32462,43.87896],[125.324162,43.878988]]}},{"type":"Feature","properties":{"name":" "},"geometry":{"type":"LineString","coordinates":[[125.324162,43.878988],[125.324139,43.878857],[125.324089,43.878733],[125.324003,43.878644],[125.323831,43.878511],[125.323689,43.878462],[125.323504,43.878457],[125.323356,43.878502],[125.323214,43.878595],[125.32311,43.878724],[125.322986,43.878866]]}},{"type":"Feature","properties":{"name":" "},"geometry":{"type":"LineString","coordinates":[[125.324162,43.878988],[125.323665,43.878979],[125.32362,43.878979],[125.323569,43.878989],[125.323511,43.879018],[125.323478,43.879072],[125.323325,43.879248],[125.323204,43.879343],[125.323035,43.879439],[125.322935,43.879489],[125.322872,43.879543],[125.322789,43.879607]]}},{"type":"Feature","properties":{"name":" "},"geometry":{"type":"LineString","coordinates":[[125.322935,43.879489],[125.322691,43.879319],[125.322395,43.879239],[125.321951,43.879128],[125.321655,43.878981],[125.321458,43.878866],[125.321316,43.878733],[125.321218,43.87856],[125.321065,43.878335],[125.320917,43.878219],[125.320714,43.878166],[125.320381,43.878148],[125.320128,43.878183],[125.319857,43.878339],[125.319771,43.878481],[125.319752,43.878619],[125.319709,43.87877],[125.319586,43.878996],[125.319386,43.879279]]}},{"type":"Feature","properties":{"name":" "},"geometry":{"type":"LineString","coordinates":[[125.319135,43.879219],[125.319048,43.879238],[125.318973,43.879276],[125.318913,43.879335],[125.318884,43.879406],[125.318891,43.879479],[125.318914,43.879525],[125.31895,43.879565],[125.318999,43.879599],[125.319056,43.879624],[125.31912,43.879638],[125.319206,43.879641],[125.319289,43.879627],[125.319363,43.879595],[125.319422,43.87955],[125.319459,43.879495],[125.319473,43.879434],[125.319464,43.879377],[125.319435,43.879324],[125.319386,43.879279],[125.319313,43.87924],[125.319226,43.879219],[125.319135,43.879219]]}},{"type":"Feature","properties":{"name":" "},"geometry":{"type":"LineString","coordinates":[[125.322157,43.880171],[125.322181,43.88016],[125.322198,43.880143],[125.322208,43.880124],[125.322208,43.880103],[125.3222,43.880083],[125.322183,43.880066],[125.322159,43.880054],[125.32213,43.880048],[125.3221,43.880049],[125.322072,43.880058],[125.322049,43.880072],[125.322035,43.880092],[125.32203,43.880113],[125.322036,43.880135],[125.322051,43.880154],[125.322073,43.880167],[125.3221,43.880175],[125.322129,43.880176],[125.322157,43.880171]]}},{"type":"Feature","properties":{"name":" "},"geometry":{"type":"LineString","coordinates":[[125.322183,43.880066],[125.322256,43.880051]]}},{"type":"Feature","properties":{"name":" "},"geometry":{"type":"LineString","coordinates":[[125.322049,43.880072],[125.321802,43.87984],[125.321617,43.87972],[125.321326,43.879557],[125.321061,43.879479],[125.320741,43.879457],[125.32015,43.879421],[125.319473,43.879434]]}},{"type":"Feature","properties":{"name":" "},"geometry":{"type":"LineString","coordinates":[[125.320275,43.881817],[125.320294,43.881223],[125.320252,43.881112],[125.320149,43.880859],[125.32013,43.880814],[125.320074,43.880681],[125.320046,43.880442],[125.320042,43.880142],[125.320079,43.879906],[125.320172,43.879651],[125.320196,43.879563],[125.320182,43.879479],[125.32015,43.879421]]}},{"type":"Feature","properties":{"name":" "},"geometry":{"type":"LineString","coordinates":[[125.322073,43.880167],[125.321896,43.880297],[125.321648,43.880432],[125.321519,43.880481],[125.321429,43.880516],[125.321275,43.880549],[125.321223,43.88058],[125.321219,43.880634],[125.321219,43.880795],[125.321177,43.880822],[125.32013,43.880814]]}},{"type":"Feature","properties":{"name":" "},"geometry":{"type":"LineString","coordinates":[[125.322181,43.88016],[125.322231,43.880349],[125.322219,43.880516],[125.32215,43.880712],[125.322056,43.880911],[125.321914,43.88102],[125.321825,43.881057],[125.321739,43.881093],[125.321434,43.881199],[125.321372,43.881204],[125.321146,43.881225],[125.320812,43.881207],[125.320572,43.881202],[125.320294,43.881223]]}},{"type":"Feature","properties":{"name":" "},"geometry":{"type":"LineString","coordinates":[[125.321219,43.880795],[125.32128,43.880841],[125.321308,43.880941],[125.321372,43.881204]]}},{"type":"Feature","properties":{"name":" "},"geometry":{"type":"LineString","coordinates":[[125.321825,43.881057],[125.321628,43.880645],[125.321519,43.880481]]}},{"type":"Feature","properties":{"name":" "},"geometry":{"type":"LineString","coordinates":[[125.322208,43.880103],[125.322736,43.880245]]}},{"type":"Feature","properties":{"name":" "},"geometry":{"type":"LineString","coordinates":[[125.323035,43.879439],[125.323244,43.879632]]}},{"type":"Feature","properties":{"name":" "},"geometry":{"type":"LineString","coordinates":[[125.322256,43.880051],[125.322789,43.879607]]}},{"type":"Feature","properties":{"name":" "},"geometry":{"type":"LineString","coordinates":[[125.323244,43.879632],[125.323407,43.879745]]}},{"type":"Feature","properties":{"name":" "},"geometry":{"type":"LineString","coordinates":[[125.318891,43.879479],[125.318764,43.879475],[125.318401,43.879464]]}},{"type":"Feature","properties":{"name":" "},"geometry":{"type":"LineString","coordinates":[[125.317957,43.878287],[125.317426,43.878283]]}},{"type":"Feature","properties":{"name":" "},"geometry":{"type":"LineString","coordinates":[[125.315591,43.878975],[125.315592,43.87866],[125.315543,43.878572],[125.315417,43.87849],[125.315293,43.878426],[125.314803,43.877891],[125.314775,43.877773],[125.314736,43.877568],[125.314748,43.877449]]}},{"type":"Feature","properties":{"name":" "},"geometry":{"type":"LineString","coordinates":[[125.314748,43.877449],[125.314718,43.877234]]}},{"type":"Feature","properties":{"name":" "},"geometry":{"type":"LineString","coordinates":[[125.314718,43.877234],[125.314712,43.877159],[125.314703,43.877045],[125.314682,43.87679]]}},{"type":"Feature","properties":{"name":" "},"geometry":{"type":"LineString","coordinates":[[125.314703,43.877045],[125.314781,43.87704],[125.314838,43.877045],[125.314905,43.877063],[125.315593,43.877343],[125.315844,43.877419],[125.316146,43.877498],[125.316594,43.877684],[125.316724,43.877727],[125.316922,43.877692],[125.317123,43.87756]]}},{"type":"Feature","properties":{"name":" "},"geometry":{"type":"LineString","coordinates":[[125.316576,43.878385],[125.315543,43.878572]]}},{"type":"Feature","properties":{"name":" "},"geometry":{"type":"LineString","coordinates":[[125.329283,43.916567],[125.329112,43.918019],[125.329014,43.921471]]}},{"type":"Feature","properties":{"name":" "},"geometry":{"type":"LineString","coordinates":[[125.344527,43.918297],[125.344773,43.918666],[125.344945,43.919006],[125.34502,43.919408],[125.344966,43.919887],[125.344698,43.921302]]}},{"type":"Feature","properties":{"name":"\u7f8e\u7a0b\u8857"},"geometry":{"type":"LineString","coordinates":[[125.341959,43.928797],[125.342771,43.923536],[125.342783,43.92174],[125.342912,43.918337]]}},{"type":"Feature","properties":{"name":" "},"geometry":{"type":"LineString","coordinates":[[125.368923,43.925063],[125.368914,43.923368],[125.368979,43.922973],[125.369017,43.921193],[125.369077,43.918074],[125.369111,43.916333],[125.369129,43.91532],[125.369134,43.914078]]}},{"type":"Feature","properties":{"name":" "},"geometry":{"type":"LineString","coordinates":[[125.369523,43.914082],[125.369548,43.914857],[125.369531,43.91533],[125.369531,43.916338],[125.369481,43.918078],[125.369396,43.921199],[125.369372,43.922962],[125.369446,43.923365],[125.369475,43.924098],[125.369406,43.925014]]}},{"type":"Feature","properties":{"name":"\u4e9a\u6cf0\u5927\u8857"},"geometry":{"type":"LineString","coordinates":[[125.333496,43.832282],[125.333471,43.832386],[125.333131,43.833743],[125.332988,43.834084],[125.332918,43.834248],[125.332786,43.834493],[125.332306,43.83553],[125.332277,43.835785],[125.332194,43.836504],[125.33193,43.838813],[125.331874,43.839149],[125.331611,43.84006],[125.331004,43.842205],[125.330912,43.842532],[125.330858,43.842726],[125.330765,43.844064],[125.330863,43.844703],[125.33094,43.845208],[125.330944,43.845237],[125.331388,43.846437],[125.332273,43.848135],[125.33235,43.848283],[125.332534,43.848668],[125.332579,43.848764],[125.332621,43.848901],[125.332647,43.848993],[125.332756,43.849418],[125.333066,43.850588],[125.333122,43.850799],[125.333265,43.851128],[125.33354,43.851758],[125.334076,43.852701],[125.334501,43.853446],[125.334636,43.853683],[125.334904,43.854303],[125.335018,43.854537],[125.33536,43.855359],[125.335559,43.85582],[125.335862,43.85652],[125.336077,43.857019],[125.336433,43.857842],[125.336481,43.857941],[125.336649,43.858287],[125.337179,43.859383],[125.338664,43.861455],[125.338934,43.861831],[125.339023,43.861964],[125.339258,43.862289],[125.339551,43.862729],[125.339625,43.862839],[125.340235,43.863757],[125.340956,43.86484],[125.341457,43.865591],[125.341821,43.86677],[125.341882,43.86716],[125.341917,43.867767],[125.341762,43.869186],[125.341725,43.869553],[125.341542,43.871196],[125.341484,43.871478],[125.341418,43.871843],[125.341373,43.87213],[125.341376,43.872406],[125.341419,43.872594],[125.341494,43.873422],[125.341727,43.874442],[125.342004,43.875403],[125.34238,43.876912],[125.342727,43.878304],[125.342801,43.878639],[125.342926,43.879359],[125.34294,43.879528],[125.342973,43.880295],[125.342989,43.880711],[125.343028,43.882328],[125.343023,43.882374],[125.343025,43.883674],[125.343026,43.884925],[125.343022,43.885408],[125.343022,43.886412],[125.342966,43.886823],[125.342885,43.887256],[125.342562,43.887957],[125.341529,43.889383],[125.341226,43.889816],[125.339975,43.891546],[125.339766,43.891842],[125.339664,43.891993],[125.339488,43.892251],[125.338898,43.893203],[125.338785,43.893386],[125.338674,43.893721],[125.33839,43.894172],[125.338053,43.894707],[125.337656,43.895338],[125.336192,43.897354],[125.336128,43.897443],[125.33513,43.898817],[125.334538,43.899572],[125.334206,43.899994],[125.334158,43.900055],[125.333132,43.901344],[125.332487,43.902124],[125.332341,43.902316],[125.33223,43.902525],[125.332158,43.90291],[125.332136,43.903613],[125.332088,43.9047],[125.33209,43.905095],[125.332092,43.905545],[125.33209,43.905787],[125.332098,43.907102],[125.332084,43.907846]]}},{"type":"Feature","properties":{"name":" "},"geometry":{"type":"LineString","coordinates":[[125.370584,43.880726],[125.370296,43.880843],[125.370046,43.88089],[125.369746,43.880885],[125.369398,43.880744],[125.369184,43.880578],[125.369066,43.880368],[125.369042,43.8801],[125.369097,43.8799],[125.369343,43.879484]]}},{"type":"Feature","properties":{"name":" "},"geometry":{"type":"LineString","coordinates":[[125.371013,43.879422],[125.371397,43.879557],[125.371656,43.879619],[125.372136,43.879645],[125.372951,43.879662],[125.373399,43.879691],[125.374813,43.879768],[125.379784,43.879863]]}},{"type":"Feature","properties":{"name":" "},"geometry":{"type":"LineString","coordinates":[[125.369982,43.882977],[125.369948,43.884678],[125.369736,43.885782]]}},{"type":"Feature","properties":{"name":" "},"geometry":{"type":"LineString","coordinates":[[125.379777,43.879946],[125.374807,43.879892],[125.373681,43.879991],[125.372943,43.880018],[125.372122,43.879989],[125.371739,43.880032],[125.371389,43.880129],[125.371096,43.880281],[125.370584,43.880726]]}},{"type":"Feature","properties":{"name":" "},"geometry":{"type":"LineString","coordinates":[[125.369647,43.881785],[125.369566,43.880723],[125.369476,43.880334],[125.369356,43.879981],[125.369346,43.879753],[125.369428,43.87957]]}},{"type":"Feature","properties":{"name":" "},"geometry":{"type":"LineString","coordinates":[[125.334514,43.888891],[125.333639,43.888466],[125.332756,43.888037]]}},{"type":"Feature","properties":{"name":" "},"geometry":{"type":"LineString","coordinates":[[125.331667,43.886271],[125.33267,43.885128],[125.332723,43.885104],[125.332843,43.885156],[125.33291,43.885149],[125.333192,43.884869]]}},{"type":"Feature","properties":{"name":" "},"geometry":{"type":"LineString","coordinates":[[125.334338,43.884329],[125.333911,43.884116],[125.333317,43.883822]]}},{"type":"Feature","properties":{"name":" "},"geometry":{"type":"LineString","coordinates":[[125.333911,43.884116],[125.334588,43.883414],[125.335188,43.882821]]}},{"type":"Feature","properties":{"name":" "},"geometry":{"type":"LineString","coordinates":[[125.331947,43.887987],[125.331352,43.888658]]}},{"type":"Feature","properties":{"name":" "},"geometry":{"type":"LineString","coordinates":[[125.333639,43.888466],[125.334242,43.887819]]}},{"type":"Feature","properties":{"name":" "},"geometry":{"type":"LineString","coordinates":[[125.333956,43.886521],[125.33476,43.885708],[125.335174,43.885284]]}},{"type":"Feature","properties":{"name":" "},"geometry":{"type":"LineString","coordinates":[[125.338913,43.890299],[125.339592,43.889385]]}},{"type":"Feature","properties":{"name":" "},"geometry":{"type":"LineString","coordinates":[[125.33815,43.890025],[125.338809,43.889126]]}},{"type":"Feature","properties":{"name":" "},"geometry":{"type":"LineString","coordinates":[[125.337564,43.887198],[125.336624,43.888566],[125.336234,43.889134]]}},{"type":"Feature","properties":{"name":" "},"geometry":{"type":"LineString","coordinates":[[125.339305,43.88508],[125.339922,43.88453],[125.340575,43.884928],[125.341289,43.885361]]}},{"type":"Feature","properties":{"name":" "},"geometry":{"type":"LineString","coordinates":[[125.341627,43.884776],[125.341296,43.884589],[125.340446,43.884108],[125.33999,43.883873]]}},{"type":"Feature","properties":{"name":" "},"geometry":{"type":"LineString","coordinates":[[125.340446,43.884108],[125.341113,43.883369]]}},{"type":"Feature","properties":{"name":" "},"geometry":{"type":"LineString","coordinates":[[125.339979,43.885469],[125.340575,43.884928],[125.340739,43.88478],[125.341296,43.884589]]}},{"type":"Feature","properties":{"name":" "},"geometry":{"type":"LineString","coordinates":[[125.342615,43.884377],[125.341621,43.884401]]}},{"type":"Feature","properties":{"name":" "},"geometry":{"type":"LineString","coordinates":[[125.340977,43.883307],[125.341295,43.882948],[125.341334,43.882855],[125.341345,43.882273]]}},{"type":"Feature","properties":{"name":" "},"geometry":{"type":"LineString","coordinates":[[125.341055,43.880393],[125.340246,43.881217]]}},{"type":"Feature","properties":{"name":" "},"geometry":{"type":"LineString","coordinates":[[125.340988,43.880343],[125.341447,43.879923],[125.341759,43.879568]]}},{"type":"Feature","properties":{"name":" "},"geometry":{"type":"LineString","coordinates":[[125.341065,43.877849],[125.340318,43.878769]]}},{"type":"Feature","properties":{"name":" "},"geometry":{"type":"LineString","coordinates":[[125.336763,43.883158],[125.337247,43.88338],[125.337357,43.883377],[125.337752,43.883554]]}},{"type":"Feature","properties":{"name":" "},"geometry":{"type":"LineString","coordinates":[[125.337357,43.883377],[125.338111,43.882435],[125.337539,43.882176]]}},{"type":"Feature","properties":{"name":" "},"geometry":{"type":"LineString","coordinates":[[125.335864,43.882783],[125.335048,43.882342],[125.33618,43.881186]]}},{"type":"Feature","properties":{"name":" "},"geometry":{"type":"LineString","coordinates":[[125.335229,43.879199],[125.334482,43.878564]]}},{"type":"Feature","properties":{"name":" "},"geometry":{"type":"LineString","coordinates":[[125.333093,43.879884],[125.334107,43.879436],[125.334551,43.879207]]}},{"type":"Feature","properties":{"name":" "},"geometry":{"type":"LineString","coordinates":[[125.330007,43.880483],[125.330388,43.880162],[125.330556,43.880076],[125.331224,43.879892],[125.331334,43.879892],[125.331687,43.880127]]}},{"type":"Feature","properties":{"name":" "},"geometry":{"type":"LineString","coordinates":[[125.330128,43.87908],[125.329889,43.878678],[125.329802,43.878622],[125.328737,43.878643],[125.328602,43.878664],[125.328018,43.878985]]}},{"type":"Feature","properties":{"name":" "},"geometry":{"type":"LineString","coordinates":[[125.332299,43.879239],[125.330148,43.879837]]}},{"type":"Feature","properties":{"name":" "},"geometry":{"type":"LineString","coordinates":[[125.327955,43.881681],[125.328943,43.880975]]}},{"type":"Feature","properties":{"name":" "},"geometry":{"type":"LineString","coordinates":[[125.328677,43.882214],[125.329404,43.881623],[125.329572,43.881733]]}},{"type":"Feature","properties":{"name":" "},"geometry":{"type":"LineString","coordinates":[[125.330427,43.884682],[125.330343,43.884987],[125.330178,43.885348],[125.330083,43.885371],[125.329625,43.885228]]}},{"type":"Feature","properties":{"name":" "},"geometry":{"type":"LineString","coordinates":[[125.338528,43.886533],[125.33973,43.885325]]}},{"type":"Feature","properties":{"name":" "},"geometry":{"type":"LineString","coordinates":[[125.341171,43.892318],[125.341557,43.891706]]}},{"type":"Feature","properties":{"name":" "},"geometry":{"type":"LineString","coordinates":[[125.317409,43.878622],[125.317677,43.87858],[125.317945,43.878619]]}},{"type":"Feature","properties":{"name":" "},"geometry":{"type":"LineString","coordinates":[[125.317409,43.878622],[125.317319,43.878608],[125.317115,43.878574],[125.317019,43.878538],[125.316576,43.878385],[125.316305,43.878292],[125.31578,43.878111],[125.315579,43.87801],[125.315451,43.877936],[125.315125,43.8778],[125.314956,43.877665],[125.314838,43.877586],[125.314736,43.877568],[125.314667,43.877556],[125.314314,43.877551],[125.313875,43.877486],[125.313611,43.87743]]}},{"type":"Feature","properties":{"name":" "},"geometry":{"type":"LineString","coordinates":[[125.317369,43.878188],[125.317412,43.878231],[125.317426,43.878283],[125.317418,43.878321],[125.317393,43.878356],[125.317356,43.878384],[125.317308,43.878403],[125.317252,43.87841],[125.317196,43.878405],[125.317145,43.878387],[125.317105,43.878358],[125.317077,43.878318],[125.317071,43.878273],[125.317086,43.87823],[125.317121,43.878192],[125.317176,43.878165],[125.317241,43.878154],[125.317307,43.878161],[125.317369,43.878188]]}},{"type":"Feature","properties":{"name":" "},"geometry":{"type":"LineString","coordinates":[[125.317121,43.878192],[125.316826,43.878094]]}},{"type":"Feature","properties":{"name":" "},"geometry":{"type":"LineString","coordinates":[[125.316922,43.877692],[125.316977,43.877891],[125.316914,43.877914],[125.316891,43.877983],[125.316826,43.878094],[125.316744,43.878156],[125.316618,43.878214],[125.316499,43.87827],[125.316305,43.878292]]}},{"type":"Feature","properties":{"name":" "},"geometry":{"type":"LineString","coordinates":[[125.317012,43.878998],[125.317019,43.8788],[125.317019,43.878538],[125.317064,43.878424],[125.317098,43.878387],[125.317105,43.878358]]}},{"type":"Feature","properties":{"name":" "},"geometry":{"type":"LineString","coordinates":[[125.317019,43.8788],[125.317255,43.878781],[125.317368,43.878813],[125.317722,43.878797]]}},{"type":"Feature","properties":{"name":" "},"geometry":{"type":"LineString","coordinates":[[125.317722,43.878797],[125.317666,43.878716],[125.317649,43.878668],[125.317677,43.87858]]}},{"type":"Feature","properties":{"name":" "},"geometry":{"type":"LineString","coordinates":[[125.317308,43.878403],[125.317334,43.878514],[125.317319,43.878608],[125.317306,43.87868],[125.317317,43.87872],[125.317334,43.878753],[125.317368,43.878813]]}},{"type":"Feature","properties":{"name":" "},"geometry":{"type":"LineString","coordinates":[[125.315451,43.877936],[125.315504,43.877875],[125.315703,43.877704]]}},{"type":"Feature","properties":{"name":" "},"geometry":{"type":"LineString","coordinates":[[125.314712,43.877159],[125.315011,43.877213],[125.315187,43.877389],[125.315278,43.877443],[125.315391,43.877502],[125.315545,43.877592],[125.315703,43.877704]]}},{"type":"Feature","properties":{"name":" "},"geometry":{"type":"LineString","coordinates":[[125.315703,43.877704],[125.315789,43.877769],[125.315827,43.877811],[125.315898,43.877867],[125.316045,43.877881],[125.316114,43.877875],[125.316324,43.877826],[125.316374,43.87782],[125.316505,43.877855],[125.316549,43.877905],[125.316562,43.877943],[125.316566,43.878037],[125.316508,43.878087],[125.316136,43.8781],[125.315769,43.878012],[125.315677,43.877967],[125.315576,43.877923],[125.315504,43.877875],[125.315384,43.877805],[125.315199,43.877712],[125.315048,43.877615],[125.314873,43.877502],[125.314748,43.877449]]}},{"type":"Feature","properties":{"name":" "},"geometry":{"type":"LineString","coordinates":[[125.315703,43.877704],[125.31582,43.877599],[125.315764,43.877519],[125.315715,43.877478],[125.315605,43.877427],[125.315585,43.877367],[125.315593,43.877343]]}},{"type":"Feature","properties":{"name":" "},"geometry":{"type":"LineString","coordinates":[[125.31582,43.877599],[125.315873,43.877619],[125.316031,43.877643],[125.31616,43.877696],[125.316324,43.877826]]}},{"type":"Feature","properties":{"name":" "},"geometry":{"type":"LineString","coordinates":[[125.317307,43.878161],[125.31733,43.878057]]}},{"type":"Feature","properties":{"name":" "},"geometry":{"type":"LineString","coordinates":[[125.31733,43.878057],[125.316977,43.877891]]}},{"type":"Feature","properties":{"name":" "},"geometry":{"type":"LineString","coordinates":[[125.316136,43.894267],[125.31604,43.894232],[125.315953,43.894168],[125.31592,43.894092],[125.315922,43.894011],[125.315949,43.893942],[125.316029,43.893868]]}},{"type":"Feature","properties":{"name":" "},"geometry":{"type":"LineString","coordinates":[[125.316305,43.894267],[125.316136,43.894267]]}},{"type":"Feature","properties":{"name":"\u4e1c\u56db\u6761 E.4th Tiao"},"geometry":{"type":"LineString","coordinates":[[125.328985,43.906141],[125.328989,43.905877]]}},{"type":"Feature","properties":{"name":"\u4e1c\u56db\u6761 E.4th Tiao"},"geometry":{"type":"LineString","coordinates":[[125.32898,43.906363],[125.328985,43.906141]]}},{"type":"Feature","properties":{"name":"\u6cd5\u5236\u80e1\u540c"},"geometry":{"type":"LineString","coordinates":[[125.327329,43.884383],[125.327245,43.884431]]}},{"type":"Feature","properties":{"name":"\u6cd5\u5236\u80e1\u540c"},"geometry":{"type":"LineString","coordinates":[[125.327465,43.884307],[125.327329,43.884383]]}},{"type":"Feature","properties":{"name":" "},"geometry":{"type":"LineString","coordinates":[[125.315066,43.894691],[125.315179,43.894666],[125.315259,43.894621],[125.315317,43.894548],[125.315323,43.894346],[125.315259,43.894262],[125.315169,43.894202],[125.315073,43.894176]]}},{"type":"Feature","properties":{"name":" "},"geometry":{"type":"LineString","coordinates":[[125.317353,43.89418],[125.317298,43.894188],[125.317209,43.894226],[125.317129,43.8943],[125.317089,43.894357],[125.317086,43.89455],[125.317107,43.894657],[125.317184,43.894746],[125.317273,43.894789]]}},{"type":"Feature","properties":{"name":" "},"geometry":{"type":"LineString","coordinates":[[125.31954,43.893796],[125.319525,43.89387],[125.319473,43.89393],[125.319366,43.893971],[125.319285,43.893968],[125.319225,43.893967],[125.319131,43.893921],[125.31908,43.893865],[125.319075,43.893788]]}},{"type":"Feature","properties":{"name":" "},"geometry":{"type":"LineString","coordinates":[[125.32311,43.912498],[125.325722,43.911485]]}},{"type":"Feature","properties":{"name":" "},"geometry":{"type":"LineString","coordinates":[[125.317372,43.948804],[125.317363,43.944571],[125.317358,43.942475],[125.317353,43.940287],[125.317351,43.938951],[125.31735,43.934812],[125.317349,43.931366],[125.317347,43.928533],[125.317332,43.925342],[125.317341,43.92418],[125.31733,43.922914],[125.317342,43.917861],[125.317342,43.917804],[125.317343,43.917413],[125.317343,43.91725],[125.317343,43.914231],[125.317362,43.911939]]}},{"type":"Feature","properties":{"name":"\u82f1\u76db\u8857 Yingsheng St"},"geometry":{"type":"LineString","coordinates":[[125.316963,43.923026],[125.316293,43.921915],[125.315561,43.9207],[125.315006,43.919778],[125.314472,43.918874]]}},{"type":"Feature","properties":{"name":" "},"geometry":{"type":"LineString","coordinates":[[125.322477,43.922542],[125.322459,43.921505],[125.320283,43.922182],[125.31844,43.922755]]}},{"type":"Feature","properties":{"name":"\u4e94\u798f\u8857 Wufu St"},"geometry":{"type":"LineString","coordinates":[[125.319776,43.920045],[125.320989,43.921804]]}},{"type":"Feature","properties":{"name":" "},"geometry":{"type":"LineString","coordinates":[[125.312345,43.881571],[125.312337,43.881976]]}},{"type":"Feature","properties":{"name":"\u767e\u8349\u80e1\u540c"},"geometry":{"type":"LineString","coordinates":[[125.312345,43.881571],[125.313012,43.88158]]}},{"type":"Feature","properties":{"name":"\u4e1c\u65b0\u8def Dongxin Rd"},"geometry":{"type":"LineString","coordinates":[[125.388373,43.891111],[125.385073,43.891097],[125.384993,43.891096],[125.382986,43.891075],[125.382742,43.891072],[125.379773,43.891041],[125.36993,43.890951]]}},{"type":"Feature","properties":{"name":"\u4e1c\u90e8\u5feb\u901f\u8def"},"geometry":{"type":"LineString","coordinates":[[125.370755,43.831763],[125.370653,43.837654],[125.37044,43.848015],[125.370491,43.850458],[125.370472,43.851202],[125.370444,43.852317],[125.370424,43.854729],[125.370392,43.857468],[125.370392,43.857499],[125.370242,43.863309],[125.370173,43.867091],[125.370162,43.86733],[125.370025,43.870303],[125.369915,43.876633],[125.369874,43.879017]]}},{"type":"Feature","properties":{"name":"\u4e1c\u90e8\u5feb\u901f\u8def"},"geometry":{"type":"LineString","coordinates":[[125.369264,43.914417],[125.369278,43.913606]]}},{"type":"Feature","properties":{"name":"\u4e1c\u90e8\u5feb\u901f\u8def"},"geometry":{"type":"LineString","coordinates":[[125.369697,43.879052],[125.369706,43.878537],[125.369916,43.868993],[125.369988,43.867593],[125.370009,43.867188],[125.370058,43.8646],[125.370081,43.863382],[125.370206,43.857522],[125.370248,43.855093],[125.37026,43.854345],[125.370301,43.852307],[125.370334,43.850486],[125.370281,43.848036],[125.370495,43.836658],[125.370615,43.831764]]}},{"type":"Feature","properties":{"name":"\u4e1c\u90e8\u5feb\u901f\u8def"},"geometry":{"type":"LineString","coordinates":[[125.369458,43.913606],[125.369444,43.914422]]}},{"type":"Feature","properties":{"name":"\u4e1c\u90e8\u5feb\u901f\u8def"},"geometry":{"type":"LineString","coordinates":[[125.369444,43.914422],[125.369391,43.917086],[125.369275,43.922979]]}},{"type":"Feature","properties":{"name":" "},"geometry":{"type":"LineString","coordinates":[[125.36685,43.913429],[125.368286,43.912759],[125.368785,43.912497]]}},{"type":"Feature","properties":{"name":" "},"geometry":{"type":"LineString","coordinates":[[125.369278,43.913606],[125.369244,43.913319],[125.369142,43.913137],[125.368944,43.912979],[125.368729,43.912905],[125.368552,43.912894],[125.368343,43.912928],[125.368139,43.913033],[125.368037,43.913164],[125.367999,43.913311],[125.368064,43.913458],[125.368182,43.913601],[125.368364,43.913686],[125.369035,43.913834]]}},{"type":"Feature","properties":{"name":" "},"geometry":{"type":"LineString","coordinates":[[125.371505,43.914323],[125.371066,43.914473],[125.37073,43.91459],[125.370124,43.914644],[125.369807,43.914706],[125.369548,43.914857]]}},{"type":"Feature","properties":{"name":" "},"geometry":{"type":"LineString","coordinates":[[125.351547,43.913857],[125.352677,43.913905]]}},{"type":"Feature","properties":{"name":" "},"geometry":{"type":"LineString","coordinates":[[125.339759,43.913896],[125.33867,43.914002]]}},{"type":"Feature","properties":{"name":" "},"geometry":{"type":"LineString","coordinates":[[125.338793,43.913632],[125.339594,43.91374]]}},{"type":"Feature","properties":{"name":" "},"geometry":{"type":"LineString","coordinates":[[125.312073,43.91898],[125.312376,43.91896],[125.312844,43.918865]]}},{"type":"Feature","properties":{"name":" "},"geometry":{"type":"LineString","coordinates":[[125.312844,43.918865],[125.313359,43.918746],[125.31499,43.918239],[125.315429,43.918126],[125.316592,43.917833]]}},{"type":"Feature","properties":{"name":" "},"geometry":{"type":"LineString","coordinates":[[125.316466,43.917964],[125.31594,43.91831],[125.314954,43.918652],[125.313544,43.919073],[125.312939,43.919212]]}},{"type":"Feature","properties":{"name":" "},"geometry":{"type":"LineString","coordinates":[[125.312939,43.919212],[125.312639,43.919244]]}},{"type":"Feature","properties":{"name":" "},"geometry":{"type":"LineString","coordinates":[[125.317475,43.917761],[125.317342,43.917861],[125.314472,43.918874],[125.313558,43.919141],[125.312627,43.919376],[125.312471,43.919396],[125.311436,43.919532],[125.31081,43.919439]]}},{"type":"Feature","properties":{"name":" "},"geometry":{"type":"LineString","coordinates":[[125.312939,43.919212],[125.312471,43.919396]]}},{"type":"Feature","properties":{"name":"\u53f0\u5317\u5927\u8857 Taibei St"},"geometry":{"type":"LineString","coordinates":[[125.327479,43.914745],[125.327009,43.914909],[125.325482,43.915358],[125.322948,43.916004],[125.318384,43.917492],[125.317874,43.917632],[125.317771,43.917666],[125.317649,43.917706],[125.317475,43.917761],[125.317342,43.917804],[125.314387,43.918751],[125.313927,43.918898],[125.313052,43.919142],[125.312639,43.919244],[125.311792,43.919364],[125.311135,43.91942],[125.31081,43.919439],[125.310698,43.919444],[125.310559,43.91945],[125.310436,43.919461],[125.310148,43.919478],[125.308561,43.919604],[125.30755,43.91974],[125.306189,43.920013],[125.305587,43.920163]]}},{"type":"Feature","properties":{"name":" "},"geometry":{"type":"LineString","coordinates":[[125.33434,43.91381],[125.333167,43.913877],[125.332336,43.913874],[125.33175,43.913862],[125.331464,43.913855],[125.330891,43.913859],[125.33041,43.913828]]}},{"type":"Feature","properties":{"name":"\u94c1\u5317\u56db\u8def Tiebei 4th Rd"},"geometry":{"type":"LineString","coordinates":[[125.338793,43.913632],[125.340629,43.913619],[125.345015,43.913718],[125.346711,43.913751],[125.348128,43.913835],[125.350008,43.913854]]}},{"type":"Feature","properties":{"name":"\u5317\u4e9a\u6cf0\u5927\u8857"},"geometry":{"type":"LineString","coordinates":[[125.332004,43.911773],[125.332097,43.912195],[125.332097,43.91251],[125.332087,43.913125],[125.332106,43.913192],[125.332112,43.913319]]}},{"type":"Feature","properties":{"name":"\u53f0\u5317\u5927\u8857"},"geometry":{"type":"LineString","coordinates":[[125.329421,43.913626],[125.329674,43.91356],[125.330211,43.913439],[125.330838,43.913336],[125.331335,43.913316],[125.332112,43.913319],[125.332179,43.913319]]}},{"type":"Feature","properties":{"name":" "},"geometry":{"type":"LineString","coordinates":[[125.329804,43.913813],[125.330228,43.913673],[125.331117,43.913546],[125.331507,43.91352],[125.332417,43.913536],[125.334423,43.913658]]}},{"type":"Feature","properties":{"name":" "},"geometry":{"type":"LineString","coordinates":[[125.327918,43.914209],[125.328286,43.914087],[125.328698,43.913939],[125.328814,43.913898],[125.329288,43.913736],[125.329698,43.91363],[125.330379,43.9135],[125.330764,43.913429],[125.33101,43.913382],[125.331215,43.913285],[125.331447,43.913138],[125.33153,43.913035],[125.331683,43.912787],[125.33178,43.912614]]}},{"type":"Feature","properties":{"name":" "},"geometry":{"type":"LineString","coordinates":[[125.332178,43.912643],[125.332426,43.913011],[125.332584,43.913155],[125.332853,43.913322],[125.333149,43.913394],[125.333211,43.913409],[125.334432,43.913486]]}},{"type":"Feature","properties":{"name":" "},"geometry":{"type":"LineString","coordinates":[[125.334432,43.913486],[125.335591,43.91357]]}},{"type":"Feature","properties":{"name":" "},"geometry":{"type":"LineString","coordinates":[[125.332179,43.913319],[125.332552,43.913382]]}},{"type":"Feature","properties":{"name":" "},"geometry":{"type":"LineString","coordinates":[[125.332552,43.913382],[125.332918,43.913459],[125.333364,43.913513],[125.33446,43.913543],[125.334655,43.913573],[125.334789,43.91363],[125.334915,43.913714],[125.335012,43.913847],[125.33504,43.913978],[125.335003,43.914091],[125.334906,43.914215],[125.334692,43.914312],[125.333336,43.914824],[125.332923,43.915025],[125.332677,43.915158],[125.332519,43.915322],[125.33237,43.915526],[125.332236,43.915794],[125.332086,43.916168]]}},{"type":"Feature","properties":{"name":" "},"geometry":{"type":"LineString","coordinates":[[125.335105,43.913911],[125.334687,43.914038],[125.334135,43.914299],[125.33381,43.914439]]}},{"type":"Feature","properties":{"name":" "},"geometry":{"type":"LineString","coordinates":[[125.33381,43.914439],[125.333174,43.914794],[125.332974,43.914907],[125.332677,43.915158]]}},{"type":"Feature","properties":{"name":" "},"geometry":{"type":"LineString","coordinates":[[125.335439,43.913907],[125.33485,43.914105],[125.334701,43.914182],[125.334678,43.914229],[125.334455,43.914443],[125.334112,43.914597],[125.332946,43.915092],[125.332802,43.915205],[125.332607,43.915356],[125.332403,43.915607],[125.332315,43.915854],[125.332217,43.916292],[125.332189,43.916429],[125.332082,43.916638],[125.331954,43.916884]]}},{"type":"Feature","properties":{"name":" "},"geometry":{"type":"LineString","coordinates":[[125.332155,43.914448],[125.332282,43.914662],[125.332426,43.914779],[125.332598,43.914826],[125.332788,43.914826],[125.332909,43.914809],[125.333355,43.914585]]}},{"type":"Feature","properties":{"name":" "},"geometry":{"type":"LineString","coordinates":[[125.333355,43.914585],[125.333461,43.914481],[125.33348,43.914421],[125.333489,43.914294],[125.333438,43.914167],[125.333345,43.914073],[125.333215,43.914013],[125.332918,43.913939]]}},{"type":"Feature","properties":{"name":" "},"geometry":{"type":"LineString","coordinates":[[125.331703,43.916063],[125.331567,43.915712],[125.331395,43.915428],[125.331038,43.915097],[125.330959,43.915054],[125.330643,43.914886],[125.330235,43.914752],[125.32932,43.914505],[125.329167,43.914421],[125.329074,43.914274],[125.329046,43.914177],[125.329056,43.914093],[125.329144,43.913923],[125.329255,43.913839],[125.329585,43.913736],[125.330035,43.913642],[125.330532,43.913565]]}},{"type":"Feature","properties":{"name":" "},"geometry":{"type":"LineString","coordinates":[[125.330532,43.913565],[125.331303,43.913458],[125.331929,43.913465],[125.332417,43.913536]]}},{"type":"Feature","properties":{"name":" "},"geometry":{"type":"LineString","coordinates":[[125.332006,43.916899],[125.332025,43.918317],[125.331938,43.920226]]}},{"type":"Feature","properties":{"name":" "},"geometry":{"type":"LineString","coordinates":[[125.331938,43.920226],[125.331955,43.92056],[125.332056,43.92078]]}},{"type":"Feature","properties":{"name":" "},"geometry":{"type":"LineString","coordinates":[[125.331343,43.920764],[125.331449,43.920376],[125.331459,43.920226]]}},{"type":"Feature","properties":{"name":" "},"geometry":{"type":"LineString","coordinates":[[125.331459,43.920226],[125.331545,43.919012],[125.331609,43.917913],[125.331701,43.917522]]}},{"type":"Feature","properties":{"name":" "},"geometry":{"type":"LineString","coordinates":[[125.34506,43.898285],[125.344093,43.898553],[125.343134,43.896688]]}},{"type":"Feature","properties":{"name":" "},"geometry":{"type":"LineString","coordinates":[[125.315989,43.897935],[125.316118,43.898101],[125.316192,43.898107],[125.316473,43.897942],[125.316601,43.897908],[125.316718,43.897911],[125.31702,43.89797],[125.317089,43.897796],[125.317245,43.897631],[125.316919,43.897504],[125.316834,43.897454],[125.316753,43.89737],[125.316675,43.897329],[125.316602,43.897389],[125.316657,43.897435],[125.316666,43.897482],[125.316515,43.897763],[125.316456,43.897805],[125.316377,43.897831],[125.315989,43.897935]]}},{"type":"Feature","properties":{"name":" "},"geometry":{"type":"LineString","coordinates":[[125.317685,43.898623],[125.317652,43.898514],[125.317607,43.898476],[125.317508,43.898438],[125.317384,43.898424],[125.317309,43.89844],[125.317124,43.898522]]}},{"type":"Feature","properties":{"name":"\u957f\u6625\u7ad9\u5357\u5e7f\u573a\u51fa\u79df\u8f66\u901a\u9053"},"geometry":{"type":"LineString","coordinates":[[125.316578,43.906873],[125.316665,43.906965],[125.317019,43.906968],[125.318,43.90698],[125.318301,43.90698],[125.31844,43.906899],[125.318446,43.906791],[125.317985,43.906824]]}},{"type":"Feature","properties":{"name":"\u957f\u6625\u7ad9\u5357\u5e7f\u573a\u516c\u4ea4\u8f66\u8f85\u9053\u56db"},"geometry":{"type":"LineString","coordinates":[[125.318109,43.905835],[125.31829,43.905915],[125.318475,43.906001],[125.318581,43.906065],[125.31861,43.906121],[125.318594,43.906585],[125.318586,43.906629],[125.318499,43.906697],[125.318313,43.906769],[125.317985,43.906824]]}},{"type":"Feature","properties":{"name":"\u957f\u6625\u7ad9\u5357\u5e7f\u573a\u516c\u4ea4\u8f66\u8f85\u90531"},"geometry":{"type":"LineString","coordinates":[[125.317342,43.906817],[125.317003,43.906669],[125.316856,43.906611],[125.316788,43.906554],[125.316773,43.906113],[125.31679,43.906067],[125.316848,43.90602],[125.316972,43.905948],[125.317085,43.905883],[125.317218,43.905827]]}},{"type":"Feature","properties":{"name":"\u957f\u6625\u7ad9\u5357\u5e7f\u573a\u79c1\u5bb6\u8f66\u5730\u4e0b\u505c\u8f66\u573a"},"geometry":{"type":"LineString","coordinates":[[125.318917,43.906441],[125.318908,43.906529],[125.318912,43.906592],[125.318872,43.906634],[125.318819,43.906654],[125.318748,43.906658],[125.318567,43.906658],[125.318406,43.906665],[125.318286,43.906694],[125.318222,43.906709],[125.318123,43.906747],[125.317892,43.906763]]}},{"type":"Feature","properties":{"name":"\u957f\u767d\u8def"},"geometry":{"type":"LineString","coordinates":[[125.331684,43.9059],[125.331069,43.906061],[125.330248,43.906211],[125.328325,43.906548],[125.326667,43.906837],[125.326107,43.906921],[125.323593,43.906903],[125.322204,43.906879],[125.321667,43.906879],[125.320071,43.906905],[125.319259,43.906916],[125.318931,43.906905],[125.318353,43.906903],[125.317858,43.9069],[125.317531,43.906894]]}},{"type":"Feature","properties":{"name":"\u957f\u6625\u7ad9\u5357\u5e7f\u573a\u516c\u4ea4\u8f66\u8f85\u90533"},"geometry":{"type":"LineString","coordinates":[[125.31829,43.905915],[125.318378,43.906014],[125.318402,43.906098],[125.318395,43.906277],[125.318383,43.906632],[125.31837,43.906702],[125.318313,43.906769]]}},{"type":"Feature","properties":{"name":"\u957f\u6625\u7ad9\u5357\u5e7f\u573a\u516c\u4ea4\u8f66\u8f85\u90532"},"geometry":{"type":"LineString","coordinates":[[125.317003,43.906669],[125.316981,43.906616],[125.316973,43.90658],[125.316973,43.906272],[125.316972,43.905948]]}},{"type":"Feature","properties":{"name":"\u5409\u6797\u5927\u8def\u7ad9\u6362\u4e58\u901a\u90531"},"geometry":{"type":"LineString","coordinates":[[125.357805,43.879198],[125.357793,43.879295],[125.358053,43.879284]]}},{"type":"Feature","properties":{"name":"\u5409\u6797\u5927\u8def\u7ad9\u6362\u4e58\u901a\u90532"},"geometry":{"type":"LineString","coordinates":[[125.358053,43.879284],[125.358119,43.879604]]}},{"type":"Feature","properties":{"name":"\u5409\u6797\u5927\u8def\u51fa\u5165\u53e3"},"geometry":{"type":"LineString","coordinates":[[125.357559,43.878861],[125.357373,43.878859],[125.357353,43.879101]]}},{"type":"Feature","properties":{"name":"\u957f\u6625\u7ad9\u5357\u5317\u5730\u4e0b\u901a\u9053\u4e1c\u4fa7"},"geometry":{"type":"LineString","coordinates":[[125.319358,43.910543],[125.31936,43.907315],[125.318607,43.906939]]}},{"type":"Feature","properties":{"name":" "},"geometry":{"type":"LineString","coordinates":[[125.371428,43.9134],[125.371481,43.913619],[125.371413,43.913949],[125.37119,43.914149],[125.370948,43.914289],[125.370722,43.914366]]}},{"type":"Feature","properties":{"name":" "},"geometry":{"type":"LineString","coordinates":[[125.369225,43.916455],[125.369073,43.915415],[125.368971,43.915166],[125.368811,43.914978],[125.368615,43.914812]]}},{"type":"Feature","properties":{"name":" "},"geometry":{"type":"LineString","coordinates":[[125.371764,43.914184],[125.371371,43.914191],[125.370965,43.914226],[125.370463,43.914356],[125.369868,43.914482],[125.369373,43.914514],[125.368916,43.914493],[125.368507,43.914422],[125.367968,43.914262]]}},{"type":"Feature","properties":{"name":" "},"geometry":{"type":"LineString","coordinates":[[125.370722,43.914366],[125.370419,43.914455],[125.36982,43.914575],[125.369339,43.914621],[125.369006,43.914614],[125.36863,43.914589],[125.368369,43.914528],[125.368021,43.91444]]}},{"type":"Feature","properties":{"name":" "},"geometry":{"type":"LineString","coordinates":[[125.3139,43.881205],[125.314581,43.881825],[125.314634,43.881957],[125.314875,43.882153]]}},{"type":"Feature","properties":{"name":" "},"geometry":{"type":"LineString","coordinates":[[125.317596,43.881087],[125.317612,43.88104],[125.317576,43.881005],[125.317264,43.880984],[125.31712,43.881017],[125.317026,43.881056],[125.316875,43.881058],[125.316575,43.881231],[125.316417,43.881248],[125.316288,43.881224],[125.316194,43.88127],[125.316157,43.881306],[125.315931,43.881314],[125.315638,43.8814]]}},{"type":"Feature","properties":{"name":" "},"geometry":{"type":"LineString","coordinates":[[125.316575,43.881231],[125.316633,43.881384]]}},{"type":"Feature","properties":{"name":" "},"geometry":{"type":"LineString","coordinates":[[125.314965,43.881147],[125.315638,43.8814],[125.315796,43.881508]]}},{"type":"Feature","properties":{"name":" "},"geometry":{"type":"LineString","coordinates":[[125.316403,43.881564],[125.316786,43.881696]]}},{"type":"Feature","properties":{"name":" "},"geometry":{"type":"LineString","coordinates":[[125.317145,43.88152],[125.317365,43.881609],[125.317574,43.881683]]}},{"type":"Feature","properties":{"name":" "},"geometry":{"type":"LineString","coordinates":[[125.317561,43.881589],[125.317865,43.881586],[125.317947,43.881585]]}},{"type":"Feature","properties":{"name":" "},"geometry":{"type":"LineString","coordinates":[[125.317461,43.881412],[125.317561,43.881589],[125.317574,43.881683],[125.31759,43.881801]]}},{"type":"Feature","properties":{"name":" "},"geometry":{"type":"LineString","coordinates":[[125.31747,43.881299],[125.317207,43.881226]]}},{"type":"Feature","properties":{"name":" "},"geometry":{"type":"LineString","coordinates":[[125.317955,43.881077],[125.31788,43.881071],[125.317596,43.881087],[125.317424,43.881116],[125.317207,43.881226],[125.316989,43.881311],[125.316633,43.881384],[125.316069,43.881481],[125.315796,43.881508],[125.315804,43.881643],[125.315815,43.881803]]}},{"type":"Feature","properties":{"name":" "},"geometry":{"type":"LineString","coordinates":[[125.316633,43.881384],[125.316697,43.881533],[125.316786,43.881696],[125.316804,43.881802]]}},{"type":"Feature","properties":{"name":" "},"geometry":{"type":"LineString","coordinates":[[125.31751,43.881395],[125.317461,43.881412],[125.317145,43.88152],[125.316697,43.881533],[125.316403,43.881564],[125.316327,43.881572],[125.31589,43.88164],[125.315804,43.881643],[125.315627,43.881649],[125.315458,43.881643],[125.315308,43.881594],[125.315149,43.881399],[125.314965,43.881147],[125.314783,43.880875]]}},{"type":"Feature","properties":{"name":" "},"geometry":{"type":"LineString","coordinates":[[125.317678,43.881335],[125.317872,43.881337],[125.317951,43.881338]]}},{"type":"Feature","properties":{"name":" "},"geometry":{"type":"LineString","coordinates":[[125.317582,43.881408],[125.31751,43.881395],[125.317466,43.881352],[125.31747,43.881299],[125.317522,43.88126],[125.317595,43.881254],[125.317657,43.881284],[125.317678,43.881335],[125.317648,43.881384],[125.317582,43.881408]]}},{"type":"Feature","properties":{"name":" "},"geometry":{"type":"LineString","coordinates":[[125.343812,43.882949],[125.343546,43.882891],[125.343378,43.882788]]}},{"type":"Feature","properties":{"name":" "},"geometry":{"type":"LineString","coordinates":[[125.343985,43.883149],[125.343867,43.883126],[125.343412,43.883015],[125.343374,43.882979],[125.343378,43.882788],[125.343382,43.882588],[125.343394,43.882553],[125.343417,43.882543],[125.343441,43.882547],[125.343589,43.882692]]}},{"type":"Feature","properties":{"name":" "},"geometry":{"type":"LineString","coordinates":[[125.344337,43.883026],[125.344072,43.883156],[125.343985,43.883149],[125.343812,43.882949],[125.343589,43.882692],[125.343887,43.882553]]}},{"type":"Feature","properties":{"name":" "},"geometry":{"type":"LineString","coordinates":[[125.343025,43.883674],[125.343165,43.883593],[125.343153,43.882909]]}},{"type":"Feature","properties":{"name":" "},"geometry":{"type":"LineString","coordinates":[[125.342524,43.88337],[125.342507,43.882915]]}},{"type":"Feature","properties":{"name":" "},"geometry":{"type":"LineString","coordinates":[[125.342532,43.882719],[125.343176,43.882708]]}},{"type":"Feature","properties":{"name":" "},"geometry":{"type":"LineString","coordinates":[[125.343146,43.882471],[125.343176,43.882708]]}},{"type":"Feature","properties":{"name":" "},"geometry":{"type":"LineString","coordinates":[[125.342489,43.882488],[125.342532,43.882719]]}},{"type":"Feature","properties":{"name":" "},"geometry":{"type":"LineString","coordinates":[[125.342507,43.882915],[125.342532,43.882719]]}},{"type":"Feature","properties":{"name":" "},"geometry":{"type":"LineString","coordinates":[[125.343153,43.882909],[125.343176,43.882708]]}},{"type":"Feature","properties":{"name":" "},"geometry":{"type":"LineString","coordinates":[[125.343122,43.882296],[125.343146,43.882471]]}},{"type":"Feature","properties":{"name":" "},"geometry":{"type":"LineString","coordinates":[[125.342466,43.882327],[125.342489,43.882488]]}},{"type":"Feature","properties":{"name":" "},"geometry":{"type":"LineString","coordinates":[[125.319285,43.879984],[125.319206,43.87998],[125.319141,43.879988],[125.319063,43.880035],[125.319025,43.880086],[125.318963,43.880123],[125.318911,43.880137],[125.318819,43.880132],[125.318768,43.88011]]}},{"type":"Feature","properties":{"name":" "},"geometry":{"type":"LineString","coordinates":[[125.318999,43.879599],[125.318933,43.879749],[125.318913,43.87982],[125.31887,43.879864],[125.318801,43.879908],[125.318766,43.879949],[125.318769,43.880004],[125.318781,43.880055],[125.318768,43.88011],[125.318727,43.88017],[125.318669,43.88022],[125.318659,43.880258],[125.318694,43.880336],[125.31876,43.880433],[125.318819,43.880461],[125.3189,43.880483],[125.319122,43.880497],[125.319327,43.880474],[125.319409,43.880443],[125.319432,43.880401],[125.319413,43.880116],[125.319373,43.880069],[125.319319,43.880032],[125.319285,43.879984],[125.319252,43.879838],[125.319204,43.879779],[125.31915,43.879728],[125.31912,43.879638]]}},{"type":"Feature","properties":{"name":" "},"geometry":{"type":"LineString","coordinates":[[125.31893,43.879029],[125.318886,43.879093],[125.318863,43.87915],[125.318876,43.879194],[125.318973,43.879276]]}},{"type":"Feature","properties":{"name":" "},"geometry":{"type":"LineString","coordinates":[[125.319247,43.878731],[125.319338,43.878782],[125.319378,43.878846],[125.319407,43.878918],[125.319586,43.878996]]}},{"type":"Feature","properties":{"name":" "},"geometry":{"type":"LineString","coordinates":[[125.318961,43.878309],[125.319025,43.878328],[125.319088,43.878372],[125.31912,43.878408],[125.319138,43.87846],[125.3192,43.878521],[125.319237,43.878576],[125.319254,43.87862],[125.31926,43.878681],[125.319247,43.878731],[125.319197,43.878783],[125.319108,43.878851],[125.319079,43.878916],[125.319071,43.87896],[125.319049,43.878989],[125.318996,43.879014],[125.31893,43.879029],[125.318876,43.879035],[125.318807,43.879025],[125.318737,43.879005],[125.31869,43.878962],[125.318666,43.878893],[125.318678,43.878821]]}},{"type":"Feature","properties":{"name":" "},"geometry":{"type":"LineString","coordinates":[[125.319857,43.878339],[125.319661,43.878344],[125.319138,43.87846],[125.318985,43.878493]]}},{"type":"Feature","properties":{"name":" "},"geometry":{"type":"LineString","coordinates":[[125.31733,43.878057],[125.317397,43.877922],[125.317459,43.877884],[125.317647,43.877784],[125.317653,43.877719]]}},{"type":"Feature","properties":{"name":" "},"geometry":{"type":"LineString","coordinates":[[125.317875,43.879013],[125.31788,43.878885],[125.317941,43.878885],[125.318024,43.878884],[125.318116,43.878884],[125.318255,43.878884],[125.318347,43.878884],[125.318418,43.878884]]}},{"type":"Feature","properties":{"name":" "},"geometry":{"type":"LineString","coordinates":[[125.336726,43.898404],[125.336603,43.898044]]}},{"type":"Feature","properties":{"name":" "},"geometry":{"type":"LineString","coordinates":[[125.358299,43.913753],[125.358498,43.913551],[125.358916,43.913532],[125.359099,43.913733]]}},{"type":"Feature","properties":{"name":" "},"geometry":{"type":"LineString","coordinates":[[125.323407,43.879745],[125.323457,43.879784]]}},{"type":"Feature","properties":{"name":"\u5149\u660e\u8def"},"geometry":{"type":"LineString","coordinates":[[125.315881,43.887287],[125.315327,43.886409],[125.314857,43.885723],[125.314801,43.885654],[125.314735,43.885563],[125.314687,43.885495],[125.314217,43.884823],[125.314103,43.884651]]}},{"type":"Feature","properties":{"name":"\u5d07\u667a\u8def"},"geometry":{"type":"LineString","coordinates":[[125.3181,43.887314],[125.317993,43.88731],[125.31787,43.88731],[125.316616,43.887295],[125.315881,43.887287]]}},{"type":"Feature","properties":{"name":"\u897f\u6cb3\u5824\u8def"},"geometry":{"type":"LineString","coordinates":[[125.355007,43.913733],[125.354975,43.913178],[125.354905,43.912931],[125.354821,43.912763],[125.35468,43.912575],[125.354508,43.912436],[125.354278,43.912313],[125.354036,43.912208],[125.353849,43.912139],[125.351783,43.911714],[125.351601,43.911636],[125.351461,43.911532],[125.351354,43.911416],[125.351274,43.911242],[125.350764,43.910125],[125.350705,43.90992],[125.350694,43.909747],[125.350759,43.909588],[125.350866,43.909453],[125.351247,43.909047],[125.352046,43.90815],[125.352228,43.907996],[125.352513,43.907822],[125.352969,43.90759],[125.353377,43.907279],[125.353445,43.90713],[125.353383,43.906434],[125.353263,43.906111],[125.352606,43.904315],[125.352564,43.903931]]}},{"type":"Feature","properties":{"name":"\u4e1c\u8363\u5927\u8def Donrong Rd"},"geometry":{"type":"LineString","coordinates":[[125.355007,43.913733],[125.35536,43.913737]]}},{"type":"Feature","properties":{"name":"\u94c1\u5317\u4e00\u8def"},"geometry":{"type":"LineString","coordinates":[[125.331782,43.910383],[125.328925,43.910341]]}},{"type":"Feature","properties":{"name":"\u53f0\u5317\u5927\u8857"},"geometry":{"type":"LineString","coordinates":[[125.332179,43.913319],[125.333166,43.913331],[125.333149,43.913394]]}},{"type":"Feature","properties":{"name":"\u5317\u4e9a\u6cf0\u5927\u8857"},"geometry":{"type":"LineString","coordinates":[[125.331335,43.913316],[125.331474,43.913249],[125.33154,43.913168],[125.331595,43.913095],[125.331643,43.912487],[125.331655,43.912336],[125.331683,43.912038],[125.331804,43.911528]]}},{"type":"Feature","properties":{"name":" "},"geometry":{"type":"LineString","coordinates":[[125.36745,43.913357],[125.367551,43.913252],[125.367847,43.913061],[125.368286,43.912759]]}},{"type":"Feature","properties":{"name":" "},"geometry":{"type":"LineString","coordinates":[[125.367968,43.914262],[125.367701,43.914126],[125.367446,43.913887],[125.36737,43.913675],[125.367386,43.913515],[125.36745,43.913357]]}},{"type":"Feature","properties":{"name":" "},"geometry":{"type":"LineString","coordinates":[[125.368021,43.91444],[125.367317,43.914205],[125.366936,43.914115],[125.36589,43.913945]]}},{"type":"Feature","properties":{"name":" "},"geometry":{"type":"LineString","coordinates":[[125.365266,43.913807],[125.365685,43.913753],[125.366283,43.913642],[125.366576,43.913546],[125.36685,43.913429]]}},{"type":"Feature","properties":{"name":" "},"geometry":{"type":"LineString","coordinates":[[125.368615,43.914812],[125.368336,43.914626],[125.368021,43.91444]]}},{"type":"Feature","properties":{"name":" "},"geometry":{"type":"LineString","coordinates":[[125.370408,43.914675],[125.370097,43.91493],[125.36985,43.915286],[125.369721,43.915664],[125.369657,43.916124],[125.369619,43.916441],[125.369539,43.916824],[125.369391,43.917086]]}},{"type":"Feature","properties":{"name":" "},"geometry":{"type":"LineString","coordinates":[[125.329641,43.914719],[125.329011,43.914581],[125.328842,43.914544],[125.328496,43.914517],[125.328146,43.914571],[125.328005,43.914608],[125.327777,43.914668],[125.327479,43.914745],[125.326913,43.91485]]}},{"type":"Feature","properties":{"name":" "},"geometry":{"type":"LineString","coordinates":[[125.326913,43.91485],[125.326095,43.914997]]}},{"type":"Feature","properties":{"name":" "},"geometry":{"type":"LineString","coordinates":[[125.32606,43.914892],[125.326558,43.914679],[125.326862,43.914574]]}},{"type":"Feature","properties":{"name":"\u53f0\u5317\u5927\u8857 Taibei St"},"geometry":{"type":"LineString","coordinates":[[125.327334,43.914376],[125.327918,43.914209]]}},{"type":"Feature","properties":{"name":" "},"geometry":{"type":"LineString","coordinates":[[125.326862,43.914574],[125.327334,43.914376]]}},{"type":"Feature","properties":{"name":"\u53f0\u5317\u5927\u8857"},"geometry":{"type":"LineString","coordinates":[[125.328698,43.913939],[125.329141,43.91373],[125.329421,43.913626]]}},{"type":"Feature","properties":{"name":"\u94c1\u5317\u56db\u8def Tiebei 4th Rd"},"geometry":{"type":"LineString","coordinates":[[125.335591,43.91357],[125.337768,43.91362],[125.338793,43.913632]]}},{"type":"Feature","properties":{"name":"\u94c1\u5317\u56db\u8def Tiebei 4th Rd"},"geometry":{"type":"LineString","coordinates":[[125.33867,43.914002],[125.337772,43.913985],[125.335439,43.913907],[125.335105,43.913911],[125.332918,43.913939],[125.332118,43.913949],[125.33175,43.913956],[125.330957,43.913982],[125.330336,43.914039],[125.330042,43.914066],[125.329589,43.914127],[125.329216,43.914208],[125.328389,43.914453],[125.328005,43.914608]]}},{"type":"Feature","properties":{"name":" "},"geometry":{"type":"LineString","coordinates":[[125.33007,43.914588],[125.330215,43.914675],[125.330892,43.91485],[125.331065,43.914874],[125.331238,43.914853],[125.331355,43.91482],[125.331467,43.914759],[125.331565,43.914682],[125.331616,43.914594],[125.331712,43.914231]]}},{"type":"Feature","properties":{"name":" "},"geometry":{"type":"LineString","coordinates":[[125.330336,43.914039],[125.33014,43.914137],[125.330028,43.914261],[125.329986,43.914386],[125.330005,43.914507],[125.33007,43.914588]]}},{"type":"Feature","properties":{"name":" "},"geometry":{"type":"LineString","coordinates":[[125.330959,43.915054],[125.33057,43.914934],[125.330434,43.914907],[125.329641,43.914719]]}},{"type":"Feature","properties":{"name":" "},"geometry":{"type":"LineString","coordinates":[[125.33164,43.916657],[125.331515,43.916247],[125.331499,43.915946],[125.331451,43.915757],[125.331311,43.915544],[125.331118,43.915335],[125.330823,43.915119],[125.330522,43.915003],[125.329643,43.914806],[125.329305,43.914702],[125.329011,43.914581]]}},{"type":"Feature","properties":{"name":" "},"geometry":{"type":"LineString","coordinates":[[125.369343,43.879484],[125.369523,43.879147],[125.369706,43.878537]]}},{"type":"Feature","properties":{"name":"\u4e1c\u90e8\u5feb\u901f\u8def"},"geometry":{"type":"LineString","coordinates":[[125.369278,43.913606],[125.369376,43.91156],[125.36949,43.904144],[125.369451,43.903287],[125.369435,43.902362],[125.369363,43.901655],[125.369369,43.898187],[125.369365,43.897549],[125.369348,43.894663],[125.369347,43.894393],[125.369393,43.890723],[125.369507,43.889281],[125.36958,43.885379],[125.369647,43.881785],[125.369656,43.881276]]}},{"type":"Feature","properties":{"name":"\u4e1c\u90e8\u5feb\u901f\u8def"},"geometry":{"type":"LineString","coordinates":[[125.369834,43.881289],[125.369736,43.885782],[125.369663,43.889268],[125.369763,43.890729],[125.36985,43.894408],[125.369853,43.894646],[125.36989,43.897492],[125.369899,43.898186],[125.369917,43.90034],[125.369869,43.90172],[125.369806,43.902451],[125.369681,43.903887],[125.369506,43.911547],[125.369458,43.913606]]}},{"type":"Feature","properties":{"name":"\u4e1c\u90e8\u5feb\u901f\u8def"},"geometry":{"type":"LineString","coordinates":[[125.369874,43.879017],[125.369858,43.879959],[125.369834,43.881289]]}},{"type":"Feature","properties":{"name":"\u4e1c\u90e8\u5feb\u901f\u8def"},"geometry":{"type":"LineString","coordinates":[[125.369656,43.881276],[125.369681,43.879959],[125.369697,43.879052]]}},{"type":"Feature","properties":{"name":" "},"geometry":{"type":"LineString","coordinates":[[125.36958,43.885379],[125.369512,43.883834],[125.369448,43.882405],[125.369409,43.881527]]}},{"type":"Feature","properties":{"name":" "},"geometry":{"type":"LineString","coordinates":[[125.369409,43.881527],[125.3694,43.881334],[125.369434,43.881036],[125.369481,43.88067]]}},{"type":"Feature","properties":{"name":" "},"geometry":{"type":"LineString","coordinates":[[125.370023,43.88057],[125.369987,43.881028],[125.369996,43.881311],[125.369994,43.881585]]}},{"type":"Feature","properties":{"name":" "},"geometry":{"type":"LineString","coordinates":[[125.369994,43.881585],[125.369982,43.882977]]}},{"type":"Feature","properties":{"name":"\u5409\u6797\u5927\u8def (J\u00edl\u00edn D\u00e0l\u00f9)"},"geometry":{"type":"LineString","coordinates":[[125.346079,43.879365],[125.34627,43.879382],[125.351786,43.879467],[125.357489,43.879595],[125.357709,43.879599],[125.358321,43.879603],[125.359378,43.87962],[125.360664,43.879573],[125.36326,43.879609],[125.366147,43.879622],[125.367561,43.879634],[125.369544,43.8797],[125.369997,43.879709]]}},{"type":"Feature","properties":{"name":"\u5409\u6797\u5927\u8def (J\u00edl\u00edn D\u00e0l\u00f9)"},"geometry":{"type":"LineString","coordinates":[[125.369999,43.879883],[125.369549,43.879864],[125.366143,43.879772],[125.363253,43.879755],[125.360401,43.879738],[125.357693,43.879754],[125.357473,43.879754],[125.351787,43.879678],[125.348674,43.879624],[125.347602,43.879606],[125.346278,43.879583],[125.34607,43.879577]]}},{"type":"Feature","properties":{"name":" "},"geometry":{"type":"LineString","coordinates":[[125.370584,43.880726],[125.370347,43.881018],[125.370217,43.881264],[125.370145,43.881603],[125.370112,43.882659],[125.369982,43.882977]]}},{"type":"Feature","properties":{"name":" "},"geometry":{"type":"LineString","coordinates":[[125.369915,43.876633],[125.370082,43.877342],[125.370077,43.878149],[125.370101,43.878436],[125.370187,43.878678],[125.37036,43.878934]]}},{"type":"Feature","properties":{"name":" "},"geometry":{"type":"LineString","coordinates":[[125.369428,43.87957],[125.369507,43.879457],[125.369639,43.87936],[125.369957,43.879245],[125.370221,43.879225],[125.370562,43.879263],[125.371013,43.879422]]}},{"type":"Feature","properties":{"name":"\u5409\u6797\u5927\u8def"},"geometry":{"type":"LineString","coordinates":[[125.369997,43.879709],[125.370608,43.879712],[125.375025,43.879733]]}},{"type":"Feature","properties":{"name":"\u4e1c\u76db\u5927\u8857 Dongsheng St"},"geometry":{"type":"LineString","coordinates":[[125.369997,43.879709],[125.369999,43.879883]]}},{"type":"Feature","properties":{"name":"\u5409\u6797\u5927\u8def"},"geometry":{"type":"LineString","coordinates":[[125.375017,43.87994],[125.369999,43.879883]]}},{"type":"Feature","properties":{"name":"\u88d5\u6c11\u8def"},"geometry":{"type":"LineString","coordinates":[[125.376687,43.903417],[125.369751,43.903407]]}},{"type":"Feature","properties":{"name":"\u8fdc\u8fbe\u5927\u8857 Yuanda St"},"geometry":{"type":"LineString","coordinates":[[125.369807,43.900492],[125.369835,43.90156],[125.369758,43.902192],[125.369737,43.902362],[125.369751,43.903407]]}},{"type":"Feature","properties":{"name":"\u4e1c\u4e30\u8def"},"geometry":{"type":"LineString","coordinates":[[125.376695,43.900613],[125.369807,43.900492]]}},{"type":"Feature","properties":{"name":"\u8fdc\u8fbe\u5927\u8857 Yuanda St"},"geometry":{"type":"LineString","coordinates":[[125.369848,43.898084],[125.369807,43.900492]]}},{"type":"Feature","properties":{"name":"\u8fdc\u8fbe\u5927\u8857 Yuanda St"},"geometry":{"type":"LineString","coordinates":[[125.369108,43.900475],[125.369155,43.898017]]}},{"type":"Feature","properties":{"name":" "},"geometry":{"type":"LineString","coordinates":[[125.369215,43.899679],[125.36922,43.898203],[125.369268,43.897789],[125.369365,43.897549]]}},{"type":"Feature","properties":{"name":" "},"geometry":{"type":"LineString","coordinates":[[125.369159,43.901338],[125.369209,43.900936],[125.369215,43.899679]]}},{"type":"Feature","properties":{"name":" "},"geometry":{"type":"LineString","coordinates":[[125.36989,43.897492],[125.370019,43.897843],[125.370046,43.898377],[125.370036,43.901005]]}},{"type":"Feature","properties":{"name":" "},"geometry":{"type":"LineString","coordinates":[[125.370036,43.901005],[125.370009,43.901519],[125.369966,43.901944],[125.369758,43.902192]]}},{"type":"Feature","properties":{"name":" "},"geometry":{"type":"LineString","coordinates":[[125.369942,43.892587],[125.369988,43.893886],[125.369988,43.894111],[125.36997,43.894414],[125.369853,43.894646]]}},{"type":"Feature","properties":{"name":" "},"geometry":{"type":"LineString","coordinates":[[125.36997,43.89191],[125.369942,43.892587]]}},{"type":"Feature","properties":{"name":" "},"geometry":{"type":"LineString","coordinates":[[125.369348,43.894663],[125.369208,43.894061],[125.369176,43.892587],[125.369176,43.892354]]}},{"type":"Feature","properties":{"name":" "},"geometry":{"type":"LineString","coordinates":[[125.369176,43.892354],[125.369185,43.891547],[125.369181,43.890942]]}},{"type":"Feature","properties":{"name":" "},"geometry":{"type":"LineString","coordinates":[[125.37036,43.878934],[125.370653,43.879197],[125.371013,43.879422]]}},{"type":"Feature","properties":{"name":" "},"geometry":{"type":"LineString","coordinates":[[125.358934,43.89307],[125.358713,43.893246]]}},{"type":"Feature","properties":{"name":" "},"geometry":{"type":"LineString","coordinates":[[125.35919,43.892877],[125.358934,43.89307]]}},{"type":"Feature","properties":{"name":" "},"geometry":{"type":"LineString","coordinates":[[125.349268,43.895399],[125.349315,43.895579],[125.349556,43.896097],[125.349688,43.896293],[125.34954,43.896206],[125.349283,43.895997],[125.349111,43.895889],[125.348961,43.895831],[125.34852,43.895733]]}},{"type":"Feature","properties":{"name":"\u4e00\u5321\u8857 Yikuang St"},"geometry":{"type":"LineString","coordinates":[[125.357344,43.921403],[125.359895,43.921118]]}},{"type":"Feature","properties":{"name":"\u4e00\u5321\u8857 Yikuang St"},"geometry":{"type":"LineString","coordinates":[[125.355191,43.921708],[125.357344,43.921403]]}},{"type":"Feature","properties":{"name":" "},"geometry":{"type":"LineString","coordinates":[[125.347602,43.879606],[125.347572,43.881338]]}},{"type":"Feature","properties":{"name":"\u957f\u6625\u7ad9\u5357\u5e7f\u573a\u79c1\u5bb6\u8f66\u5730\u4e0b\u505c\u8f66\u573a"},"geometry":{"type":"LineString","coordinates":[[125.318927,43.906018],[125.31893,43.90618],[125.318928,43.906311],[125.318917,43.906441]]}},{"type":"Feature","properties":{"name":"\u957f\u6625\u7ad9\u5357\u5e7f\u573a\u79c1\u5bb6\u8f66\u5730\u4e0b\u505c\u8f66\u573a"},"geometry":{"type":"LineString","coordinates":[[125.317892,43.906763],[125.317732,43.906772],[125.317641,43.906793],[125.317575,43.906819]]}},{"type":"Feature","properties":{"name":" "},"geometry":{"type":"LineString","coordinates":[[125.316398,43.906445],[125.316364,43.906352],[125.316355,43.906163],[125.316379,43.905986],[125.316399,43.905961],[125.316444,43.905904],[125.316546,43.905831],[125.316681,43.905788],[125.316817,43.905771],[125.316909,43.905771],[125.317103,43.905771],[125.317218,43.905827]]}},{"type":"Feature","properties":{"name":" "},"geometry":{"type":"LineString","coordinates":[[125.316399,43.905961],[125.316376,43.905882],[125.316345,43.905819],[125.316225,43.90564],[125.316379,43.905715],[125.316493,43.905735],[125.316626,43.90574],[125.316749,43.905737],[125.316841,43.905752],[125.316909,43.905771]]}},{"type":"Feature","properties":{"name":" "},"geometry":{"type":"LineString","coordinates":[[125.31502,43.909895],[125.312875,43.909921],[125.31157,43.909891],[125.311045,43.909868],[125.310553,43.909822]]}},{"type":"Feature","properties":{"name":"\u957f\u5229\u8def"},"geometry":{"type":"LineString","coordinates":[[125.343002,43.904804],[125.344118,43.904957],[125.345385,43.90513]]}},{"type":"Feature","properties":{"name":" "},"geometry":{"type":"LineString","coordinates":[[125.342981,43.904899],[125.343002,43.904804]]}},{"type":"Feature","properties":{"name":" "},"geometry":{"type":"LineString","coordinates":[[125.345438,43.905367],[125.343137,43.90505],[125.343065,43.905031],[125.343001,43.904989],[125.342981,43.904899]]}},{"type":"Feature","properties":{"name":"\u5317\u516b\u6761 N.8th Tiao"},"geometry":{"type":"LineString","coordinates":[[125.340706,43.911593],[125.34071,43.910463]]}},{"type":"Feature","properties":{"name":" "},"geometry":{"type":"LineString","coordinates":[[125.340701,43.911692],[125.343552,43.911706]]}},{"type":"Feature","properties":{"name":"\u94c1\u5317\u4e8c\u8def Tiebei 2nd Rd"},"geometry":{"type":"LineString","coordinates":[[125.323159,43.911433],[125.325722,43.911485],[125.328894,43.911513],[125.331804,43.911528],[125.33202,43.911522]]}},{"type":"Feature","properties":{"name":" "},"geometry":{"type":"LineString","coordinates":[[125.318115,43.911325],[125.318435,43.911362],[125.318682,43.911393],[125.319073,43.911434]]}},{"type":"Feature","properties":{"name":" "},"geometry":{"type":"LineString","coordinates":[[125.316445,43.911412],[125.316728,43.911382],[125.317274,43.911315]]}},{"type":"Feature","properties":{"name":" "},"geometry":{"type":"LineString","coordinates":[[125.353263,43.906111],[125.354247,43.905519]]}},{"type":"Feature","properties":{"name":" "},"geometry":{"type":"LineString","coordinates":[[125.355264,43.903575],[125.355114,43.90368],[125.354926,43.903746],[125.354718,43.903764],[125.354513,43.903734],[125.354332,43.903659],[125.354194,43.903546],[125.354113,43.903407],[125.354097,43.903257],[125.354153,43.903105],[125.354275,43.902975],[125.35445,43.902882],[125.354658,43.902836],[125.354876,43.902841],[125.355078,43.902899],[125.355243,43.903002],[125.355351,43.903138],[125.35539,43.903292],[125.355359,43.903441],[125.355264,43.903575]]}},{"type":"Feature","properties":{"name":" "},"geometry":{"type":"LineString","coordinates":[[125.353388,43.902323],[125.354275,43.902975]]}},{"type":"Feature","properties":{"name":" "},"geometry":{"type":"LineString","coordinates":[[125.354718,43.903764],[125.354813,43.903973],[125.354795,43.904182],[125.354626,43.904356],[125.354425,43.904443],[125.354216,43.904664],[125.354104,43.904928],[125.354136,43.905201],[125.354247,43.905519],[125.354541,43.905586],[125.354827,43.905528],[125.35505,43.905384]]}},{"type":"Feature","properties":{"name":" "},"geometry":{"type":"LineString","coordinates":[[125.354136,43.905201],[125.354381,43.905159],[125.35476,43.905271]]}},{"type":"Feature","properties":{"name":" "},"geometry":{"type":"LineString","coordinates":[[125.35451,43.903373],[125.354564,43.903103],[125.354804,43.903064],[125.354987,43.903141],[125.354978,43.903292],[125.354836,43.903398],[125.354729,43.90339],[125.35451,43.903373]]}},{"type":"Feature","properties":{"name":" "},"geometry":{"type":"LineString","coordinates":[[125.354564,43.903103],[125.354275,43.902975]]}},{"type":"Feature","properties":{"name":" "},"geometry":{"type":"LineString","coordinates":[[125.354987,43.903141],[125.355243,43.903002]]}},{"type":"Feature","properties":{"name":" "},"geometry":{"type":"LineString","coordinates":[[125.354729,43.90339],[125.355114,43.90368]]}},{"type":"Feature","properties":{"name":" "},"geometry":{"type":"LineString","coordinates":[[125.317938,43.906603],[125.317642,43.906601],[125.317347,43.906599],[125.31735,43.906369],[125.317351,43.906271],[125.317353,43.906033],[125.317459,43.906033],[125.317459,43.906067],[125.317503,43.906067],[125.3175,43.906272],[125.317499,43.90637],[125.317498,43.906472],[125.317644,43.906473],[125.317785,43.906473],[125.317786,43.906371],[125.317787,43.906273],[125.317789,43.906065],[125.31782,43.906065],[125.317821,43.906035],[125.317944,43.906036],[125.317941,43.906274],[125.31794,43.906371],[125.317938,43.906603]]}},{"type":"Feature","properties":{"name":" "},"geometry":{"type":"LineString","coordinates":[[125.31844,43.906278],[125.318395,43.906277],[125.317941,43.906274],[125.317787,43.906273],[125.3175,43.906272],[125.317351,43.906271],[125.316973,43.906272],[125.316928,43.906272]]}},{"type":"Feature","properties":{"name":" "},"geometry":{"type":"LineString","coordinates":[[125.317642,43.906601],[125.317644,43.906473],[125.317646,43.90637]]}},{"type":"Feature","properties":{"name":" "},"geometry":{"type":"LineString","coordinates":[[125.31735,43.906369],[125.317499,43.90637],[125.317646,43.90637],[125.317786,43.906371],[125.31794,43.906371]]}},{"type":"Feature","properties":{"name":" "},"geometry":{"type":"LineString","coordinates":[[125.319733,43.887326],[125.319729,43.88709]]}},{"type":"Feature","properties":{"name":"\u6c11\u5b89\u8def"},"geometry":{"type":"LineString","coordinates":[[125.3181,43.887314],[125.318224,43.887321],[125.319379,43.887325],[125.319733,43.887326],[125.320413,43.887328]]}},{"type":"Feature","properties":{"name":"\u6c11\u5b89\u8def"},"geometry":{"type":"LineString","coordinates":[[125.321513,43.887727],[125.320413,43.887328]]}},{"type":"Feature","properties":{"name":" "},"geometry":{"type":"LineString","coordinates":[[125.369848,43.898084],[125.370221,43.898007],[125.373564,43.898256],[125.378363,43.898523]]}},{"type":"Feature","properties":{"name":"\u60e0\u5de5\u8def"},"geometry":{"type":"LineString","coordinates":[[125.369848,43.898084],[125.369155,43.898017],[125.367067,43.897869],[125.366698,43.897841],[125.366415,43.897774],[125.366204,43.897672],[125.36494,43.896942],[125.364707,43.896814],[125.364493,43.896727],[125.364222,43.896665],[125.362562,43.896553],[125.361842,43.89647]]}},{"type":"Feature","properties":{"name":"\u7cbe\u660e\u80e1\u540c"},"geometry":{"type":"LineString","coordinates":[[125.326226,43.897314],[125.326504,43.896755]]}},{"type":"Feature","properties":{"name":" "},"geometry":{"type":"LineString","coordinates":[[125.359582,43.893474],[125.359679,43.893469],[125.361483,43.893554],[125.362245,43.8936],[125.362572,43.893771],[125.36254,43.894397],[125.362406,43.894478],[125.361526,43.894548],[125.361037,43.894548],[125.360871,43.894563],[125.359637,43.894536],[125.359551,43.894517],[125.359545,43.894362],[125.359583,43.893976]]}},{"type":"Feature","properties":{"name":" "},"geometry":{"type":"LineString","coordinates":[[125.368785,43.912497],[125.36897,43.912346],[125.369191,43.912057],[125.369283,43.911866],[125.369376,43.91156]]}},{"type":"Feature","properties":{"name":" "},"geometry":{"type":"LineString","coordinates":[[125.371764,43.914184],[125.370885,43.914447],[125.370408,43.914675]]}}]}