sun_altitude,sun_azimuth,shadow_length,building_height,building_distance,meets_standard,suggested_distance,building_name
22.631674051910824,182.51097869849073,28.78,12,15,False,31.66,4层住宅
22.631674051910824,182.51097869849073,43.17,18,20,False,47.49,6层住宅
22.631674051910824,182.51097869849073,64.76,27,25,False,71.24,9层住宅
22.631674051910824,182.51097869849073,86.35,36,30,False,94.98,12层住宅
22.631674051910824,182.51097869849073,129.52,54,40,False,142.48,18层住宅
